Campaign_ID,Company,Campaign_Type,Target_Audience,Duration,Channel_Used,Conversion_Rate,Acquisition_Cost,ROI,Location,Language,Clicks,Impressions,Engagement_Score,Customer_Segment,Date
5,NexGen Systems,Email,Men 25-34,15 days,YouTube,0.05,"$16,452.00",6.5,Los Angeles,Mandarin,379,4201,3,Health & Wellness,2021-01-05
7,NexGen Systems,Email,Women 35-44,60 days,Website,0.13,"$11,067.00",2.86,Los Angeles,Spanish,817,8749,10,Tech Enthusiasts,2021-01-07
13,TechCorp,Social Media,Men 25-34,60 days,Facebook,0.09,"$17,189.00",4.91,Chicago,Mandarin,677,8817,10,Tech Enthusiasts,2021-01-13
34,Alpha Innovations,Influencer,Women 25-34,45 days,Google Ads,0.14,"$15,082.00",2.71,Los Angeles,German,243,5724,4,Health & Wellness,2021-02-03
71,Alpha Innovations,Search,Men 25-34,30 days,Website,0.13,"$18,201.00",5.58,New York,German,202,6745,8,Tech Enthusiasts,2021-03-12
102,TechCorp,Search,Men 18-24,45 days,YouTube,0.09,"$9,941.00",4.54,Chicago,English,207,8334,4,Tech Enthusiasts,2021-04-12
106,Innovate Industries,Social Media,Women 25-34,30 days,Email,0.09,"$7,541.00",3.35,Chicago,Spanish,560,3439,7,Fashionistas,2021-04-16
129,Alpha Innovations,Email,Men 18-24,45 days,Instagram,0.06,"$10,639.00",4.32,New York,Spanish,166,5735,10,Health & Wellness,2021-05-09
239,Innovate Industries,Social Media,Women 25-34,60 days,Email,0.08,"$18,074.00",5.99,Chicago,German,587,4909,5,Outdoor Adventurers,2021-08-27
286,TechCorp,Email,Women 35-44,45 days,YouTube,0.06,"$11,813.00",6.03,Miami,German,441,6520,6,Fashionistas,2021-10-13
322,DataTech Solutions,Display,Women 25-34,30 days,Email,0.02,"$5,720.00",3.2,Chicago,English,568,5613,6,Foodies,2021-11-18
550,NexGen Systems,Email,Women 35-44,15 days,Website,0.05,"$5,279.00",7.26,Los Angeles,English,973,1947,2,Outdoor Adventurers,2021-07-04
574,TechCorp,Social Media,Women 35-44,30 days,Email,0.04,"$12,024.00",7.03,Miami,English,971,7660,3,Health & Wellness,2021-07-28
612,Alpha Innovations,Email,Men 18-24,15 days,Website,0.11,"$10,653.00",3.95,Miami,Spanish,670,2367,2,Fashionistas,2021-09-04
719,NexGen Systems,Social Media,Men 25-34,30 days,Instagram,0.14,"$7,184.00",2.42,Chicago,French,525,7470,8,Fashionistas,2021-12-20
796,NexGen Systems,Display,All Ages,30 days,Facebook,0.13,"$8,079.00",6.95,Miami,Spanish,912,5938,7,Tech Enthusiasts,2021-03-07
810,TechCorp,Influencer,Men 25-34,60 days,Facebook,0.05,"$13,552.00",7.52,Chicago,Mandarin,141,5741,4,Health & Wellness,2021-03-21
937,Innovate Industries,Search,Men 18-24,45 days,Google Ads,0.15,"$18,187.00",7.57,Los Angeles,Spanish,240,7918,2,Foodies,2021-07-26
948,Alpha Innovations,Search,Women 25-34,15 days,Instagram,0.06,"$7,000.00",5.9,Miami,German,868,8308,7,Fashionistas,2021-08-06
950,NexGen Systems,Social Media,Men 25-34,45 days,Email,0.05,"$9,139.00",2.13,Miami,German,193,8708,1,Fashionistas,2021-08-08
1018,TechCorp,Display,Men 18-24,60 days,Facebook,0.03,"$14,418.00",3.64,New York,Mandarin,234,5821,2,Fashionistas,2021-10-15
1028,TechCorp,Display,Men 18-24,45 days,YouTube,0.07,"$10,731.00",7.32,Chicago,English,857,2466,10,Outdoor Adventurers,2021-10-25
1037,NexGen Systems,Display,Men 18-24,30 days,Email,0.06,"$15,339.00",4.61,Los Angeles,Mandarin,998,8871,4,Health & Wellness,2021-11-03
1041,TechCorp,Search,Women 25-34,45 days,Facebook,0.04,"$19,324.00",7.98,Houston,French,886,2683,7,Outdoor Adventurers,2021-11-07
1046,DataTech Solutions,Influencer,Women 35-44,30 days,Google Ads,0.13,"$5,661.00",3.42,Los Angeles,Mandarin,913,6158,1,Foodies,2021-11-12
1060,Innovate Industries,Email,Men 25-34,30 days,Facebook,0.07,"$18,797.00",4.23,Miami,French,326,7544,2,Health & Wellness,2021-11-26
1070,Alpha Innovations,Email,Women 35-44,60 days,Email,0.14,"$15,534.00",3.85,Miami,English,405,8649,2,Tech Enthusiasts,2021-12-06
1071,DataTech Solutions,Social Media,Men 25-34,60 days,Website,0.11,"$7,980.00",7.49,Miami,English,754,5957,1,Health & Wellness,2021-12-07
1102,Alpha Innovations,Search,Men 25-34,60 days,Website,0.05,"$19,242.00",3.42,Chicago,Spanish,721,3441,4,Tech Enthusiasts,2021-01-07
1157,Innovate Industries,Display,Women 25-34,15 days,Google Ads,0.01,"$6,939.00",5.87,New York,German,868,9416,8,Foodies,2021-03-03
1225,Alpha Innovations,Email,Women 35-44,45 days,Instagram,0.1,"$10,539.00",3.27,Houston,Spanish,908,2673,2,Tech Enthusiasts,2021-05-10
1345,Innovate Industries,Influencer,Women 25-34,45 days,Facebook,0.14,"$8,670.00",5.14,Chicago,French,538,2979,4,Fashionistas,2021-09-07
1399,NexGen Systems,Search,All Ages,60 days,Google Ads,0.04,"$10,336.00",2.98,Houston,German,561,3756,5,Fashionistas,2021-10-31
1417,DataTech Solutions,Search,Women 25-34,30 days,Facebook,0.04,"$10,426.00",7.48,Houston,German,428,4413,10,Tech Enthusiasts,2021-11-18
1418,NexGen Systems,Email,Women 35-44,30 days,Email,0.05,"$14,363.00",6.68,New York,German,797,4606,10,Outdoor Adventurers,2021-11-19
1458,DataTech Solutions,Display,Women 35-44,60 days,Instagram,0.12,"$15,289.00",6.04,Miami,English,715,5090,1,Tech Enthusiasts,2021-12-29
1473,Innovate Industries,Social Media,Women 25-34,60 days,Email,0.01,"$7,215.00",7.32,Miami,English,616,9826,1,Tech Enthusiasts,2021-01-13
1551,TechCorp,Display,Women 25-34,60 days,Facebook,0.01,"$6,311.00",6.34,Miami,English,169,5535,9,Outdoor Adventurers,2021-04-01
1573,DataTech Solutions,Influencer,All Ages,15 days,Facebook,0.13,"$12,918.00",2.13,Chicago,German,690,6400,5,Health & Wellness,2021-04-23
1576,NexGen Systems,Display,Women 25-34,45 days,YouTube,0.07,"$12,511.00",3.99,New York,English,139,7845,10,Foodies,2021-04-26
1577,Alpha Innovations,Influencer,Men 18-24,60 days,YouTube,0.11,"$5,757.00",3.58,Chicago,English,883,9726,1,Outdoor Adventurers,2021-04-27
1649,Innovate Industries,Display,Men 25-34,30 days,YouTube,0.04,"$19,072.00",4.71,New York,Mandarin,768,7851,5,Health & Wellness,2021-07-08
1688,Alpha Innovations,Email,Men 25-34,30 days,Instagram,0.11,"$9,951.00",5.46,New York,Spanish,359,5375,5,Outdoor Adventurers,2021-08-16
1742,DataTech Solutions,Search,All Ages,45 days,Google Ads,0.11,"$14,226.00",6.91,Los Angeles,French,283,8984,7,Health & Wellness,2021-10-09
1791,Alpha Innovations,Search,Women 35-44,15 days,YouTube,0.05,"$15,501.00",7.01,Houston,English,285,9223,2,Fashionistas,2021-11-27
1854,DataTech Solutions,Social Media,Women 35-44,45 days,Email,0.14,"$5,482.00",7.78,Los Angeles,Mandarin,418,8584,7,Tech Enthusiasts,2021-01-29
1902,NexGen Systems,Display,Women 35-44,60 days,Website,0.12,"$12,437.00",7.47,Los Angeles,German,157,9335,2,Tech Enthusiasts,2021-03-18
1934,TechCorp,Influencer,Men 25-34,30 days,Email,0.13,"$18,792.00",7.96,Miami,Spanish,285,1214,7,Foodies,2021-04-19
1966,TechCorp,Display,All Ages,60 days,Facebook,0.04,"$17,873.00",4.95,Los Angeles,Mandarin,754,3624,4,Tech Enthusiasts,2021-05-21
1977,DataTech Solutions,Social Media,Women 35-44,15 days,YouTube,0.07,"$9,998.00",4.5,Miami,French,807,8839,3,Fashionistas,2021-06-01
2000,NexGen Systems,Search,All Ages,30 days,Website,0.06,"$9,122.00",4.61,New York,German,830,3743,6,Outdoor Adventurers,2021-06-24
2003,DataTech Solutions,Search,All Ages,30 days,YouTube,0.13,"$17,916.00",6.04,New York,German,797,9976,2,Fashionistas,2021-06-27
2041,TechCorp,Search,Women 35-44,45 days,Website,0.07,"$15,095.00",6.76,Chicago,French,425,5051,1,Tech Enthusiasts,2021-08-04
2114,Innovate Industries,Influencer,All Ages,30 days,Website,0.09,"$17,575.00",4.14,New York,Mandarin,305,2454,2,Outdoor Adventurers,2021-10-16
2153,NexGen Systems,Search,Women 35-44,30 days,Instagram,0.11,"$8,265.00",3.41,Los Angeles,Spanish,752,8553,7,Tech Enthusiasts,2021-11-24
2265,Alpha Innovations,Search,Men 18-24,15 days,Email,0.14,"$17,422.00",5.18,Miami,Mandarin,538,2472,10,Foodies,2021-03-16
2332,DataTech Solutions,Influencer,All Ages,60 days,Facebook,0.02,"$15,554.00",6.71,Los Angeles,Spanish,232,7129,10,Foodies,2021-05-22
2347,NexGen Systems,Influencer,Men 18-24,45 days,Website,0.02,"$17,991.00",6.95,New York,Mandarin,128,7169,6,Health & Wellness,2021-06-06
2376,Innovate Industries,Influencer,Women 25-34,15 days,Facebook,0.07,"$6,810.00",5.45,Chicago,French,882,7948,9,Outdoor Adventurers,2021-07-05
2380,Innovate Industries,Social Media,Women 25-34,15 days,Website,0.14,"$5,623.00",3.72,New York,French,541,3475,6,Fashionistas,2021-07-09
2430,Alpha Innovations,Email,Women 35-44,60 days,Google Ads,0.14,"$18,513.00",4.62,Chicago,Spanish,788,4863,4,Fashionistas,2021-08-28
2450,TechCorp,Display,Men 18-24,30 days,Google Ads,0.06,"$17,863.00",2.66,Chicago,Spanish,928,8767,7,Outdoor Adventurers,2021-09-17
2505,DataTech Solutions,Social Media,Women 35-44,60 days,Website,0.04,"$12,559.00",6.84,Los Angeles,Mandarin,877,8529,9,Health & Wellness,2021-11-11
2539,DataTech Solutions,Social Media,Men 25-34,45 days,Facebook,0.07,"$16,461.00",5.86,Los Angeles,English,493,7571,7,Outdoor Adventurers,2021-12-15
2541,TechCorp,Social Media,Women 25-34,60 days,YouTube,0.11,"$8,070.00",2.59,New York,French,874,2464,6,Foodies,2021-12-17
2589,Innovate Industries,Email,Women 35-44,45 days,Instagram,0.13,"$14,242.00",2.1,Miami,French,177,6454,9,Health & Wellness,2021-02-03
2628,DataTech Solutions,Email,Men 25-34,45 days,Facebook,0.09,"$16,271.00",7.75,Houston,French,525,7428,10,Fashionistas,2021-03-14
2634,DataTech Solutions,Display,All Ages,60 days,Facebook,0.11,"$13,644.00",5.61,Chicago,English,558,9654,9,Outdoor Adventurers,2021-03-20
2676,Innovate Industries,Email,Men 18-24,30 days,Google Ads,0.02,"$19,121.00",2.28,Chicago,Mandarin,936,3392,9,Outdoor Adventurers,2021-05-01
2714,NexGen Systems,Influencer,Men 18-24,60 days,Facebook,0.05,"$8,045.00",6.54,Chicago,French,744,3982,3,Foodies,2021-06-08
2719,TechCorp,Influencer,Women 25-34,60 days,Website,0.01,"$16,703.00",7.82,Houston,Mandarin,233,6593,7,Health & Wellness,2021-06-13
2725,NexGen Systems,Social Media,Women 25-34,30 days,Facebook,0.07,"$19,828.00",5.31,New York,Spanish,263,8563,6,Fashionistas,2021-06-19
2742,Innovate Industries,Influencer,All Ages,15 days,Email,0.06,"$5,347.00",3.29,Chicago,Mandarin,161,3472,10,Tech Enthusiasts,2021-07-06
2768,TechCorp,Email,Women 25-34,15 days,Website,0.02,"$16,538.00",3.86,Miami,English,170,2793,3,Fashionistas,2021-08-01
2816,TechCorp,Influencer,Women 35-44,60 days,Facebook,0.11,"$13,218.00",3.37,Miami,German,136,7795,8,Foodies,2021-09-18
2847,Innovate Industries,Display,Women 35-44,30 days,Instagram,0.03,"$19,573.00",3.1,New York,Mandarin,689,3648,5,Fashionistas,2021-10-19
2864,TechCorp,Social Media,Men 25-34,15 days,Instagram,0.02,"$12,227.00",7.47,Miami,Spanish,199,3263,6,Outdoor Adventurers,2021-11-05
2866,NexGen Systems,Influencer,Women 35-44,60 days,Email,0.06,"$17,667.00",3.45,Los Angeles,Mandarin,544,7065,1,Tech Enthusiasts,2021-11-07
2957,Innovate Industries,Display,Men 25-34,15 days,Website,0.09,"$6,285.00",5.55,Miami,English,884,1549,2,Tech Enthusiasts,2021-02-06
3002,NexGen Systems,Influencer,Women 35-44,45 days,Website,0.13,"$12,265.00",7.69,Chicago,Mandarin,478,5931,8,Outdoor Adventurers,2021-03-23
3017,NexGen Systems,Influencer,Women 35-44,30 days,Email,0.05,"$7,389.00",4.98,Chicago,French,409,1309,9,Outdoor Adventurers,2021-04-07
3058,DataTech Solutions,Social Media,Men 25-34,15 days,Instagram,0.06,"$16,133.00",6.7,Miami,English,833,4290,3,Foodies,2021-05-18
3064,Alpha Innovations,Influencer,All Ages,45 days,Facebook,0.14,"$7,099.00",4.0,Houston,French,260,4157,2,Outdoor Adventurers,2021-05-24
3073,TechCorp,Display,Men 25-34,15 days,Email,0.03,"$15,567.00",3.67,Los Angeles,French,368,4747,6,Fashionistas,2021-06-02
3162,Innovate Industries,Influencer,All Ages,15 days,Email,0.13,"$19,449.00",2.52,New York,Mandarin,243,5638,10,Outdoor Adventurers,2021-08-30
3212,DataTech Solutions,Search,Women 35-44,60 days,Instagram,0.12,"$17,965.00",2.55,New York,Mandarin,256,8403,4,Health & Wellness,2021-10-19
3228,Innovate Industries,Influencer,All Ages,60 days,Website,0.03,"$7,021.00",3.23,New York,German,309,8988,7,Tech Enthusiasts,2021-11-04
3236,Innovate Industries,Social Media,All Ages,45 days,Website,0.13,"$16,789.00",6.92,Los Angeles,English,951,2718,4,Fashionistas,2021-11-12
3243,Innovate Industries,Social Media,Women 25-34,45 days,Website,0.1,"$11,189.00",2.8,Chicago,Spanish,182,7881,6,Outdoor Adventurers,2021-11-19
3289,Alpha Innovations,Display,All Ages,15 days,YouTube,0.07,"$12,899.00",6.29,Los Angeles,German,133,9885,8,Health & Wellness,2021-01-04
3300,TechCorp,Search,Men 18-24,30 days,Email,0.1,"$18,526.00",3.33,Los Angeles,French,570,7929,3,Outdoor Adventurers,2021-01-15
3366,Innovate Industries,Influencer,All Ages,45 days,Google Ads,0.04,"$10,474.00",5.46,Los Angeles,English,713,9379,7,Foodies,2021-03-22
3383,TechCorp,Influencer,Men 25-34,15 days,Website,0.12,"$12,684.00",3.37,New York,German,817,5743,10,Foodies,2021-04-08
3427,NexGen Systems,Social Media,Women 25-34,15 days,Facebook,0.03,"$19,304.00",7.67,Houston,German,230,6281,7,Health & Wellness,2021-05-22
3449,Innovate Industries,Display,Men 18-24,30 days,YouTube,0.14,"$7,573.00",5.54,Chicago,English,777,2699,3,Foodies,2021-06-13
3452,TechCorp,Social Media,Men 25-34,45 days,Email,0.04,"$19,798.00",2.53,Houston,Mandarin,633,8068,1,Outdoor Adventurers,2021-06-16
3464,Alpha Innovations,Social Media,Men 25-34,30 days,Google Ads,0.05,"$12,346.00",3.99,Houston,English,768,1518,5,Tech Enthusiasts,2021-06-28
3508,Alpha Innovations,Social Media,All Ages,15 days,Website,0.07,"$7,972.00",7.71,Los Angeles,German,896,7942,1,Health & Wellness,2021-08-11
3631,DataTech Solutions,Search,Women 25-34,30 days,YouTube,0.11,"$15,776.00",3.59,New York,Mandarin,152,6015,9,Fashionistas,2021-12-12
3659,Alpha Innovations,Email,All Ages,30 days,Website,0.08,"$14,773.00",2.66,Miami,Spanish,845,5530,9,Health & Wellness,2021-01-09
3677,Alpha Innovations,Email,All Ages,30 days,YouTube,0.06,"$10,998.00",3.38,New York,Mandarin,460,4327,9,Outdoor Adventurers,2021-01-27
3696,TechCorp,Display,Women 35-44,30 days,Google Ads,0.07,"$8,693.00",6.57,Houston,German,429,7581,2,Tech Enthusiasts,2021-02-15
3746,TechCorp,Influencer,Women 35-44,45 days,Instagram,0.15,"$8,685.00",6.74,New York,Mandarin,683,5134,7,Foodies,2021-04-06
3798,Alpha Innovations,Search,Women 35-44,60 days,Website,0.12,"$6,722.00",3.37,Los Angeles,French,522,3102,2,Tech Enthusiasts,2021-05-28
3886,DataTech Solutions,Social Media,Women 35-44,60 days,Google Ads,0.01,"$9,297.00",7.66,Los Angeles,French,910,6860,4,Outdoor Adventurers,2021-08-24
3888,Alpha Innovations,Display,Men 25-34,45 days,YouTube,0.11,"$16,254.00",7.5,Houston,Mandarin,940,9159,10,Tech Enthusiasts,2021-08-26
3897,DataTech Solutions,Display,Men 25-34,15 days,Google Ads,0.05,"$12,298.00",3.62,Miami,French,152,1450,4,Tech Enthusiasts,2021-09-04
3902,NexGen Systems,Email,Women 25-34,30 days,YouTube,0.08,"$13,457.00",3.56,Los Angeles,German,397,9801,8,Outdoor Adventurers,2021-09-09
3914,Alpha Innovations,Social Media,Women 35-44,15 days,Website,0.06,"$13,397.00",4.9,Miami,French,175,5156,6,Tech Enthusiasts,2021-09-21
3955,DataTech Solutions,Display,Women 25-34,60 days,Facebook,0.11,"$15,581.00",2.81,Miami,French,481,1290,6,Health & Wellness,2021-11-01
3983,NexGen Systems,Display,Women 25-34,60 days,Website,0.08,"$16,980.00",6.87,Houston,German,180,1440,1,Foodies,2021-11-29
3998,Innovate Industries,Social Media,All Ages,45 days,YouTube,0.04,"$11,840.00",4.29,Houston,French,180,8456,8,Tech Enthusiasts,2021-12-14
4033,Alpha Innovations,Display,All Ages,45 days,Google Ads,0.12,"$15,459.00",7.76,New York,German,140,9739,1,Foodies,2021-01-18
4051,Innovate Industries,Display,All Ages,60 days,Email,0.02,"$14,455.00",7.88,Chicago,Spanish,995,9666,9,Tech Enthusiasts,2021-02-05
4083,TechCorp,Social Media,Women 25-34,60 days,Facebook,0.15,"$15,909.00",4.23,New York,Spanish,266,6822,1,Fashionistas,2021-03-09
4190,NexGen Systems,Search,Men 18-24,60 days,Facebook,0.05,"$19,452.00",4.48,Miami,English,445,3133,2,Foodies,2021-06-24
4191,NexGen Systems,Display,Women 35-44,60 days,Website,0.06,"$6,740.00",2.89,New York,English,593,4152,4,Fashionistas,2021-06-25
4233,DataTech Solutions,Search,Women 35-44,45 days,Email,0.09,"$6,953.00",6.61,New York,English,829,5177,10,Outdoor Adventurers,2021-08-06
4271,TechCorp,Social Media,Women 35-44,45 days,Instagram,0.04,"$10,604.00",7.7,Los Angeles,Spanish,806,1750,7,Outdoor Adventurers,2021-09-13
4404,NexGen Systems,Influencer,All Ages,15 days,Google Ads,0.06,"$12,481.00",7.9,Houston,Spanish,392,1211,6,Fashionistas,2021-01-24
4561,NexGen Systems,Influencer,Men 18-24,15 days,YouTube,0.03,"$17,384.00",2.39,Miami,Mandarin,626,2748,6,Health & Wellness,2021-06-30
4569,TechCorp,Social Media,Women 25-34,60 days,Email,0.09,"$18,094.00",4.87,New York,French,834,3655,8,Fashionistas,2021-07-08
4605,Alpha Innovations,Display,Women 35-44,45 days,YouTube,0.04,"$15,722.00",7.05,Miami,French,724,6004,9,Tech Enthusiasts,2021-08-13
4607,TechCorp,Email,All Ages,15 days,Facebook,0.11,"$18,750.00",3.79,Los Angeles,German,150,3631,2,Outdoor Adventurers,2021-08-15
4614,Innovate Industries,Influencer,All Ages,60 days,Website,0.02,"$9,405.00",7.73,New York,French,511,2028,5,Tech Enthusiasts,2021-08-22
4623,DataTech Solutions,Social Media,Men 25-34,45 days,Email,0.04,"$14,217.00",5.63,Miami,French,246,1769,9,Outdoor Adventurers,2021-08-31
4735,Innovate Industries,Display,All Ages,45 days,Facebook,0.08,"$9,410.00",5.77,Miami,Mandarin,179,5819,1,Outdoor Adventurers,2021-12-21
4753,Innovate Industries,Email,Men 18-24,30 days,Instagram,0.04,"$11,701.00",2.27,Los Angeles,French,344,8814,5,Fashionistas,2021-01-08
4856,Alpha Innovations,Email,Men 18-24,15 days,Facebook,0.05,"$7,077.00",6.38,Miami,Spanish,307,2460,4,Tech Enthusiasts,2021-04-21
4860,TechCorp,Display,Men 25-34,30 days,YouTube,0.1,"$16,304.00",7.95,Miami,Mandarin,461,3184,2,Tech Enthusiasts,2021-04-25
4905,TechCorp,Display,Men 18-24,15 days,Website,0.1,"$14,312.00",3.83,Chicago,English,891,6628,6,Tech Enthusiasts,2021-06-09
4912,Innovate Industries,Social Media,All Ages,45 days,Google Ads,0.11,"$5,002.00",4.7,Chicago,Spanish,570,8222,9,Foodies,2021-06-16
4980,NexGen Systems,Search,Men 18-24,15 days,Facebook,0.11,"$15,088.00",5.43,Los Angeles,Mandarin,903,4499,1,Fashionistas,2021-08-23
5023,Innovate Industries,Search,Women 25-34,60 days,Google Ads,0.04,"$12,323.00",6.41,Houston,Spanish,579,7544,10,Outdoor Adventurers,2021-10-05
5029,DataTech Solutions,Influencer,Men 25-34,45 days,Instagram,0.08,"$19,644.00",4.8,Houston,Spanish,549,6802,9,Foodies,2021-10-11
5048,NexGen Systems,Influencer,Men 18-24,30 days,Instagram,0.1,"$19,668.00",6.84,Los Angeles,French,915,2177,4,Fashionistas,2021-10-30
5116,NexGen Systems,Search,Men 18-24,30 days,Website,0.04,"$18,114.00",4.26,Los Angeles,English,986,2650,5,Tech Enthusiasts,2021-01-06
5132,NexGen Systems,Influencer,Men 25-34,30 days,Website,0.15,"$18,406.00",2.99,Houston,English,558,7031,1,Tech Enthusiasts,2021-01-22
5255,DataTech Solutions,Display,All Ages,15 days,Instagram,0.08,"$19,080.00",7.13,Houston,German,434,3733,5,Health & Wellness,2021-05-25
5395,TechCorp,Email,Men 25-34,60 days,Instagram,0.06,"$5,235.00",3.04,Los Angeles,German,689,4466,5,Tech Enthusiasts,2021-10-12
5527,Innovate Industries,Influencer,All Ages,45 days,Google Ads,0.1,"$11,137.00",2.96,Houston,German,708,2785,1,Health & Wellness,2021-02-21
5589,NexGen Systems,Social Media,All Ages,30 days,Google Ads,0.11,"$14,064.00",3.45,Chicago,Mandarin,982,6966,5,Fashionistas,2021-04-24
5628,NexGen Systems,Search,All Ages,30 days,Instagram,0.14,"$18,947.00",4.55,Los Angeles,German,854,8206,5,Foodies,2021-06-02
5638,DataTech Solutions,Email,All Ages,60 days,Instagram,0.13,"$7,321.00",6.66,Chicago,Spanish,861,5813,5,Tech Enthusiasts,2021-06-12
5738,TechCorp,Search,Men 18-24,30 days,Email,0.07,"$17,620.00",4.62,Chicago,English,788,9236,4,Outdoor Adventurers,2021-09-20
5759,DataTech Solutions,Email,All Ages,30 days,Website,0.13,"$8,845.00",2.52,Los Angeles,English,391,6773,6,Health & Wellness,2021-10-11
5819,DataTech Solutions,Search,Women 25-34,45 days,Google Ads,0.01,"$8,744.00",4.15,New York,French,633,7367,5,Health & Wellness,2021-12-10
5858,Alpha Innovations,Social Media,Men 18-24,15 days,YouTube,0.12,"$18,033.00",6.61,Chicago,German,694,9495,2,Health & Wellness,2021-01-18
5867,NexGen Systems,Search,Women 25-34,30 days,YouTube,0.02,"$11,488.00",4.78,Los Angeles,Spanish,805,7105,7,Outdoor Adventurers,2021-01-27
5872,NexGen Systems,Social Media,All Ages,60 days,Website,0.06,"$14,615.00",3.82,Los Angeles,English,292,8400,4,Tech Enthusiasts,2021-02-01
5961,NexGen Systems,Display,Women 25-34,15 days,Email,0.1,"$18,226.00",6.16,Houston,German,170,9985,8,Health & Wellness,2021-05-01
5981,DataTech Solutions,Display,Women 35-44,60 days,Google Ads,0.15,"$12,273.00",5.07,Houston,German,448,3323,6,Foodies,2021-05-21
5990,NexGen Systems,Email,Men 18-24,15 days,Google Ads,0.07,"$8,128.00",5.01,New York,French,811,8911,5,Tech Enthusiasts,2021-05-30
5992,NexGen Systems,Social Media,All Ages,30 days,Facebook,0.04,"$10,609.00",4.65,Houston,French,275,6990,1,Tech Enthusiasts,2021-06-01
6030,Alpha Innovations,Display,Women 25-34,45 days,YouTube,0.13,"$5,438.00",4.52,Chicago,Mandarin,806,5346,4,Fashionistas,2021-07-09
6055,TechCorp,Display,Men 18-24,15 days,Website,0.08,"$14,786.00",5.25,Chicago,German,892,3655,7,Tech Enthusiasts,2021-08-03
6059,NexGen Systems,Display,Men 18-24,15 days,Instagram,0.09,"$10,789.00",2.35,Houston,Spanish,731,9713,4,Tech Enthusiasts,2021-08-07
6102,NexGen Systems,Social Media,Women 35-44,60 days,YouTube,0.12,"$19,776.00",7.61,New York,French,822,7340,4,Foodies,2021-09-19
6214,NexGen Systems,Influencer,Men 18-24,15 days,Instagram,0.03,"$16,292.00",2.57,New York,English,766,7749,9,Tech Enthusiasts,2021-01-09
6313,TechCorp,Display,Men 18-24,45 days,Facebook,0.12,"$12,790.00",2.24,Chicago,Spanish,842,3536,7,Tech Enthusiasts,2021-04-18
6333,TechCorp,Social Media,Women 35-44,15 days,Website,0.15,"$13,700.00",3.24,Miami,Mandarin,770,6587,9,Foodies,2021-05-08
6371,Alpha Innovations,Influencer,Women 35-44,45 days,Google Ads,0.08,"$6,461.00",2.72,New York,French,179,2397,2,Foodies,2021-06-15
6394,Innovate Industries,Display,All Ages,15 days,Email,0.09,"$19,506.00",7.53,Chicago,German,875,2078,9,Tech Enthusiasts,2021-07-08
6470,Alpha Innovations,Display,All Ages,45 days,Website,0.1,"$6,540.00",2.21,Chicago,Spanish,914,2808,4,Foodies,2021-09-22
6529,NexGen Systems,Social Media,Men 18-24,15 days,Facebook,0.12,"$7,408.00",7.4,Miami,English,267,8712,9,Fashionistas,2021-11-20
6538,NexGen Systems,Influencer,All Ages,15 days,Email,0.04,"$10,466.00",4.63,Chicago,Spanish,950,4176,5,Health & Wellness,2021-11-29
6541,DataTech Solutions,Search,Women 25-34,15 days,Website,0.04,"$11,620.00",4.63,New York,Mandarin,669,6619,10,Outdoor Adventurers,2021-12-02
6604,Alpha Innovations,Search,Men 18-24,15 days,Instagram,0.13,"$10,956.00",2.96,Los Angeles,Mandarin,238,3121,10,Tech Enthusiasts,2021-02-03
6663,NexGen Systems,Social Media,Women 25-34,45 days,Email,0.11,"$10,359.00",7.92,Chicago,Mandarin,633,9858,8,Fashionistas,2021-04-03
6683,Innovate Industries,Search,Men 25-34,30 days,Google Ads,0.04,"$17,350.00",2.35,Los Angeles,English,303,3668,3,Outdoor Adventurers,2021-04-23
6685,NexGen Systems,Display,Men 18-24,60 days,Instagram,0.1,"$19,282.00",7.05,Miami,French,947,5971,2,Foodies,2021-04-25
6706,TechCorp,Influencer,Women 25-34,45 days,Instagram,0.05,"$7,030.00",5.15,New York,Mandarin,550,8253,8,Foodies,2021-05-16
6981,Innovate Industries,Influencer,Men 25-34,30 days,Website,0.13,"$12,758.00",3.1,New York,Mandarin,192,4470,5,Foodies,2021-02-15
6997,Alpha Innovations,Influencer,Men 25-34,60 days,Email,0.08,"$7,537.00",7.15,Chicago,French,860,7087,4,Tech Enthusiasts,2021-03-03
7055,TechCorp,Search,Women 35-44,30 days,YouTube,0.11,"$10,867.00",6.37,Los Angeles,English,366,4165,5,Foodies,2021-04-30
7181,TechCorp,Email,Women 25-34,15 days,Facebook,0.05,"$6,844.00",5.28,Miami,Mandarin,567,1203,6,Outdoor Adventurers,2021-09-03
7261,TechCorp,Influencer,All Ages,60 days,Website,0.06,"$8,885.00",4.08,New York,Spanish,730,9095,7,Health & Wellness,2021-11-22
7298,Innovate Industries,Display,Women 25-34,30 days,Facebook,0.06,"$12,393.00",2.91,Miami,Mandarin,806,8853,5,Outdoor Adventurers,2021-12-29
7324,Innovate Industries,Email,Men 25-34,60 days,Website,0.02,"$10,999.00",5.18,Miami,French,171,9802,3,Foodies,2021-01-24
7330,Alpha Innovations,Search,Women 35-44,15 days,YouTube,0.07,"$5,421.00",2.49,Houston,German,780,9589,9,Health & Wellness,2021-01-30
7349,Alpha Innovations,Display,Men 18-24,30 days,Website,0.15,"$17,040.00",4.97,Los Angeles,Spanish,177,6994,1,Foodies,2021-02-18
7487,TechCorp,Search,Women 25-34,45 days,Google Ads,0.05,"$18,802.00",6.65,New York,Spanish,343,2176,8,Foodies,2021-07-06
7525,TechCorp,Display,Women 35-44,60 days,Email,0.09,"$18,647.00",2.25,Chicago,French,834,1891,10,Fashionistas,2021-08-13
7601,Innovate Industries,Email,Men 25-34,30 days,Facebook,0.03,"$16,137.00",5.43,Chicago,English,234,9674,7,Health & Wellness,2021-10-28
7649,Alpha Innovations,Display,All Ages,45 days,Website,0.02,"$11,675.00",2.94,Los Angeles,English,548,6220,7,Tech Enthusiasts,2021-12-15
7699,Alpha Innovations,Social Media,Women 35-44,60 days,Instagram,0.1,"$14,066.00",5.23,Los Angeles,English,976,1580,3,Health & Wellness,2021-02-03
7715,Innovate Industries,Email,All Ages,45 days,Email,0.09,"$11,266.00",7.09,New York,Spanish,328,9148,6,Outdoor Adventurers,2021-02-19
7719,DataTech Solutions,Search,Women 25-34,30 days,Website,0.07,"$16,912.00",6.9,Miami,Mandarin,128,7451,10,Fashionistas,2021-02-23
7723,NexGen Systems,Email,All Ages,15 days,Email,0.14,"$17,318.00",5.26,Chicago,Mandarin,735,6930,5,Tech Enthusiasts,2021-02-27
7782,Alpha Innovations,Social Media,Men 18-24,45 days,Email,0.08,"$19,636.00",2.42,Miami,Spanish,673,5598,5,Health & Wellness,2021-04-27
7802,NexGen Systems,Social Media,Women 25-34,45 days,Website,0.07,"$19,107.00",7.01,Los Angeles,Spanish,132,3237,1,Foodies,2021-05-17
7816,NexGen Systems,Email,Men 18-24,60 days,Instagram,0.09,"$7,489.00",4.89,New York,German,635,9115,4,Outdoor Adventurers,2021-05-31
7817,DataTech Solutions,Influencer,Women 25-34,45 days,Instagram,0.03,"$6,574.00",3.51,Los Angeles,Mandarin,967,3205,8,Outdoor Adventurers,2021-06-01
7885,Alpha Innovations,Social Media,Women 25-34,15 days,Instagram,0.14,"$6,734.00",3.89,Chicago,French,625,1801,2,Health & Wellness,2021-08-08
7911,TechCorp,Search,Women 35-44,15 days,Website,0.14,"$5,637.00",6.06,New York,French,459,2308,3,Health & Wellness,2021-09-03
8011,NexGen Systems,Display,Women 25-34,45 days,Facebook,0.12,"$10,187.00",2.27,Los Angeles,Spanish,730,4593,6,Foodies,2021-12-12
8020,TechCorp,Influencer,Women 35-44,45 days,Instagram,0.07,"$12,734.00",5.31,Los Angeles,English,512,5735,7,Tech Enthusiasts,2021-12-21
8053,DataTech Solutions,Display,Women 35-44,15 days,Email,0.12,"$14,720.00",7.77,Houston,Mandarin,646,3979,9,Tech Enthusiasts,2021-01-23
8106,NexGen Systems,Influencer,Women 35-44,45 days,Email,0.03,"$7,293.00",2.4,Los Angeles,English,691,4743,4,Fashionistas,2021-03-17
8114,Innovate Industries,Search,All Ages,60 days,YouTube,0.05,"$11,367.00",2.43,Los Angeles,Spanish,388,6895,10,Tech Enthusiasts,2021-03-25
8170,NexGen Systems,Influencer,Men 25-34,45 days,Instagram,0.08,"$13,189.00",5.06,Chicago,German,532,6382,10,Health & Wellness,2021-05-20
8198,NexGen Systems,Display,Men 18-24,30 days,Website,0.09,"$12,834.00",3.16,Chicago,German,501,4773,6,Tech Enthusiasts,2021-06-17
8209,DataTech Solutions,Social Media,Women 25-34,45 days,Google Ads,0.14,"$7,305.00",6.4,Miami,Spanish,233,8598,2,Fashionistas,2021-06-28
8263,DataTech Solutions,Display,Women 35-44,30 days,Website,0.13,"$5,505.00",3.96,Los Angeles,Mandarin,545,7980,3,Foodies,2021-08-21
8278,TechCorp,Influencer,Women 35-44,15 days,Email,0.03,"$14,209.00",3.68,Chicago,Spanish,750,5858,1,Fashionistas,2021-09-05
8296,Alpha Innovations,Search,Women 35-44,45 days,Google Ads,0.06,"$6,688.00",5.29,Houston,English,323,5970,9,Foodies,2021-09-23
8354,TechCorp,Influencer,Men 25-34,15 days,Instagram,0.12,"$14,930.00",7.15,Los Angeles,Spanish,953,3316,4,Health & Wellness,2021-11-20
8416,NexGen Systems,Social Media,All Ages,45 days,Facebook,0.08,"$19,089.00",7.66,Chicago,German,749,7757,9,Foodies,2021-01-21
8443,Innovate Industries,Search,All Ages,30 days,Facebook,0.06,"$14,288.00",7.08,Los Angeles,French,654,9965,2,Outdoor Adventurers,2021-02-17
8605,Alpha Innovations,Influencer,All Ages,30 days,YouTube,0.14,"$13,620.00",4.51,New York,Mandarin,254,4013,1,Foodies,2021-07-29
8628,Innovate Industries,Search,All Ages,60 days,Facebook,0.07,"$5,811.00",3.16,Chicago,English,430,7551,1,Health & Wellness,2021-08-21
8656,Alpha Innovations,Search,Men 25-34,30 days,Website,0.09,"$19,661.00",2.26,Miami,French,424,7707,9,Fashionistas,2021-09-18
8751,Innovate Industries,Social Media,Men 18-24,30 days,Website,0.05,"$8,474.00",4.04,Los Angeles,English,988,3770,9,Outdoor Adventurers,2021-12-22
8791,TechCorp,Social Media,Women 25-34,15 days,Instagram,0.07,"$12,668.00",5.6,Houston,English,188,4957,1,Foodies,2021-01-31
8857,Innovate Industries,Display,Men 18-24,30 days,YouTube,0.01,"$5,706.00",6.6,Los Angeles,Spanish,885,3957,6,Foodies,2021-04-07
8949,Innovate Industries,Influencer,Men 25-34,45 days,Facebook,0.15,"$13,706.00",5.3,Miami,French,758,1050,2,Tech Enthusiasts,2021-07-08
8969,Innovate Industries,Influencer,Women 25-34,60 days,Email,0.04,"$19,506.00",6.52,Los Angeles,Spanish,618,4544,4,Fashionistas,2021-07-28
9015,DataTech Solutions,Email,Men 18-24,30 days,Email,0.15,"$8,712.00",6.65,New York,German,314,7944,4,Fashionistas,2021-09-12
9026,Innovate Industries,Influencer,Men 25-34,15 days,Instagram,0.09,"$12,583.00",3.27,Miami,Spanish,811,3896,7,Fashionistas,2021-09-23
9109,NexGen Systems,Email,All Ages,60 days,Facebook,0.07,"$10,262.00",3.73,New York,Spanish,412,1179,1,Health & Wellness,2021-12-15
9124,TechCorp,Social Media,Men 18-24,30 days,Website,0.13,"$6,699.00",5.01,Miami,English,937,7182,6,Outdoor Adventurers,2021-12-30
9156,DataTech Solutions,Social Media,Men 25-34,60 days,YouTube,0.07,"$13,780.00",5.42,Miami,French,145,4734,8,Health & Wellness,2021-01-31
9162,NexGen Systems,Influencer,Women 25-34,60 days,YouTube,0.04,"$8,113.00",7.05,New York,Spanish,596,1606,8,Fashionistas,2021-02-06
9195,TechCorp,Social Media,Men 25-34,15 days,Instagram,0.02,"$15,517.00",3.22,Houston,French,315,7539,4,Outdoor Adventurers,2021-03-11
9198,NexGen Systems,Social Media,Men 25-34,60 days,Website,0.03,"$17,099.00",4.21,Chicago,French,591,7845,6,Fashionistas,2021-03-14
9313,Innovate Industries,Display,Women 35-44,15 days,Website,0.04,"$13,588.00",2.17,Miami,French,228,1281,5,Outdoor Adventurers,2021-07-07
9393,NexGen Systems,Influencer,Men 18-24,45 days,Instagram,0.13,"$16,278.00",4.12,New York,Spanish,854,1045,3,Foodies,2021-09-25
9435,NexGen Systems,Social Media,Women 25-34,15 days,Instagram,0.03,"$6,379.00",7.58,Chicago,French,735,9096,3,Tech Enthusiasts,2021-11-06
9448,NexGen Systems,Influencer,Men 25-34,45 days,YouTube,0.12,"$9,055.00",3.87,Houston,German,521,2649,4,Health & Wellness,2021-11-19
9493,Alpha Innovations,Social Media,Women 35-44,30 days,Facebook,0.1,"$6,202.00",6.99,Los Angeles,Spanish,935,4694,8,Tech Enthusiasts,2021-01-03
9498,NexGen Systems,Email,Women 35-44,15 days,YouTube,0.12,"$19,946.00",2.16,Miami,Spanish,323,2793,8,Health & Wellness,2021-01-08
9571,NexGen Systems,Search,All Ages,60 days,Website,0.13,"$12,443.00",6.75,Los Angeles,French,319,3080,3,Outdoor Adventurers,2021-03-22
9576,Innovate Industries,Email,Men 25-34,30 days,Email,0.06,"$16,264.00",7.45,Chicago,English,551,3145,6,Foodies,2021-03-27
9660,Alpha Innovations,Social Media,Women 25-34,45 days,Website,0.11,"$7,855.00",6.7,New York,Spanish,814,7656,8,Outdoor Adventurers,2021-06-19
9681,Alpha Innovations,Influencer,Women 25-34,60 days,Google Ads,0.12,"$16,007.00",5.39,Los Angeles,Mandarin,102,8610,4,Fashionistas,2021-07-10
9759,NexGen Systems,Search,Women 25-34,30 days,Email,0.02,"$18,835.00",3.87,Chicago,English,391,5800,4,Outdoor Adventurers,2021-09-26
9787,Alpha Innovations,Email,Men 25-34,15 days,Google Ads,0.07,"$7,672.00",5.98,Houston,Mandarin,523,2823,6,Foodies,2021-10-24
9795,NexGen Systems,Search,All Ages,30 days,Google Ads,0.04,"$13,658.00",5.15,New York,Spanish,136,6930,10,Tech Enthusiasts,2021-11-01
9849,Alpha Innovations,Influencer,Men 25-34,15 days,Google Ads,0.09,"$7,678.00",5.71,Los Angeles,Spanish,888,1995,3,Tech Enthusiasts,2021-12-25
9955,TechCorp,Email,All Ages,45 days,Email,0.06,"$15,726.00",7.28,New York,Mandarin,772,1125,8,Tech Enthusiasts,2021-04-10
9970,Alpha Innovations,Search,Men 18-24,60 days,Instagram,0.03,"$16,802.00",4.57,Houston,German,265,3445,1,Tech Enthusiasts,2021-04-25
9990,TechCorp,Email,Women 25-34,60 days,Email,0.1,"$6,736.00",7.27,Los Angeles,French,469,8067,7,Tech Enthusiasts,2021-05-15
10011,NexGen Systems,Social Media,Women 25-34,15 days,Instagram,0.04,"$10,986.00",4.78,Los Angeles,German,942,8172,1,Outdoor Adventurers,2021-06-05
10046,TechCorp,Influencer,Women 25-34,60 days,Google Ads,0.02,"$8,431.00",3.92,Chicago,English,117,1856,4,Outdoor Adventurers,2021-07-10
10064,TechCorp,Search,Men 18-24,15 days,Email,0.08,"$13,917.00",4.37,Chicago,German,239,9963,1,Fashionistas,2021-07-28
10076,Innovate Industries,Email,Women 35-44,15 days,Facebook,0.06,"$6,349.00",2.21,Houston,English,874,7624,1,Foodies,2021-08-09
10107,Alpha Innovations,Email,All Ages,45 days,Website,0.03,"$18,534.00",7.01,New York,English,867,9582,8,Fashionistas,2021-09-09
10119,NexGen Systems,Social Media,Men 25-34,30 days,Facebook,0.1,"$12,258.00",2.25,Miami,French,175,2936,8,Foodies,2021-09-21
10145,Innovate Industries,Email,Women 25-34,15 days,Email,0.08,"$7,075.00",2.86,Houston,German,920,3401,5,Foodies,2021-10-17
10164,Innovate Industries,Email,Women 25-34,45 days,YouTube,0.09,"$14,997.00",7.24,Los Angeles,French,963,2440,1,Tech Enthusiasts,2021-11-05
10257,DataTech Solutions,Email,All Ages,30 days,Google Ads,0.13,"$9,538.00",3.88,Houston,Spanish,760,5660,2,Health & Wellness,2021-02-06
10315,Innovate Industries,Display,All Ages,60 days,Website,0.08,"$10,960.00",2.84,New York,English,299,5328,4,Fashionistas,2021-04-05
10327,DataTech Solutions,Influencer,Men 18-24,30 days,Instagram,0.08,"$17,617.00",6.11,Los Angeles,German,490,4432,8,Fashionistas,2021-04-17
10357,Innovate Industries,Influencer,All Ages,15 days,Website,0.04,"$18,007.00",2.56,Los Angeles,French,853,8175,5,Tech Enthusiasts,2021-05-17
10473,Innovate Industries,Search,Women 35-44,60 days,Google Ads,0.03,"$8,197.00",5.27,New York,English,455,3285,2,Tech Enthusiasts,2021-09-10
10558,TechCorp,Influencer,All Ages,45 days,Website,0.02,"$7,772.00",7.51,Chicago,German,868,1445,3,Foodies,2021-12-04
10625,TechCorp,Email,Men 18-24,45 days,Google Ads,0.02,"$11,173.00",3.23,Houston,Spanish,132,9840,9,Fashionistas,2021-02-09
10646,Alpha Innovations,Search,Men 18-24,15 days,YouTube,0.1,"$17,474.00",2.02,Los Angeles,Spanish,956,4761,6,Health & Wellness,2021-03-02
10654,TechCorp,Influencer,Women 25-34,30 days,Instagram,0.13,"$10,187.00",2.34,Houston,German,536,5160,2,Outdoor Adventurers,2021-03-10
10660,Alpha Innovations,Search,Women 35-44,60 days,Facebook,0.07,"$15,346.00",2.28,Miami,German,237,2758,2,Outdoor Adventurers,2021-03-16
10707,NexGen Systems,Display,Women 25-34,60 days,Instagram,0.04,"$6,439.00",5.26,Chicago,Spanish,366,5025,4,Foodies,2021-05-02
10829,NexGen Systems,Display,Men 25-34,15 days,Email,0.06,"$17,956.00",3.55,Houston,Mandarin,758,2470,4,Health & Wellness,2021-09-01
10860,TechCorp,Influencer,Women 35-44,15 days,YouTube,0.05,"$8,614.00",5.27,Miami,Mandarin,998,8123,7,Foodies,2021-10-02
11097,NexGen Systems,Social Media,Men 18-24,60 days,Instagram,0.02,"$8,268.00",3.93,Houston,Spanish,983,2479,1,Outdoor Adventurers,2021-05-27
11130,NexGen Systems,Email,All Ages,30 days,Website,0.07,"$17,848.00",2.15,Houston,Spanish,818,3854,6,Foodies,2021-06-29
11200,NexGen Systems,Social Media,Women 25-34,15 days,Facebook,0.02,"$18,171.00",5.52,New York,French,404,8634,8,Foodies,2021-09-07
11251,Alpha Innovations,Email,Women 35-44,60 days,YouTube,0.01,"$15,577.00",6.1,Chicago,Spanish,988,5116,1,Outdoor Adventurers,2021-10-28
11349,NexGen Systems,Social Media,Women 35-44,15 days,Google Ads,0.11,"$8,470.00",2.33,New York,French,522,5541,8,Fashionistas,2021-02-03
11363,Alpha Innovations,Social Media,All Ages,15 days,Google Ads,0.13,"$17,347.00",7.01,Los Angeles,German,503,4573,7,Health & Wellness,2021-02-17
11375,TechCorp,Search,Men 25-34,60 days,Google Ads,0.13,"$15,076.00",2.63,Los Angeles,German,542,8133,1,Tech Enthusiasts,2021-03-01
11472,DataTech Solutions,Display,Men 18-24,60 days,Instagram,0.07,"$14,080.00",6.94,Chicago,English,354,5170,8,Tech Enthusiasts,2021-06-06
11476,TechCorp,Display,All Ages,30 days,YouTube,0.09,"$18,415.00",3.12,New York,German,113,4161,8,Health & Wellness,2021-06-10
11480,TechCorp,Email,All Ages,30 days,YouTube,0.11,"$10,647.00",5.6,New York,Spanish,398,7290,3,Health & Wellness,2021-06-14
11513,TechCorp,Display,Men 18-24,30 days,Facebook,0.04,"$13,744.00",4.96,Chicago,Spanish,855,4899,7,Health & Wellness,2021-07-17
11542,NexGen Systems,Social Media,Men 18-24,60 days,Google Ads,0.12,"$7,219.00",2.57,Los Angeles,German,103,6482,1,Foodies,2021-08-15
11563,Alpha Innovations,Email,Men 25-34,45 days,Instagram,0.08,"$12,633.00",2.28,Chicago,English,728,8723,10,Outdoor Adventurers,2021-09-05
11588,TechCorp,Display,All Ages,15 days,YouTube,0.13,"$16,609.00",7.44,Miami,Mandarin,827,6388,6,Fashionistas,2021-09-30
11608,DataTech Solutions,Display,Women 35-44,60 days,Google Ads,0.09,"$16,792.00",4.67,New York,Spanish,904,3873,1,Foodies,2021-10-20
11631,TechCorp,Display,All Ages,45 days,Google Ads,0.04,"$13,067.00",4.88,Miami,German,778,6918,1,Health & Wellness,2021-11-12
11639,Innovate Industries,Search,Men 18-24,60 days,Instagram,0.06,"$6,667.00",2.17,Houston,Mandarin,190,7583,9,Outdoor Adventurers,2021-11-20
11674,Innovate Industries,Social Media,Men 18-24,15 days,Google Ads,0.05,"$13,720.00",3.74,Miami,English,133,4785,6,Fashionistas,2021-12-25
11874,TechCorp,Social Media,Women 35-44,60 days,Google Ads,0.05,"$15,277.00",2.46,Houston,French,689,3962,9,Health & Wellness,2021-07-13
11965,TechCorp,Display,All Ages,45 days,Facebook,0.13,"$6,145.00",5.05,New York,Spanish,486,7763,2,Fashionistas,2021-10-12
12036,NexGen Systems,Influencer,Women 35-44,45 days,Instagram,0.12,"$13,394.00",5.59,Miami,French,164,2942,1,Outdoor Adventurers,2021-12-22
12146,Innovate Industries,Display,All Ages,15 days,Google Ads,0.1,"$14,750.00",2.69,Los Angeles,Spanish,290,2603,2,Foodies,2021-04-11
12181,Innovate Industries,Search,Men 25-34,60 days,Google Ads,0.09,"$16,764.00",4.16,Los Angeles,French,178,2442,10,Health & Wellness,2021-05-16
12218,Innovate Industries,Influencer,Men 18-24,45 days,Facebook,0.12,"$18,279.00",2.74,New York,French,270,7398,9,Outdoor Adventurers,2021-06-22
12273,Innovate Industries,Email,Men 25-34,15 days,Facebook,0.07,"$15,253.00",7.7,New York,Mandarin,928,3111,6,Health & Wellness,2021-08-16
12330,DataTech Solutions,Influencer,Women 35-44,45 days,Instagram,0.05,"$19,605.00",4.5,New York,Spanish,815,1696,1,Tech Enthusiasts,2021-10-12
12340,Innovate Industries,Search,Men 18-24,60 days,Instagram,0.07,"$12,290.00",7.31,Houston,English,475,1290,9,Foodies,2021-10-22
12409,TechCorp,Email,Men 18-24,60 days,Website,0.05,"$15,547.00",7.06,Miami,Mandarin,711,3641,6,Fashionistas,2021-12-30
12483,TechCorp,Social Media,Men 25-34,15 days,YouTube,0.06,"$14,999.00",3.73,Houston,Mandarin,754,4145,8,Outdoor Adventurers,2021-03-14
12510,TechCorp,Search,Men 18-24,15 days,Instagram,0.07,"$18,538.00",2.88,Miami,English,777,5250,8,Outdoor Adventurers,2021-04-10
12519,Alpha Innovations,Social Media,Women 25-34,45 days,Google Ads,0.04,"$17,995.00",3.37,New York,Mandarin,833,2605,1,Health & Wellness,2021-04-19
12532,Innovate Industries,Social Media,Women 35-44,15 days,Google Ads,0.06,"$16,123.00",4.76,Chicago,Spanish,951,8403,9,Foodies,2021-05-02
12593,TechCorp,Search,Men 25-34,30 days,Website,0.13,"$6,610.00",5.38,Los Angeles,French,722,6644,6,Foodies,2021-07-02
12594,Alpha Innovations,Display,All Ages,15 days,Facebook,0.12,"$13,100.00",2.21,Miami,German,486,6944,2,Outdoor Adventurers,2021-07-03
12622,TechCorp,Search,Men 18-24,15 days,YouTube,0.03,"$7,051.00",3.0,Chicago,French,387,4995,3,Health & Wellness,2021-07-31
12751,Innovate Industries,Search,Men 18-24,30 days,Instagram,0.01,"$13,775.00",3.02,Houston,Spanish,498,8268,5,Tech Enthusiasts,2021-12-07
12784,Alpha Innovations,Social Media,Men 25-34,15 days,Google Ads,0.01,"$17,814.00",2.51,Los Angeles,English,510,2352,8,Tech Enthusiasts,2021-01-09
12795,DataTech Solutions,Email,All Ages,15 days,Website,0.01,"$10,890.00",2.41,Miami,German,782,5761,3,Foodies,2021-01-20
12845,Alpha Innovations,Social Media,All Ages,30 days,Facebook,0.11,"$15,038.00",5.03,Houston,German,230,2573,8,Foodies,2021-03-11
12856,Innovate Industries,Search,Women 35-44,15 days,Instagram,0.1,"$10,834.00",5.5,Miami,Spanish,837,2484,1,Health & Wellness,2021-03-22
12945,TechCorp,Search,All Ages,45 days,Website,0.06,"$16,970.00",4.35,Los Angeles,Mandarin,327,6642,2,Health & Wellness,2021-06-19
12979,Innovate Industries,Influencer,Men 25-34,60 days,YouTube,0.09,"$11,167.00",3.38,New York,Spanish,763,4051,1,Fashionistas,2021-07-23
12980,DataTech Solutions,Display,Women 35-44,30 days,YouTube,0.14,"$7,849.00",2.72,Chicago,French,226,5270,8,Fashionistas,2021-07-24
13014,NexGen Systems,Influencer,Men 25-34,45 days,Email,0.12,"$11,881.00",7.57,Chicago,English,916,8387,5,Fashionistas,2021-08-27
13041,Innovate Industries,Influencer,Men 25-34,30 days,Facebook,0.1,"$17,924.00",4.31,Chicago,German,183,4690,1,Health & Wellness,2021-09-23
13067,Innovate Industries,Search,Men 18-24,15 days,Instagram,0.12,"$15,145.00",7.29,New York,Spanish,183,4472,8,Foodies,2021-10-19
13070,DataTech Solutions,Influencer,Women 25-34,15 days,YouTube,0.03,"$9,244.00",6.96,New York,German,102,8971,2,Outdoor Adventurers,2021-10-22
13090,NexGen Systems,Email,Men 25-34,45 days,Website,0.11,"$12,292.00",6.8,New York,French,871,3961,5,Tech Enthusiasts,2021-11-11
13132,TechCorp,Social Media,Women 35-44,45 days,Website,0.12,"$18,980.00",4.04,Los Angeles,French,188,8105,1,Outdoor Adventurers,2021-12-23
13155,Alpha Innovations,Display,Women 35-44,15 days,YouTube,0.02,"$17,689.00",5.41,Houston,German,942,6173,5,Outdoor Adventurers,2021-01-15
13247,DataTech Solutions,Display,All Ages,45 days,Instagram,0.06,"$11,617.00",2.06,Los Angeles,Mandarin,506,9589,2,Fashionistas,2021-04-17
13250,Alpha Innovations,Influencer,All Ages,15 days,YouTube,0.12,"$12,010.00",3.79,Chicago,Mandarin,334,3230,10,Fashionistas,2021-04-20
13260,NexGen Systems,Display,Women 25-34,15 days,Facebook,0.15,"$18,492.00",5.94,Miami,English,145,8578,1,Tech Enthusiasts,2021-04-30
13292,DataTech Solutions,Social Media,Women 25-34,30 days,Instagram,0.07,"$18,556.00",5.82,Los Angeles,Mandarin,156,6377,9,Foodies,2021-06-01
13325,TechCorp,Email,Men 25-34,30 days,Facebook,0.03,"$9,482.00",3.07,New York,German,146,6727,6,Fashionistas,2021-07-04
13362,DataTech Solutions,Search,Women 35-44,15 days,Google Ads,0.13,"$8,748.00",7.45,Houston,French,687,9473,2,Tech Enthusiasts,2021-08-10
13392,Innovate Industries,Social Media,Men 18-24,45 days,Website,0.13,"$8,486.00",5.31,Houston,Mandarin,218,3804,7,Foodies,2021-09-09
13469,NexGen Systems,Display,Men 25-34,45 days,YouTube,0.13,"$14,533.00",6.06,Houston,Spanish,636,6482,6,Health & Wellness,2021-11-25
13480,TechCorp,Social Media,Men 25-34,60 days,Website,0.13,"$5,602.00",5.16,Miami,English,320,1699,7,Tech Enthusiasts,2021-12-06
13483,DataTech Solutions,Social Media,Men 18-24,45 days,Facebook,0.02,"$10,739.00",4.53,Miami,German,839,2822,1,Fashionistas,2021-12-09
13495,TechCorp,Email,Men 25-34,45 days,YouTube,0.08,"$14,048.00",3.27,New York,French,169,4810,4,Tech Enthusiasts,2021-12-21
13558,TechCorp,Email,Men 18-24,60 days,Instagram,0.12,"$5,130.00",2.72,Miami,German,397,2280,7,Tech Enthusiasts,2021-02-22
13593,NexGen Systems,Influencer,All Ages,15 days,Instagram,0.04,"$16,776.00",5.3,New York,English,996,5737,6,Fashionistas,2021-03-29
13845,NexGen Systems,Search,Men 25-34,60 days,Website,0.05,"$18,169.00",3.88,Chicago,Mandarin,744,4287,9,Tech Enthusiasts,2021-12-06
13846,TechCorp,Search,Women 25-34,60 days,Website,0.03,"$10,962.00",7.07,Chicago,Spanish,323,4585,2,Tech Enthusiasts,2021-12-07
13862,Alpha Innovations,Influencer,Women 35-44,15 days,Google Ads,0.03,"$12,970.00",4.68,Houston,Spanish,625,2804,6,Foodies,2021-12-23
13865,NexGen Systems,Social Media,Women 25-34,60 days,Google Ads,0.12,"$7,172.00",2.91,Los Angeles,English,477,1446,1,Foodies,2021-12-26
13872,TechCorp,Search,Women 35-44,15 days,Instagram,0.02,"$5,324.00",2.61,Houston,Mandarin,779,3442,10,Foodies,2021-01-02
13897,NexGen Systems,Influencer,Women 35-44,15 days,YouTube,0.1,"$11,374.00",5.1,New York,Spanish,209,5088,6,Foodies,2021-01-27
14045,NexGen Systems,Social Media,Men 18-24,45 days,YouTube,0.05,"$6,841.00",7.4,New York,German,122,4727,6,Tech Enthusiasts,2021-06-24
14145,DataTech Solutions,Display,Women 35-44,30 days,Google Ads,0.08,"$19,806.00",5.49,Houston,Mandarin,205,1391,8,Tech Enthusiasts,2021-10-02
14179,DataTech Solutions,Influencer,All Ages,45 days,Instagram,0.13,"$7,656.00",6.29,Los Angeles,French,921,6786,2,Fashionistas,2021-11-05
14222,NexGen Systems,Display,Women 35-44,45 days,Google Ads,0.09,"$14,608.00",3.32,Chicago,English,798,7622,7,Fashionistas,2021-12-18
14274,Innovate Industries,Search,Men 25-34,60 days,YouTube,0.08,"$12,456.00",4.58,Houston,Spanish,404,3242,3,Foodies,2021-02-08
14280,Innovate Industries,Social Media,Women 25-34,45 days,Facebook,0.02,"$10,832.00",3.17,Chicago,German,226,9984,3,Fashionistas,2021-02-14
14315,Alpha Innovations,Email,Women 35-44,45 days,Email,0.08,"$5,151.00",3.43,Chicago,Mandarin,575,6276,9,Outdoor Adventurers,2021-03-21
14347,Alpha Innovations,Social Media,Women 25-34,45 days,YouTube,0.09,"$6,321.00",3.05,Miami,Spanish,298,3400,5,Fashionistas,2021-04-22
14371,Alpha Innovations,Social Media,Men 25-34,15 days,Website,0.06,"$5,976.00",2.37,Miami,French,525,1967,6,Health & Wellness,2021-05-16
14399,DataTech Solutions,Search,Men 25-34,60 days,Google Ads,0.08,"$5,088.00",3.06,Houston,Spanish,707,5669,1,Foodies,2021-06-13
14424,TechCorp,Search,Men 25-34,15 days,Email,0.13,"$5,197.00",7.23,New York,English,629,6921,6,Health & Wellness,2021-07-08
14462,TechCorp,Social Media,Women 25-34,45 days,Google Ads,0.03,"$13,021.00",5.65,Houston,English,784,4262,9,Fashionistas,2021-08-15
14480,TechCorp,Email,Men 18-24,15 days,Google Ads,0.02,"$19,748.00",5.97,Miami,Mandarin,764,3591,1,Outdoor Adventurers,2021-09-02
14520,Innovate Industries,Search,Women 35-44,45 days,Google Ads,0.13,"$9,255.00",4.33,Chicago,French,118,7231,3,Health & Wellness,2021-10-12
14543,Innovate Industries,Email,Men 18-24,15 days,Google Ads,0.01,"$18,658.00",2.62,New York,German,287,7183,8,Foodies,2021-11-04
14656,Alpha Innovations,Search,Men 18-24,30 days,Google Ads,0.08,"$16,705.00",2.29,Los Angeles,French,678,7420,6,Tech Enthusiasts,2021-02-25
14671,TechCorp,Influencer,Men 25-34,15 days,Facebook,0.07,"$10,164.00",7.44,Houston,French,438,3633,4,Outdoor Adventurers,2021-03-12
14686,Innovate Industries,Search,Men 18-24,15 days,Google Ads,0.09,"$5,965.00",3.66,Houston,German,986,8559,8,Tech Enthusiasts,2021-03-27
14709,DataTech Solutions,Social Media,Women 25-34,30 days,YouTube,0.02,"$16,034.00",6.39,Houston,German,803,4611,1,Outdoor Adventurers,2021-04-19
14783,DataTech Solutions,Social Media,Men 25-34,15 days,Website,0.04,"$19,692.00",5.63,New York,English,362,1843,2,Outdoor Adventurers,2021-07-02
14912,NexGen Systems,Email,Women 35-44,45 days,Facebook,0.06,"$13,866.00",3.69,Chicago,Mandarin,808,2944,5,Outdoor Adventurers,2021-11-08
14929,TechCorp,Display,Women 35-44,30 days,Google Ads,0.13,"$8,862.00",4.77,Los Angeles,English,806,3308,4,Health & Wellness,2021-11-25
14944,DataTech Solutions,Search,Men 18-24,60 days,Email,0.04,"$7,936.00",2.22,Los Angeles,Mandarin,767,4964,4,Fashionistas,2021-12-10
14974,TechCorp,Influencer,Men 25-34,30 days,Instagram,0.1,"$12,881.00",7.46,Miami,French,444,9819,2,Fashionistas,2021-01-09
14984,TechCorp,Search,All Ages,30 days,Instagram,0.13,"$15,451.00",2.5,Los Angeles,English,708,4154,8,Foodies,2021-01-19
14994,DataTech Solutions,Display,All Ages,45 days,Email,0.03,"$15,436.00",6.17,Los Angeles,Spanish,194,8683,6,Fashionistas,2021-01-29
15001,Alpha Innovations,Social Media,Men 18-24,15 days,YouTube,0.11,"$13,720.00",2.94,Chicago,French,206,4569,3,Foodies,2021-02-05
15054,NexGen Systems,Email,Women 35-44,45 days,Email,0.1,"$5,543.00",3.57,Los Angeles,French,742,6282,9,Fashionistas,2021-03-30
15070,TechCorp,Display,Men 25-34,60 days,Instagram,0.12,"$15,796.00",6.44,Houston,German,458,9417,7,Foodies,2021-04-15
15122,NexGen Systems,Display,All Ages,45 days,Google Ads,0.06,"$11,971.00",4.54,Chicago,Spanish,423,4461,8,Outdoor Adventurers,2021-06-06
15141,DataTech Solutions,Social Media,Men 25-34,60 days,Facebook,0.12,"$7,852.00",6.7,New York,German,401,1426,6,Health & Wellness,2021-06-25
15150,Innovate Industries,Influencer,Men 18-24,45 days,Email,0.05,"$12,285.00",7.82,Houston,German,722,7658,8,Health & Wellness,2021-07-04
15157,TechCorp,Influencer,All Ages,45 days,Website,0.08,"$6,593.00",4.74,Los Angeles,German,557,5649,9,Tech Enthusiasts,2021-07-11
15159,Alpha Innovations,Email,Women 35-44,30 days,Facebook,0.04,"$17,695.00",2.96,Miami,English,811,6625,7,Foodies,2021-07-13
15200,TechCorp,Search,Women 25-34,45 days,Google Ads,0.06,"$9,988.00",7.12,Houston,Mandarin,850,3319,4,Fashionistas,2021-08-23
15229,TechCorp,Social Media,Women 25-34,30 days,Google Ads,0.03,"$16,711.00",6.14,Chicago,French,513,7657,3,Health & Wellness,2021-09-21
15263,Alpha Innovations,Search,All Ages,30 days,Facebook,0.1,"$7,081.00",3.87,New York,English,801,3243,10,Health & Wellness,2021-10-25
15296,Innovate Industries,Influencer,Women 35-44,30 days,Email,0.04,"$7,719.00",6.42,Los Angeles,Spanish,635,6978,4,Outdoor Adventurers,2021-11-27
15355,Innovate Industries,Email,Men 18-24,30 days,Email,0.11,"$5,808.00",6.11,Chicago,Mandarin,889,8522,2,Tech Enthusiasts,2021-01-25
15404,DataTech Solutions,Email,Men 18-24,45 days,YouTube,0.09,"$15,884.00",2.98,Houston,Mandarin,243,8357,6,Outdoor Adventurers,2021-03-15
15414,Alpha Innovations,Social Media,Women 25-34,30 days,Website,0.09,"$14,820.00",3.35,Miami,French,433,5613,4,Fashionistas,2021-03-25
15586,TechCorp,Social Media,Women 25-34,60 days,Google Ads,0.09,"$17,207.00",3.32,Houston,Mandarin,240,5900,8,Fashionistas,2021-09-13
15603,TechCorp,Search,Women 35-44,30 days,Email,0.07,"$6,009.00",5.71,New York,German,953,7136,8,Health & Wellness,2021-09-30
15622,TechCorp,Email,Women 25-34,45 days,Website,0.14,"$18,156.00",6.55,Miami,Mandarin,582,8139,5,Fashionistas,2021-10-19
15654,NexGen Systems,Search,Men 18-24,45 days,Instagram,0.08,"$6,902.00",2.05,New York,German,671,8390,9,Health & Wellness,2021-11-20
15659,Alpha Innovations,Influencer,All Ages,30 days,Facebook,0.08,"$9,231.00",3.29,New York,Spanish,982,7107,4,Outdoor Adventurers,2021-11-25
15833,TechCorp,Email,All Ages,60 days,Instagram,0.01,"$17,110.00",5.31,Miami,German,277,9595,7,Outdoor Adventurers,2021-05-18
15867,TechCorp,Display,Men 18-24,30 days,Facebook,0.03,"$15,626.00",4.38,Chicago,Mandarin,176,4011,9,Outdoor Adventurers,2021-06-21
15885,NexGen Systems,Display,Men 25-34,15 days,Email,0.08,"$5,454.00",7.16,New York,English,418,4892,10,Fashionistas,2021-07-09
15920,TechCorp,Influencer,Women 35-44,45 days,Website,0.02,"$10,359.00",6.53,Chicago,English,848,1343,7,Tech Enthusiasts,2021-08-13
15921,TechCorp,Email,All Ages,45 days,Email,0.13,"$9,152.00",2.23,Chicago,Spanish,456,1167,2,Health & Wellness,2021-08-14
15978,NexGen Systems,Display,Men 25-34,15 days,Facebook,0.12,"$8,566.00",3.4,Miami,English,277,7455,9,Health & Wellness,2021-10-10
16052,Innovate Industries,Social Media,Men 18-24,45 days,Instagram,0.05,"$12,368.00",6.56,New York,Mandarin,501,3867,10,Fashionistas,2021-12-23
16097,NexGen Systems,Influencer,Women 35-44,60 days,Email,0.12,"$9,585.00",2.84,Chicago,German,222,5923,9,Health & Wellness,2021-02-06
16145,TechCorp,Influencer,Women 35-44,45 days,Instagram,0.06,"$14,959.00",3.19,Los Angeles,German,666,8165,10,Outdoor Adventurers,2021-03-26
16248,Innovate Industries,Email,Men 25-34,30 days,Instagram,0.02,"$13,233.00",5.27,Houston,German,375,9725,6,Fashionistas,2021-07-07
16283,NexGen Systems,Social Media,All Ages,15 days,Instagram,0.11,"$8,438.00",5.91,Houston,Spanish,894,7743,4,Health & Wellness,2021-08-11
16299,DataTech Solutions,Influencer,Women 25-34,15 days,Website,0.03,"$6,790.00",7.58,Houston,English,334,2898,8,Foodies,2021-08-27
16328,Alpha Innovations,Display,All Ages,15 days,Website,0.06,"$17,159.00",6.77,New York,English,917,9018,3,Tech Enthusiasts,2021-09-25
16341,Alpha Innovations,Influencer,Women 35-44,30 days,Google Ads,0.06,"$7,004.00",5.96,Los Angeles,French,456,3820,6,Health & Wellness,2021-10-08
16354,TechCorp,Influencer,Men 18-24,15 days,Instagram,0.02,"$11,268.00",5.25,Los Angeles,French,835,8979,4,Outdoor Adventurers,2021-10-21
16422,TechCorp,Search,Women 35-44,45 days,Google Ads,0.13,"$19,021.00",6.83,Houston,Spanish,889,5476,4,Health & Wellness,2021-12-28
16531,DataTech Solutions,Social Media,Women 25-34,60 days,Instagram,0.06,"$14,689.00",3.42,Chicago,Mandarin,549,5814,10,Outdoor Adventurers,2021-04-16
16541,NexGen Systems,Search,Women 35-44,45 days,Instagram,0.08,"$14,873.00",7.81,Houston,German,330,1293,4,Foodies,2021-04-26
16565,Innovate Industries,Social Media,Women 35-44,30 days,Website,0.03,"$14,198.00",2.97,New York,Spanish,378,4836,5,Outdoor Adventurers,2021-05-20
16627,NexGen Systems,Display,Men 18-24,60 days,Google Ads,0.04,"$14,370.00",6.41,Houston,French,111,8368,10,Tech Enthusiasts,2021-07-21
16634,Alpha Innovations,Social Media,All Ages,45 days,Instagram,0.02,"$15,120.00",4.48,Miami,English,898,6656,5,Health & Wellness,2021-07-28
16654,Alpha Innovations,Display,Women 25-34,30 days,Facebook,0.08,"$18,000.00",3.11,Chicago,English,276,4582,3,Foodies,2021-08-17
16671,Alpha Innovations,Email,Men 18-24,30 days,YouTube,0.07,"$7,477.00",5.94,Los Angeles,French,361,9669,5,Tech Enthusiasts,2021-09-03
16701,Innovate Industries,Social Media,Men 18-24,30 days,YouTube,0.1,"$17,908.00",5.17,Houston,Mandarin,968,3949,5,Health & Wellness,2021-10-03
16810,TechCorp,Email,Men 25-34,60 days,Facebook,0.06,"$17,061.00",7.78,Chicago,Mandarin,348,9049,2,Foodies,2021-01-20
16817,Innovate Industries,Influencer,Women 25-34,45 days,Email,0.1,"$10,748.00",6.59,New York,French,840,7770,9,Outdoor Adventurers,2021-01-27
16903,Innovate Industries,Email,Men 25-34,30 days,Instagram,0.13,"$17,574.00",2.8,Chicago,German,455,9739,3,Health & Wellness,2021-04-23
16963,NexGen Systems,Display,Women 25-34,30 days,Google Ads,0.1,"$18,607.00",5.3,Miami,German,656,3909,4,Fashionistas,2021-06-22
17025,Innovate Industries,Search,Men 25-34,45 days,Website,0.03,"$7,856.00",3.99,Chicago,English,857,2119,7,Outdoor Adventurers,2021-08-23
17050,DataTech Solutions,Display,Women 35-44,15 days,Instagram,0.05,"$7,248.00",2.13,Chicago,Mandarin,943,5252,4,Tech Enthusiasts,2021-09-17
17123,Innovate Industries,Social Media,Men 25-34,60 days,Website,0.01,"$18,239.00",7.96,New York,English,778,1168,1,Tech Enthusiasts,2021-11-29
17148,Innovate Industries,Search,Women 25-34,60 days,Google Ads,0.14,"$15,538.00",6.74,New York,Mandarin,759,5010,7,Foodies,2021-12-24
17223,DataTech Solutions,Social Media,Women 35-44,15 days,Google Ads,0.09,"$9,033.00",6.1,New York,Mandarin,993,3221,7,Tech Enthusiasts,2021-03-09
17246,NexGen Systems,Display,All Ages,30 days,Google Ads,0.04,"$7,997.00",4.82,Chicago,German,766,1990,10,Tech Enthusiasts,2021-04-01
17311,TechCorp,Social Media,Men 25-34,30 days,Email,0.13,"$11,986.00",7.47,Miami,German,605,1757,8,Health & Wellness,2021-06-05
17363,TechCorp,Search,Men 18-24,45 days,Google Ads,0.09,"$16,387.00",4.95,Los Angeles,Mandarin,290,3379,8,Tech Enthusiasts,2021-07-27
17370,Innovate Industries,Display,Men 18-24,60 days,Instagram,0.06,"$17,701.00",2.38,Chicago,German,499,4552,3,Tech Enthusiasts,2021-08-03
17395,NexGen Systems,Influencer,All Ages,60 days,Google Ads,0.14,"$9,268.00",3.16,Houston,English,398,5233,7,Outdoor Adventurers,2021-08-28
17437,Innovate Industries,Search,Women 25-34,30 days,Email,0.14,"$18,515.00",4.28,Houston,Mandarin,466,3726,8,Outdoor Adventurers,2021-10-09
17472,Innovate Industries,Email,Men 25-34,15 days,Email,0.11,"$16,039.00",6.62,Houston,German,601,7844,3,Foodies,2021-11-13
17489,Innovate Industries,Search,Women 35-44,30 days,Facebook,0.1,"$10,072.00",2.66,Chicago,Spanish,913,5769,8,Outdoor Adventurers,2021-11-30
17495,NexGen Systems,Social Media,Women 35-44,60 days,YouTube,0.14,"$8,892.00",7.62,Los Angeles,French,347,8976,1,Health & Wellness,2021-12-06
17588,TechCorp,Email,Men 18-24,30 days,Website,0.12,"$14,316.00",2.06,Miami,Spanish,746,3258,3,Tech Enthusiasts,2021-03-09
17684,Innovate Industries,Search,Men 18-24,15 days,Google Ads,0.13,"$13,661.00",3.56,Houston,Spanish,162,2187,2,Tech Enthusiasts,2021-06-13
17710,NexGen Systems,Influencer,Women 25-34,30 days,YouTube,0.05,"$11,298.00",3.75,New York,German,959,5325,6,Fashionistas,2021-07-09
17713,Innovate Industries,Search,Women 25-34,30 days,YouTube,0.09,"$19,340.00",2.12,Chicago,Spanish,447,3468,1,Health & Wellness,2021-07-12
17775,TechCorp,Display,Men 25-34,45 days,Website,0.15,"$19,491.00",4.91,Los Angeles,Mandarin,943,1225,2,Foodies,2021-09-12
17804,Innovate Industries,Display,Men 18-24,60 days,Instagram,0.07,"$9,563.00",7.04,Houston,German,379,2363,7,Foodies,2021-10-11
17864,TechCorp,Social Media,Women 35-44,30 days,Facebook,0.08,"$10,093.00",2.55,Miami,Spanish,219,5664,8,Foodies,2021-12-10
17954,Innovate Industries,Influencer,Women 25-34,45 days,Google Ads,0.05,"$19,855.00",5.56,New York,French,224,7513,1,Outdoor Adventurers,2021-03-10
17984,DataTech Solutions,Search,Women 25-34,60 days,Email,0.01,"$13,258.00",4.64,Miami,English,317,1861,4,Tech Enthusiasts,2021-04-09
18041,Innovate Industries,Search,Men 18-24,60 days,Google Ads,0.1,"$13,789.00",7.69,Los Angeles,English,613,8317,3,Outdoor Adventurers,2021-06-05
18055,Innovate Industries,Display,Men 18-24,60 days,Google Ads,0.14,"$13,637.00",6.86,New York,Mandarin,838,4301,3,Tech Enthusiasts,2021-06-19
18122,Alpha Innovations,Social Media,All Ages,60 days,Website,0.05,"$5,113.00",6.2,Chicago,English,421,7266,9,Foodies,2021-08-25
18130,NexGen Systems,Social Media,Women 35-44,45 days,Email,0.05,"$13,228.00",7.01,Miami,Spanish,463,3684,3,Tech Enthusiasts,2021-09-02
18189,Alpha Innovations,Email,Women 25-34,30 days,YouTube,0.04,"$17,148.00",4.86,Houston,French,640,9240,10,Tech Enthusiasts,2021-10-31
18295,TechCorp,Display,Women 35-44,60 days,Instagram,0.08,"$18,362.00",4.26,Chicago,Spanish,208,6003,8,Health & Wellness,2021-02-14
18302,Innovate Industries,Display,Men 25-34,60 days,Facebook,0.1,"$14,863.00",7.63,Chicago,French,918,5930,10,Fashionistas,2021-02-21
18365,NexGen Systems,Search,Men 25-34,15 days,Facebook,0.06,"$18,877.00",7.14,New York,French,409,9945,8,Foodies,2021-04-25
18366,NexGen Systems,Display,Women 25-34,30 days,Instagram,0.13,"$8,254.00",3.12,Chicago,English,965,2714,10,Health & Wellness,2021-04-26
18382,DataTech Solutions,Display,Women 25-34,60 days,Website,0.02,"$17,499.00",5.47,Los Angeles,German,597,5820,5,Outdoor Adventurers,2021-05-12
18421,DataTech Solutions,Social Media,Women 25-34,30 days,Instagram,0.1,"$14,363.00",5.63,Chicago,English,556,5673,10,Fashionistas,2021-06-20
18431,NexGen Systems,Email,All Ages,30 days,YouTube,0.04,"$16,333.00",7.68,New York,Mandarin,620,1004,9,Outdoor Adventurers,2021-06-30
18451,NexGen Systems,Email,All Ages,30 days,Facebook,0.11,"$6,868.00",6.07,New York,French,443,8100,5,Outdoor Adventurers,2021-07-20
18484,NexGen Systems,Search,Men 25-34,45 days,Website,0.1,"$14,738.00",5.0,Houston,French,638,9684,8,Foodies,2021-08-22
18504,NexGen Systems,Influencer,Men 18-24,45 days,Email,0.05,"$5,477.00",4.93,Houston,Mandarin,358,4746,4,Health & Wellness,2021-09-11
18543,Innovate Industries,Social Media,Women 25-34,60 days,Website,0.09,"$11,370.00",4.38,Chicago,English,917,5406,6,Fashionistas,2021-10-20
18635,TechCorp,Display,Men 25-34,45 days,Facebook,0.05,"$10,327.00",2.53,Miami,Spanish,966,3949,1,Tech Enthusiasts,2021-01-20
18752,DataTech Solutions,Influencer,Men 25-34,30 days,Email,0.06,"$10,210.00",6.2,Los Angeles,English,895,9335,7,Tech Enthusiasts,2021-05-17
18787,Alpha Innovations,Search,Men 25-34,45 days,Email,0.07,"$16,688.00",4.46,Houston,German,457,4794,10,Foodies,2021-06-21
18843,TechCorp,Display,Women 25-34,30 days,Email,0.06,"$16,796.00",4.44,Miami,French,546,7399,6,Tech Enthusiasts,2021-08-16
18847,Alpha Innovations,Display,Men 18-24,60 days,Instagram,0.02,"$6,791.00",4.99,Los Angeles,Mandarin,288,6448,6,Tech Enthusiasts,2021-08-20
18851,NexGen Systems,Display,Women 25-34,45 days,Website,0.04,"$10,362.00",7.81,New York,French,897,6781,5,Tech Enthusiasts,2021-08-24
18887,Alpha Innovations,Display,Men 25-34,60 days,Instagram,0.07,"$9,348.00",5.98,Houston,German,146,6625,10,Fashionistas,2021-09-29
18912,Innovate Industries,Social Media,Women 25-34,45 days,Facebook,0.07,"$18,251.00",4.64,Houston,Mandarin,198,9230,7,Foodies,2021-10-24
18919,NexGen Systems,Display,Women 25-34,45 days,YouTube,0.1,"$6,145.00",6.8,Chicago,French,213,9643,3,Foodies,2021-10-31
18923,NexGen Systems,Influencer,Women 35-44,60 days,Google Ads,0.11,"$19,771.00",2.32,New York,Mandarin,661,1965,10,Tech Enthusiasts,2021-11-04
18957,Alpha Innovations,Search,Women 35-44,60 days,Google Ads,0.13,"$17,425.00",4.55,Houston,German,673,5148,10,Outdoor Adventurers,2021-12-08
18966,TechCorp,Social Media,Women 35-44,45 days,Instagram,0.02,"$8,892.00",6.28,Miami,Spanish,586,4386,6,Fashionistas,2021-12-17
19005,DataTech Solutions,Influencer,Men 25-34,60 days,Facebook,0.11,"$5,379.00",7.11,Miami,French,107,5282,4,Health & Wellness,2021-01-25
19027,Innovate Industries,Display,Men 18-24,15 days,Instagram,0.02,"$14,064.00",5.39,Chicago,Spanish,583,1383,10,Outdoor Adventurers,2021-02-16
19037,TechCorp,Search,Men 18-24,15 days,Google Ads,0.1,"$8,695.00",2.54,Houston,English,800,5357,7,Fashionistas,2021-02-26
19084,TechCorp,Influencer,Women 35-44,15 days,Google Ads,0.14,"$15,642.00",3.01,Chicago,German,192,4827,5,Foodies,2021-04-14
19101,NexGen Systems,Social Media,Women 35-44,60 days,YouTube,0.01,"$18,813.00",4.87,New York,Spanish,927,5665,2,Tech Enthusiasts,2021-05-01
19148,DataTech Solutions,Email,Men 18-24,45 days,Email,0.13,"$18,585.00",2.36,Los Angeles,French,677,7425,9,Tech Enthusiasts,2021-06-17
19218,NexGen Systems,Email,Women 25-34,45 days,Google Ads,0.13,"$17,700.00",3.96,Los Angeles,English,497,3655,9,Health & Wellness,2021-08-26
19285,DataTech Solutions,Search,Men 25-34,15 days,Website,0.15,"$16,364.00",4.4,New York,Spanish,918,5326,9,Fashionistas,2021-11-01
19454,NexGen Systems,Search,All Ages,30 days,Google Ads,0.12,"$15,848.00",6.07,Miami,Mandarin,549,8066,5,Tech Enthusiasts,2021-04-19
19464,NexGen Systems,Display,Women 35-44,60 days,Email,0.12,"$19,709.00",2.57,Miami,German,957,4355,9,Tech Enthusiasts,2021-04-29
19488,Alpha Innovations,Email,All Ages,60 days,Website,0.06,"$6,182.00",6.41,Miami,English,726,4065,7,Health & Wellness,2021-05-23
19490,TechCorp,Social Media,All Ages,30 days,YouTube,0.05,"$19,123.00",7.4,Los Angeles,Spanish,242,1265,10,Health & Wellness,2021-05-25
19521,NexGen Systems,Email,Men 18-24,45 days,Email,0.02,"$17,447.00",4.28,Los Angeles,Spanish,535,7048,2,Foodies,2021-06-25
19551,NexGen Systems,Social Media,Men 18-24,15 days,Website,0.11,"$8,017.00",7.0,Los Angeles,French,903,3398,9,Foodies,2021-07-25
19645,Alpha Innovations,Email,Women 35-44,30 days,YouTube,0.03,"$6,498.00",6.95,New York,German,706,9193,5,Outdoor Adventurers,2021-10-27
19809,Alpha Innovations,Social Media,Women 35-44,60 days,Website,0.07,"$6,872.00",4.12,Los Angeles,Spanish,769,6344,1,Foodies,2021-04-09
19812,TechCorp,Display,All Ages,30 days,Facebook,0.07,"$13,411.00",6.41,Miami,Mandarin,763,4619,2,Foodies,2021-04-12
19878,TechCorp,Display,Men 18-24,45 days,Website,0.01,"$17,709.00",7.36,Chicago,French,544,3239,8,Health & Wellness,2021-06-17
19894,Innovate Industries,Email,Men 18-24,30 days,Facebook,0.06,"$7,395.00",3.35,Chicago,French,978,6199,10,Outdoor Adventurers,2021-07-03
19917,NexGen Systems,Social Media,Men 18-24,60 days,Instagram,0.05,"$18,563.00",4.79,Los Angeles,German,870,3381,10,Health & Wellness,2021-07-26
19994,NexGen Systems,Email,All Ages,30 days,Instagram,0.12,"$19,735.00",2.59,Houston,Spanish,320,6535,3,Fashionistas,2021-10-11
20022,DataTech Solutions,Influencer,Men 18-24,60 days,Google Ads,0.01,"$6,053.00",3.23,Chicago,French,825,8036,2,Foodies,2021-11-08
20037,DataTech Solutions,Display,Men 18-24,60 days,Email,0.07,"$6,192.00",6.78,New York,French,703,7045,2,Fashionistas,2021-11-23
20062,TechCorp,Display,Women 35-44,15 days,Website,0.06,"$13,515.00",2.68,Houston,French,886,5653,6,Tech Enthusiasts,2021-12-18
20074,Alpha Innovations,Email,Women 25-34,45 days,Instagram,0.04,"$17,006.00",7.38,Los Angeles,Spanish,470,9361,2,Tech Enthusiasts,2021-12-30
20089,DataTech Solutions,Display,Women 25-34,45 days,YouTube,0.07,"$15,745.00",2.52,Houston,Spanish,363,6807,7,Health & Wellness,2021-01-14
20110,TechCorp,Email,Women 35-44,45 days,Google Ads,0.1,"$13,269.00",4.78,Houston,German,566,5506,1,Health & Wellness,2021-02-04
20207,TechCorp,Search,Men 25-34,15 days,Instagram,0.03,"$6,986.00",3.35,Houston,Mandarin,859,8712,9,Tech Enthusiasts,2021-05-12
20219,NexGen Systems,Influencer,Women 25-34,15 days,YouTube,0.01,"$7,186.00",3.27,Miami,French,922,7513,6,Health & Wellness,2021-05-24
20285,Alpha Innovations,Influencer,Women 35-44,15 days,Email,0.12,"$13,982.00",7.2,Los Angeles,Mandarin,276,2264,10,Tech Enthusiasts,2021-07-29
20334,TechCorp,Display,Women 35-44,60 days,Email,0.1,"$5,605.00",3.28,Miami,French,692,3595,5,Health & Wellness,2021-09-16
20384,DataTech Solutions,Email,All Ages,15 days,Email,0.09,"$12,884.00",5.11,Houston,French,231,5996,7,Outdoor Adventurers,2021-11-05
20387,Alpha Innovations,Influencer,Men 18-24,15 days,Facebook,0.01,"$6,222.00",6.67,Los Angeles,German,647,9338,3,Fashionistas,2021-11-08
20424,Alpha Innovations,Search,Women 35-44,15 days,Website,0.09,"$8,402.00",4.8,Chicago,Spanish,855,1705,6,Outdoor Adventurers,2021-12-15
20438,Innovate Industries,Social Media,Women 25-34,30 days,Instagram,0.14,"$13,692.00",7.05,Miami,French,954,9600,1,Foodies,2021-12-29
20469,TechCorp,Display,Men 18-24,15 days,Email,0.09,"$8,226.00",4.69,Houston,Spanish,538,2968,8,Outdoor Adventurers,2021-01-29
20525,NexGen Systems,Influencer,All Ages,15 days,Instagram,0.1,"$19,608.00",3.83,Chicago,German,371,8983,10,Outdoor Adventurers,2021-03-26
20575,NexGen Systems,Influencer,All Ages,60 days,YouTube,0.06,"$16,076.00",2.34,Los Angeles,Spanish,785,1676,9,Fashionistas,2021-05-15
20671,Innovate Industries,Influencer,All Ages,15 days,Instagram,0.08,"$17,752.00",2.81,New York,English,535,2028,6,Fashionistas,2021-08-19
20690,TechCorp,Display,Men 18-24,15 days,YouTube,0.12,"$14,515.00",4.79,New York,Mandarin,521,4843,9,Fashionistas,2021-09-07
20698,Alpha Innovations,Display,Women 25-34,15 days,Instagram,0.03,"$16,540.00",6.12,New York,German,315,1899,4,Health & Wellness,2021-09-15
20741,Alpha Innovations,Social Media,Men 18-24,15 days,Instagram,0.13,"$19,268.00",6.43,Houston,Spanish,202,8775,6,Outdoor Adventurers,2021-10-28
20756,Alpha Innovations,Search,All Ages,60 days,Facebook,0.02,"$12,044.00",6.94,Chicago,French,613,2587,6,Fashionistas,2021-11-12
20760,DataTech Solutions,Social Media,Women 25-34,15 days,Website,0.05,"$10,311.00",6.56,Chicago,French,966,8066,9,Outdoor Adventurers,2021-11-16
20850,DataTech Solutions,Social Media,Women 25-34,15 days,Facebook,0.14,"$14,765.00",2.29,Los Angeles,Mandarin,644,2174,4,Health & Wellness,2021-02-14
20953,DataTech Solutions,Influencer,Men 25-34,45 days,YouTube,0.13,"$6,703.00",2.69,Houston,German,987,8988,3,Foodies,2021-05-28
21203,Alpha Innovations,Search,All Ages,15 days,Google Ads,0.04,"$14,807.00",3.82,Los Angeles,German,870,9541,9,Fashionistas,2021-02-02
21238,Alpha Innovations,Email,Women 25-34,60 days,Website,0.04,"$8,380.00",5.95,Houston,English,571,3698,6,Health & Wellness,2021-03-09
21350,NexGen Systems,Search,Women 25-34,45 days,Instagram,0.05,"$6,612.00",2.68,Los Angeles,English,404,3117,6,Tech Enthusiasts,2021-06-29
21380,DataTech Solutions,Email,Women 25-34,60 days,Google Ads,0.08,"$11,496.00",2.51,Chicago,French,536,4820,2,Foodies,2021-07-29
21572,Alpha Innovations,Search,Women 25-34,60 days,YouTube,0.11,"$6,189.00",2.81,New York,English,336,7291,7,Outdoor Adventurers,2021-02-06
21615,Innovate Industries,Email,Women 35-44,30 days,Facebook,0.14,"$12,673.00",6.93,New York,Spanish,749,1749,4,Health & Wellness,2021-03-21
21647,Innovate Industries,Social Media,Women 25-34,60 days,Email,0.14,"$10,462.00",4.66,New York,English,100,7465,9,Outdoor Adventurers,2021-04-22
21680,NexGen Systems,Display,Men 18-24,30 days,Facebook,0.14,"$9,317.00",6.33,Chicago,French,199,4376,1,Outdoor Adventurers,2021-05-25
21701,Alpha Innovations,Search,All Ages,15 days,Google Ads,0.11,"$19,570.00",3.81,Miami,Spanish,463,4200,9,Health & Wellness,2021-06-15
21732,DataTech Solutions,Display,All Ages,30 days,Website,0.08,"$11,245.00",2.35,New York,English,188,2343,1,Foodies,2021-07-16
21770,TechCorp,Email,Men 25-34,45 days,Email,0.02,"$15,271.00",7.59,Houston,German,209,4346,3,Foodies,2021-08-23
21772,Innovate Industries,Email,Men 18-24,60 days,Facebook,0.14,"$6,021.00",6.83,Los Angeles,French,665,5074,9,Foodies,2021-08-25
21813,TechCorp,Search,Women 25-34,45 days,Email,0.02,"$17,070.00",7.32,Chicago,German,443,9056,8,Fashionistas,2021-10-05
21863,TechCorp,Display,Women 35-44,30 days,Instagram,0.14,"$16,899.00",3.01,Los Angeles,Spanish,664,6976,6,Tech Enthusiasts,2021-11-24
21873,Alpha Innovations,Influencer,All Ages,30 days,Website,0.06,"$8,739.00",2.46,Houston,Spanish,812,9471,2,Foodies,2021-12-04
21895,Alpha Innovations,Social Media,Men 25-34,30 days,Email,0.13,"$8,409.00",4.2,Chicago,English,447,1551,6,Tech Enthusiasts,2021-12-26
22171,NexGen Systems,Email,All Ages,30 days,Email,0.03,"$19,574.00",5.01,Miami,French,245,5434,8,Fashionistas,2021-09-28
22312,DataTech Solutions,Influencer,Men 18-24,60 days,Website,0.13,"$18,182.00",7.59,New York,Mandarin,846,2256,7,Tech Enthusiasts,2021-02-16
22334,TechCorp,Social Media,Women 25-34,30 days,Website,0.07,"$16,177.00",2.91,Los Angeles,English,953,9394,7,Fashionistas,2021-03-10
22374,Alpha Innovations,Email,Women 35-44,45 days,Instagram,0.03,"$7,171.00",2.95,Miami,French,716,5751,5,Outdoor Adventurers,2021-04-19
22462,TechCorp,Influencer,Men 18-24,15 days,Facebook,0.02,"$14,181.00",3.31,Miami,French,400,7894,9,Tech Enthusiasts,2021-07-16
22495,TechCorp,Social Media,Men 25-34,45 days,Email,0.03,"$9,404.00",4.87,Chicago,Spanish,173,6638,5,Fashionistas,2021-08-18
22515,Alpha Innovations,Search,All Ages,15 days,Website,0.1,"$13,253.00",3.81,Los Angeles,Mandarin,849,5177,7,Fashionistas,2021-09-07
22519,Innovate Industries,Search,Men 25-34,15 days,YouTube,0.15,"$6,895.00",7.21,Los Angeles,English,215,6881,8,Foodies,2021-09-11
22572,TechCorp,Display,Men 18-24,45 days,Email,0.01,"$5,213.00",2.89,New York,French,793,7923,7,Health & Wellness,2021-11-03
22587,NexGen Systems,Influencer,Women 25-34,45 days,Facebook,0.14,"$14,177.00",4.28,New York,French,317,1369,10,Outdoor Adventurers,2021-11-18
22608,NexGen Systems,Display,Men 25-34,45 days,Google Ads,0.12,"$7,612.00",7.63,Chicago,French,172,5297,1,Foodies,2021-12-09
22649,TechCorp,Influencer,Women 25-34,15 days,Instagram,0.02,"$15,630.00",2.81,New York,English,973,9721,5,Health & Wellness,2021-01-19
22676,Alpha Innovations,Display,Men 25-34,60 days,Facebook,0.06,"$13,847.00",3.28,New York,Mandarin,825,6518,5,Health & Wellness,2021-02-15
22684,NexGen Systems,Email,All Ages,60 days,Website,0.01,"$8,675.00",6.29,Los Angeles,Spanish,714,8446,8,Health & Wellness,2021-02-23
22699,DataTech Solutions,Social Media,Men 18-24,45 days,Email,0.15,"$10,878.00",2.94,Miami,Mandarin,386,8564,4,Health & Wellness,2021-03-10
22726,Alpha Innovations,Display,Women 25-34,60 days,Instagram,0.14,"$18,552.00",5.13,New York,English,392,6776,4,Fashionistas,2021-04-06
22761,NexGen Systems,Social Media,Men 18-24,60 days,Instagram,0.12,"$13,949.00",2.15,New York,Mandarin,757,1444,4,Health & Wellness,2021-05-11
22919,NexGen Systems,Email,Men 25-34,60 days,Facebook,0.12,"$7,231.00",3.64,Houston,French,276,9666,6,Health & Wellness,2021-10-16
23070,NexGen Systems,Social Media,Men 25-34,45 days,Facebook,0.07,"$11,061.00",7.29,Miami,Spanish,648,5704,4,Health & Wellness,2021-03-16
23073,Alpha Innovations,Search,All Ages,45 days,Instagram,0.09,"$9,119.00",6.32,Chicago,Spanish,452,4212,2,Foodies,2021-03-19
23091,Innovate Industries,Email,Men 18-24,45 days,Email,0.09,"$19,769.00",4.67,Houston,English,716,1659,10,Fashionistas,2021-04-06
23172,NexGen Systems,Search,Men 18-24,15 days,Facebook,0.1,"$18,725.00",2.15,New York,Spanish,190,2322,4,Health & Wellness,2021-06-26
23209,TechCorp,Display,Women 35-44,30 days,Website,0.1,"$14,337.00",4.0,Los Angeles,Mandarin,801,2063,6,Tech Enthusiasts,2021-08-02
23210,TechCorp,Email,Men 18-24,45 days,Facebook,0.05,"$19,123.00",3.3,Houston,German,110,8164,7,Fashionistas,2021-08-03
23212,DataTech Solutions,Social Media,Men 25-34,15 days,Email,0.15,"$8,466.00",5.89,Houston,English,386,7317,6,Outdoor Adventurers,2021-08-05
23224,Alpha Innovations,Influencer,Men 18-24,45 days,Facebook,0.08,"$5,036.00",7.88,Los Angeles,English,141,7029,9,Outdoor Adventurers,2021-08-17
23232,DataTech Solutions,Display,Men 25-34,30 days,Instagram,0.06,"$15,497.00",2.8,New York,French,993,5642,1,Fashionistas,2021-08-25
23240,Alpha Innovations,Search,Men 18-24,15 days,Facebook,0.09,"$18,095.00",5.58,Los Angeles,Spanish,563,4428,8,Fashionistas,2021-09-02
23254,Innovate Industries,Influencer,Women 35-44,30 days,Instagram,0.08,"$15,167.00",3.55,Chicago,French,663,7580,3,Foodies,2021-09-16
23275,NexGen Systems,Influencer,Men 18-24,45 days,YouTube,0.08,"$17,549.00",7.93,Los Angeles,Mandarin,259,9911,3,Tech Enthusiasts,2021-10-07
23347,Alpha Innovations,Search,Men 25-34,15 days,Google Ads,0.01,"$8,339.00",7.49,Chicago,English,543,3293,2,Health & Wellness,2021-12-18
23401,TechCorp,Social Media,Women 25-34,45 days,Email,0.12,"$7,617.00",6.27,Miami,Mandarin,919,1654,7,Fashionistas,2021-02-10
23421,Innovate Industries,Display,All Ages,30 days,Google Ads,0.08,"$10,415.00",7.56,Chicago,English,816,6174,9,Fashionistas,2021-03-02
23466,Alpha Innovations,Display,Women 35-44,60 days,YouTube,0.05,"$5,382.00",2.13,New York,Spanish,290,7884,2,Tech Enthusiasts,2021-04-16
23468,Alpha Innovations,Social Media,Men 25-34,60 days,Website,0.11,"$13,886.00",3.57,Chicago,German,840,1147,5,Outdoor Adventurers,2021-04-18
23512,Innovate Industries,Social Media,Women 25-34,15 days,Instagram,0.11,"$19,286.00",4.33,Chicago,German,991,5535,4,Tech Enthusiasts,2021-06-01
23523,Alpha Innovations,Social Media,Men 25-34,30 days,Instagram,0.1,"$14,003.00",7.22,Houston,French,837,7033,4,Tech Enthusiasts,2021-06-12
23524,Alpha Innovations,Search,Men 25-34,30 days,YouTube,0.11,"$6,533.00",7.99,Miami,Spanish,849,4903,9,Tech Enthusiasts,2021-06-13
23536,DataTech Solutions,Display,Women 35-44,45 days,Instagram,0.13,"$9,400.00",5.92,New York,English,172,4349,9,Health & Wellness,2021-06-25
23572,NexGen Systems,Influencer,Men 18-24,60 days,YouTube,0.01,"$19,601.00",5.36,Houston,German,766,5465,9,Foodies,2021-07-31
23588,Alpha Innovations,Social Media,All Ages,30 days,Email,0.09,"$8,298.00",3.07,Miami,German,437,3650,2,Health & Wellness,2021-08-16
23589,DataTech Solutions,Social Media,Men 18-24,30 days,Facebook,0.07,"$13,912.00",2.21,New York,German,808,3411,4,Tech Enthusiasts,2021-08-17
23591,Alpha Innovations,Email,Women 35-44,45 days,Email,0.04,"$9,583.00",5.34,Los Angeles,German,118,3456,7,Foodies,2021-08-19
23662,TechCorp,Search,All Ages,30 days,Email,0.07,"$19,630.00",7.2,Houston,Mandarin,374,3979,3,Health & Wellness,2021-10-29
23678,Alpha Innovations,Email,Women 35-44,30 days,Website,0.06,"$17,573.00",6.4,Houston,German,220,6313,2,Foodies,2021-11-14
23684,NexGen Systems,Influencer,All Ages,60 days,Google Ads,0.03,"$8,291.00",5.27,Houston,German,477,9878,5,Tech Enthusiasts,2021-11-20
23687,NexGen Systems,Email,Men 18-24,15 days,Facebook,0.06,"$6,892.00",7.98,Chicago,English,167,5659,10,Health & Wellness,2021-11-23
23688,NexGen Systems,Search,Women 25-34,45 days,Google Ads,0.14,"$19,912.00",3.09,Chicago,Spanish,937,9686,8,Health & Wellness,2021-11-24
23689,Alpha Innovations,Influencer,Men 18-24,60 days,Website,0.11,"$15,763.00",5.51,Los Angeles,German,294,1058,7,Foodies,2021-11-25
23735,NexGen Systems,Influencer,Men 25-34,45 days,Email,0.14,"$11,844.00",5.11,Miami,French,428,2741,3,Health & Wellness,2021-01-10
23751,NexGen Systems,Influencer,Men 18-24,30 days,Facebook,0.07,"$14,044.00",6.26,Miami,German,811,9140,4,Health & Wellness,2021-01-26
23765,Alpha Innovations,Search,Women 35-44,60 days,Instagram,0.09,"$19,106.00",6.87,Miami,French,820,8807,10,Foodies,2021-02-09
23948,Innovate Industries,Influencer,Men 25-34,30 days,YouTube,0.04,"$16,066.00",6.98,New York,Spanish,417,9691,8,Fashionistas,2021-08-11
24097,Innovate Industries,Email,Women 25-34,60 days,Google Ads,0.09,"$12,857.00",7.49,Houston,English,585,7063,8,Outdoor Adventurers,2021-01-07
24141,NexGen Systems,Influencer,Women 25-34,45 days,Email,0.14,"$17,633.00",2.99,Chicago,German,172,3581,8,Fashionistas,2021-02-20
24146,TechCorp,Email,Women 25-34,30 days,Google Ads,0.13,"$12,154.00",4.06,Los Angeles,English,657,6247,7,Health & Wellness,2021-02-25
24170,Innovate Industries,Display,Women 25-34,15 days,Website,0.12,"$18,065.00",3.35,Miami,Mandarin,658,5473,2,Health & Wellness,2021-03-21
24197,TechCorp,Email,Men 25-34,45 days,Email,0.1,"$11,905.00",6.86,New York,French,572,1183,1,Outdoor Adventurers,2021-04-17
24204,DataTech Solutions,Social Media,Women 25-34,30 days,Website,0.12,"$11,205.00",2.57,Houston,French,776,9582,4,Health & Wellness,2021-04-24
24259,DataTech Solutions,Display,Men 18-24,15 days,Google Ads,0.07,"$9,177.00",6.71,Miami,Mandarin,121,9003,7,Tech Enthusiasts,2021-06-18
24357,TechCorp,Social Media,Women 25-34,15 days,YouTube,0.08,"$15,283.00",2.78,Chicago,German,538,3843,4,Health & Wellness,2021-09-24
24383,NexGen Systems,Influencer,Women 25-34,30 days,Instagram,0.14,"$17,470.00",2.66,New York,English,534,6378,9,Outdoor Adventurers,2021-10-20
24451,Alpha Innovations,Display,Women 25-34,30 days,Facebook,0.05,"$15,817.00",4.27,Houston,Spanish,318,2575,9,Fashionistas,2021-12-27
24478,NexGen Systems,Display,All Ages,15 days,Facebook,0.02,"$18,836.00",4.76,Miami,English,369,5429,4,Health & Wellness,2021-01-23
24482,Alpha Innovations,Influencer,Men 25-34,30 days,Facebook,0.06,"$5,520.00",4.14,Miami,French,683,3287,4,Outdoor Adventurers,2021-01-27
24495,Alpha Innovations,Search,Women 35-44,15 days,YouTube,0.05,"$19,989.00",5.39,Chicago,English,523,6208,1,Fashionistas,2021-02-09
24500,Alpha Innovations,Search,Men 25-34,15 days,Email,0.09,"$12,118.00",6.24,Houston,Spanish,535,1607,6,Foodies,2021-02-14
24547,DataTech Solutions,Influencer,Women 35-44,30 days,Website,0.02,"$12,129.00",2.04,Miami,Spanish,604,1070,4,Tech Enthusiasts,2021-04-02
24548,Innovate Industries,Influencer,Men 25-34,60 days,Website,0.01,"$15,140.00",6.93,Los Angeles,English,405,9457,3,Outdoor Adventurers,2021-04-03
24571,TechCorp,Social Media,Men 18-24,15 days,YouTube,0.03,"$13,943.00",6.26,Los Angeles,German,941,7040,6,Health & Wellness,2021-04-26
24572,NexGen Systems,Display,All Ages,30 days,YouTube,0.02,"$12,555.00",2.66,New York,French,637,8425,5,Health & Wellness,2021-04-27
24626,Alpha Innovations,Email,Men 25-34,45 days,Email,0.11,"$16,802.00",4.52,Houston,Spanish,180,5540,3,Outdoor Adventurers,2021-06-20
24628,NexGen Systems,Influencer,Women 25-34,30 days,Google Ads,0.11,"$5,421.00",3.6,Los Angeles,English,974,5895,1,Health & Wellness,2021-06-22
24682,Alpha Innovations,Display,Men 18-24,45 days,YouTube,0.07,"$7,595.00",5.9,Houston,Spanish,273,3223,2,Tech Enthusiasts,2021-08-15
24713,TechCorp,Display,All Ages,45 days,Instagram,0.02,"$17,263.00",2.72,Miami,German,744,8868,3,Tech Enthusiasts,2021-09-15
24741,Alpha Innovations,Email,Women 35-44,60 days,Facebook,0.12,"$15,693.00",4.29,Miami,German,471,8683,9,Outdoor Adventurers,2021-10-13
24793,Innovate Industries,Display,Women 25-34,15 days,YouTube,0.05,"$13,472.00",2.45,Chicago,Mandarin,489,7417,3,Foodies,2021-12-04
24807,Alpha Innovations,Influencer,All Ages,15 days,Email,0.03,"$17,035.00",7.96,Houston,Spanish,275,6128,5,Tech Enthusiasts,2021-12-18
24825,Alpha Innovations,Influencer,All Ages,60 days,Facebook,0.04,"$15,211.00",2.31,New York,French,213,9945,4,Foodies,2021-01-05
24855,Innovate Industries,Email,Women 35-44,30 days,Email,0.02,"$17,458.00",7.73,Los Angeles,English,355,7147,8,Tech Enthusiasts,2021-02-04
24927,NexGen Systems,Search,Women 25-34,60 days,Website,0.11,"$6,046.00",3.16,Los Angeles,French,742,5528,8,Tech Enthusiasts,2021-04-17
24937,Innovate Industries,Social Media,Women 35-44,45 days,Google Ads,0.11,"$10,740.00",3.53,Chicago,Mandarin,126,3243,2,Foodies,2021-04-27
25048,TechCorp,Influencer,Women 35-44,45 days,Email,0.06,"$14,429.00",7.97,Miami,French,978,4900,4,Tech Enthusiasts,2021-08-16
25112,NexGen Systems,Influencer,Women 25-34,30 days,Website,0.04,"$10,575.00",5.23,Los Angeles,English,291,6743,2,Outdoor Adventurers,2021-10-19
25183,NexGen Systems,Search,Women 35-44,15 days,Google Ads,0.06,"$7,921.00",5.98,New York,French,545,7853,10,Health & Wellness,2021-12-29
25184,NexGen Systems,Social Media,Women 35-44,30 days,Instagram,0.07,"$14,491.00",4.49,Chicago,English,736,5468,8,Outdoor Adventurers,2021-12-30
25205,Innovate Industries,Email,Men 25-34,60 days,Google Ads,0.1,"$5,317.00",3.53,Houston,French,479,8650,1,Tech Enthusiasts,2021-01-20
25338,DataTech Solutions,Influencer,Women 35-44,60 days,Facebook,0.11,"$7,150.00",6.86,Chicago,Mandarin,923,1519,1,Health & Wellness,2021-06-02
25354,Alpha Innovations,Influencer,Women 35-44,45 days,Instagram,0.07,"$9,362.00",4.58,Los Angeles,Spanish,259,4877,3,Tech Enthusiasts,2021-06-18
25368,Alpha Innovations,Social Media,Men 18-24,45 days,Google Ads,0.13,"$6,789.00",4.75,Miami,Mandarin,495,3886,5,Fashionistas,2021-07-02
25372,Innovate Industries,Email,Women 35-44,60 days,Instagram,0.12,"$19,267.00",5.4,Chicago,Spanish,444,6873,2,Health & Wellness,2021-07-06
25390,TechCorp,Display,Women 25-34,60 days,Instagram,0.07,"$7,690.00",5.7,Miami,Spanish,572,1795,6,Foodies,2021-07-24
25398,Innovate Industries,Influencer,Women 35-44,15 days,YouTube,0.06,"$18,342.00",2.64,Houston,Mandarin,381,7189,3,Fashionistas,2021-08-01
25519,TechCorp,Influencer,Women 25-34,60 days,YouTube,0.14,"$18,430.00",2.13,Chicago,English,954,6156,7,Health & Wellness,2021-11-30
25592,DataTech Solutions,Search,Men 25-34,15 days,Facebook,0.14,"$7,120.00",4.9,Houston,English,982,2931,1,Tech Enthusiasts,2021-02-11
25644,NexGen Systems,Email,Men 18-24,60 days,Google Ads,0.13,"$11,411.00",7.16,New York,German,186,4875,5,Health & Wellness,2021-04-04
25661,Innovate Industries,Display,Women 35-44,60 days,Facebook,0.12,"$16,348.00",4.38,New York,French,737,7699,3,Outdoor Adventurers,2021-04-21
25674,Innovate Industries,Email,Men 18-24,30 days,Facebook,0.05,"$18,475.00",7.82,Los Angeles,German,525,8339,5,Tech Enthusiasts,2021-05-04
25687,DataTech Solutions,Search,Men 18-24,15 days,Email,0.1,"$19,097.00",7.53,Miami,Spanish,589,2634,1,Outdoor Adventurers,2021-05-17
25739,TechCorp,Display,Men 18-24,30 days,Facebook,0.07,"$7,326.00",6.87,Houston,German,522,9733,8,Health & Wellness,2021-07-08
25752,Innovate Industries,Email,Men 25-34,45 days,Email,0.12,"$6,700.00",3.44,Chicago,German,878,4307,3,Health & Wellness,2021-07-21
25800,Alpha Innovations,Influencer,Women 35-44,45 days,Instagram,0.13,"$8,005.00",2.04,Houston,German,569,4571,5,Health & Wellness,2021-09-07
25809,TechCorp,Email,Men 18-24,30 days,YouTube,0.03,"$14,765.00",3.92,Miami,German,245,6449,10,Health & Wellness,2021-09-16
25828,Alpha Innovations,Email,Men 18-24,30 days,Google Ads,0.14,"$13,717.00",5.29,Miami,French,879,9713,4,Fashionistas,2021-10-05
25954,Alpha Innovations,Social Media,All Ages,45 days,YouTube,0.08,"$16,519.00",2.07,Houston,Spanish,350,9645,3,Tech Enthusiasts,2021-02-08
25987,Alpha Innovations,Email,All Ages,15 days,Google Ads,0.02,"$10,314.00",4.12,New York,English,532,9919,6,Fashionistas,2021-03-13
26028,TechCorp,Search,Women 35-44,15 days,Facebook,0.04,"$15,960.00",2.23,Los Angeles,English,620,5689,5,Health & Wellness,2021-04-23
26045,NexGen Systems,Search,Women 25-34,15 days,Email,0.03,"$17,315.00",3.57,Houston,German,113,6293,6,Health & Wellness,2021-05-10
26147,DataTech Solutions,Influencer,All Ages,30 days,YouTube,0.11,"$16,777.00",7.87,Los Angeles,Spanish,806,3065,6,Foodies,2021-08-20
26181,Innovate Industries,Search,Men 18-24,45 days,Facebook,0.06,"$16,544.00",5.09,Houston,English,282,1222,9,Tech Enthusiasts,2021-09-23
26228,Innovate Industries,Social Media,Men 18-24,15 days,Google Ads,0.11,"$13,908.00",7.53,New York,Spanish,487,4423,5,Foodies,2021-11-09
26236,TechCorp,Email,Women 35-44,15 days,Email,0.02,"$17,516.00",2.5,New York,French,140,7849,5,Health & Wellness,2021-11-17
26289,NexGen Systems,Search,Women 35-44,15 days,Website,0.02,"$6,815.00",5.17,Los Angeles,German,574,2224,5,Health & Wellness,2021-01-09
26457,Innovate Industries,Influencer,All Ages,45 days,Website,0.1,"$6,717.00",2.38,New York,English,130,7273,10,Foodies,2021-06-26
26482,NexGen Systems,Search,Women 25-34,60 days,Google Ads,0.06,"$5,710.00",6.06,Houston,French,428,2364,2,Health & Wellness,2021-07-21
26495,TechCorp,Social Media,Men 25-34,45 days,Facebook,0.02,"$11,271.00",3.49,New York,German,395,3607,2,Health & Wellness,2021-08-03
26520,DataTech Solutions,Search,All Ages,45 days,Website,0.07,"$17,254.00",4.18,Miami,Mandarin,657,4326,7,Fashionistas,2021-08-28
26622,Alpha Innovations,Influencer,Men 25-34,15 days,Instagram,0.04,"$18,746.00",2.86,Chicago,French,891,7869,5,Health & Wellness,2021-12-08
26624,NexGen Systems,Email,Women 35-44,30 days,Facebook,0.09,"$5,319.00",5.12,New York,English,886,7824,1,Fashionistas,2021-12-10
26646,Alpha Innovations,Influencer,Men 25-34,15 days,Website,0.08,"$17,083.00",2.28,Houston,French,640,9201,2,Fashionistas,2021-01-01
26722,TechCorp,Search,Women 25-34,15 days,Instagram,0.03,"$11,518.00",4.62,Chicago,French,671,7046,7,Fashionistas,2021-03-18
26754,Alpha Innovations,Influencer,Men 25-34,60 days,Email,0.02,"$13,540.00",6.94,Miami,English,456,6390,10,Outdoor Adventurers,2021-04-19
26817,Alpha Innovations,Display,Men 25-34,60 days,YouTube,0.08,"$11,223.00",5.58,Miami,Spanish,248,5999,6,Foodies,2021-06-21
26828,Innovate Industries,Email,All Ages,30 days,Instagram,0.05,"$6,474.00",2.88,Chicago,Spanish,891,2476,6,Fashionistas,2021-07-02
26899,TechCorp,Social Media,Men 18-24,60 days,Website,0.11,"$12,632.00",4.94,New York,English,270,2953,1,Health & Wellness,2021-09-11
27055,DataTech Solutions,Influencer,Men 25-34,30 days,YouTube,0.14,"$18,001.00",5.75,Miami,Mandarin,740,5446,9,Fashionistas,2021-02-14
27086,TechCorp,Display,All Ages,30 days,YouTube,0.12,"$8,986.00",4.51,Chicago,French,222,5610,5,Outdoor Adventurers,2021-03-17
27100,Alpha Innovations,Influencer,Men 18-24,60 days,Website,0.08,"$18,599.00",7.82,New York,French,509,2296,2,Foodies,2021-03-31
27108,DataTech Solutions,Search,Men 25-34,30 days,Instagram,0.03,"$15,096.00",3.85,New York,Mandarin,128,1800,3,Foodies,2021-04-08
27246,Innovate Industries,Social Media,Women 25-34,60 days,Instagram,0.02,"$16,272.00",3.74,Chicago,French,254,8706,4,Tech Enthusiasts,2021-08-24
27254,TechCorp,Search,Women 35-44,30 days,Facebook,0.06,"$17,562.00",4.54,Chicago,French,358,8903,3,Tech Enthusiasts,2021-09-01
27262,Innovate Industries,Display,All Ages,45 days,Website,0.14,"$14,528.00",7.55,New York,English,745,3952,5,Tech Enthusiasts,2021-09-09
27264,Innovate Industries,Email,Women 25-34,60 days,Instagram,0.03,"$17,817.00",4.29,New York,German,138,4052,2,Outdoor Adventurers,2021-09-11
27353,NexGen Systems,Search,Men 18-24,30 days,Facebook,0.06,"$15,831.00",6.08,Miami,Spanish,212,5949,8,Foodies,2021-12-09
27356,TechCorp,Search,Men 18-24,45 days,Facebook,0.03,"$17,544.00",7.54,Chicago,French,741,9487,5,Health & Wellness,2021-12-12
27382,NexGen Systems,Social Media,All Ages,45 days,Google Ads,0.08,"$5,751.00",6.48,Chicago,Mandarin,892,2233,3,Foodies,2021-01-07
27419,TechCorp,Email,All Ages,60 days,Email,0.06,"$14,478.00",4.23,Miami,French,160,1662,2,Outdoor Adventurers,2021-02-13
27481,TechCorp,Social Media,Women 25-34,60 days,YouTube,0.13,"$13,160.00",4.07,Los Angeles,French,726,5899,2,Fashionistas,2021-04-16
27531,DataTech Solutions,Display,Men 25-34,45 days,YouTube,0.02,"$18,939.00",6.18,Chicago,French,405,5755,2,Fashionistas,2021-06-05
27540,TechCorp,Display,All Ages,15 days,Google Ads,0.06,"$5,423.00",2.15,Los Angeles,German,148,8867,2,Health & Wellness,2021-06-14
27668,Innovate Industries,Social Media,Men 18-24,30 days,Email,0.06,"$5,200.00",6.21,Chicago,English,676,7263,3,Fashionistas,2021-10-20
27681,NexGen Systems,Email,Men 25-34,45 days,Facebook,0.04,"$6,962.00",5.24,Los Angeles,Mandarin,748,6827,1,Health & Wellness,2021-11-02
27743,Innovate Industries,Social Media,Men 18-24,15 days,Facebook,0.06,"$18,231.00",7.37,Miami,Mandarin,979,7429,5,Health & Wellness,2021-01-03
27749,TechCorp,Influencer,Men 25-34,60 days,Email,0.03,"$12,323.00",3.45,Chicago,German,529,5508,1,Foodies,2021-01-09
27762,NexGen Systems,Influencer,Men 25-34,45 days,Facebook,0.1,"$6,943.00",4.67,Los Angeles,English,477,8516,9,Fashionistas,2021-01-22
27771,Alpha Innovations,Search,Women 25-34,30 days,Instagram,0.01,"$9,852.00",4.42,New York,Mandarin,190,2776,1,Tech Enthusiasts,2021-01-31
27855,Innovate Industries,Search,Women 25-34,15 days,YouTube,0.12,"$7,553.00",4.74,New York,Spanish,209,7890,7,Fashionistas,2021-04-25
27856,Innovate Industries,Influencer,Women 35-44,30 days,Instagram,0.11,"$17,550.00",2.81,Houston,French,247,6859,5,Outdoor Adventurers,2021-04-26
27861,TechCorp,Display,Men 25-34,30 days,Facebook,0.11,"$6,828.00",4.6,Los Angeles,Mandarin,325,8865,9,Health & Wellness,2021-05-01
27875,Alpha Innovations,Search,All Ages,60 days,YouTube,0.1,"$7,028.00",2.05,Houston,German,514,2771,1,Tech Enthusiasts,2021-05-15
27887,Innovate Industries,Search,Men 18-24,30 days,Instagram,0.13,"$15,772.00",2.68,New York,Mandarin,511,4115,7,Outdoor Adventurers,2021-05-27
27895,TechCorp,Influencer,Men 25-34,45 days,YouTube,0.14,"$6,528.00",3.45,Houston,Spanish,826,7732,7,Foodies,2021-06-04
27897,TechCorp,Display,Men 25-34,60 days,Website,0.02,"$17,086.00",6.41,Miami,German,134,4473,10,Foodies,2021-06-06
27983,Innovate Industries,Search,Men 18-24,45 days,Website,0.03,"$11,945.00",3.77,Miami,Spanish,285,1322,6,Foodies,2021-08-31
27986,Alpha Innovations,Display,Men 25-34,45 days,Instagram,0.11,"$16,566.00",3.71,New York,German,329,4442,4,Tech Enthusiasts,2021-09-03
27992,TechCorp,Social Media,Women 25-34,15 days,Google Ads,0.06,"$14,678.00",5.39,New York,Mandarin,928,3795,5,Fashionistas,2021-09-09
28019,Alpha Innovations,Email,All Ages,15 days,Facebook,0.07,"$18,287.00",4.35,Chicago,English,663,5531,6,Health & Wellness,2021-10-06
28043,Alpha Innovations,Email,Men 18-24,45 days,Facebook,0.1,"$7,185.00",2.29,Chicago,French,738,2348,7,Fashionistas,2021-10-30
28050,NexGen Systems,Search,Women 25-34,45 days,Website,0.1,"$8,893.00",6.45,Los Angeles,Spanish,255,7336,6,Tech Enthusiasts,2021-11-06
28058,DataTech Solutions,Influencer,Women 35-44,30 days,Website,0.01,"$9,884.00",6.37,New York,Mandarin,989,7668,2,Foodies,2021-11-14
28150,TechCorp,Display,Women 35-44,60 days,Google Ads,0.07,"$5,399.00",2.23,Miami,English,431,2977,8,Health & Wellness,2021-02-14
28192,TechCorp,Search,Men 18-24,30 days,Email,0.12,"$12,726.00",7.78,New York,French,251,9115,5,Tech Enthusiasts,2021-03-28
28210,DataTech Solutions,Social Media,Men 25-34,30 days,Email,0.04,"$8,592.00",4.49,New York,Mandarin,609,1667,5,Health & Wellness,2021-04-15
28248,NexGen Systems,Search,All Ages,60 days,Email,0.14,"$14,979.00",4.2,Chicago,English,872,2284,2,Tech Enthusiasts,2021-05-23
28291,Alpha Innovations,Search,Women 25-34,15 days,Google Ads,0.02,"$10,633.00",7.43,New York,French,934,9479,10,Health & Wellness,2021-07-05
28341,DataTech Solutions,Search,Women 25-34,15 days,Email,0.12,"$10,491.00",7.95,Miami,French,542,1552,3,Foodies,2021-08-24
28369,Innovate Industries,Influencer,Women 25-34,45 days,YouTube,0.1,"$14,460.00",4.61,Los Angeles,Mandarin,749,3996,9,Outdoor Adventurers,2021-09-21
28406,Innovate Industries,Email,Men 18-24,15 days,Instagram,0.08,"$19,492.00",6.41,Los Angeles,Mandarin,755,7401,8,Outdoor Adventurers,2021-10-28
28412,NexGen Systems,Social Media,Men 18-24,30 days,Facebook,0.08,"$12,400.00",5.89,Chicago,Mandarin,487,6374,2,Foodies,2021-11-03
28419,Alpha Innovations,Search,Men 25-34,15 days,YouTube,0.12,"$14,346.00",7.1,Chicago,Mandarin,101,2587,6,Outdoor Adventurers,2021-11-10
28453,Alpha Innovations,Social Media,Women 25-34,45 days,YouTube,0.09,"$5,211.00",7.21,Chicago,Mandarin,366,5557,8,Tech Enthusiasts,2021-12-14
28456,Innovate Industries,Social Media,Women 25-34,45 days,Website,0.04,"$18,069.00",6.19,New York,German,654,2301,8,Outdoor Adventurers,2021-12-17
28511,TechCorp,Email,Men 25-34,60 days,Google Ads,0.09,"$12,192.00",6.77,Houston,English,900,4470,4,Health & Wellness,2021-02-10
28615,NexGen Systems,Social Media,Women 25-34,60 days,Email,0.07,"$8,513.00",7.59,Los Angeles,Spanish,493,1264,9,Health & Wellness,2021-05-25
28628,NexGen Systems,Search,Men 25-34,60 days,Facebook,0.15,"$5,395.00",3.81,Houston,English,769,9484,7,Tech Enthusiasts,2021-06-07
28679,Alpha Innovations,Display,Men 18-24,60 days,Instagram,0.06,"$14,449.00",5.64,Miami,English,235,3014,9,Outdoor Adventurers,2021-07-28
28687,TechCorp,Email,Women 25-34,60 days,Email,0.13,"$14,199.00",2.66,Los Angeles,German,507,2104,7,Outdoor Adventurers,2021-08-05
28711,Alpha Innovations,Display,Women 25-34,30 days,Instagram,0.12,"$9,040.00",6.87,Los Angeles,English,640,4960,5,Outdoor Adventurers,2021-08-29
28721,NexGen Systems,Search,Men 25-34,30 days,Instagram,0.05,"$18,581.00",3.5,Miami,English,850,5421,2,Outdoor Adventurers,2021-09-08
28742,DataTech Solutions,Display,All Ages,15 days,Google Ads,0.01,"$16,164.00",3.21,Houston,French,285,6527,5,Health & Wellness,2021-09-29
28778,NexGen Systems,Social Media,Men 25-34,30 days,Website,0.1,"$13,221.00",7.73,Chicago,French,461,4174,2,Outdoor Adventurers,2021-11-04
28812,Alpha Innovations,Influencer,All Ages,60 days,YouTube,0.12,"$6,599.00",6.88,New York,French,629,9577,2,Tech Enthusiasts,2021-12-08
28827,NexGen Systems,Search,Men 25-34,60 days,YouTube,0.06,"$5,732.00",4.47,New York,Spanish,834,5503,8,Tech Enthusiasts,2021-12-23
28845,TechCorp,Social Media,All Ages,45 days,Instagram,0.11,"$7,190.00",2.01,New York,Spanish,846,8494,3,Fashionistas,2021-01-10
28884,NexGen Systems,Influencer,All Ages,15 days,Website,0.03,"$12,680.00",7.23,Houston,Mandarin,427,3988,5,Fashionistas,2021-02-18
28891,NexGen Systems,Search,Men 25-34,30 days,YouTube,0.1,"$5,076.00",2.87,New York,Mandarin,981,1951,7,Fashionistas,2021-02-25
28908,Alpha Innovations,Display,Women 25-34,45 days,Email,0.07,"$19,023.00",7.94,New York,Mandarin,368,8778,6,Foodies,2021-03-14
28922,TechCorp,Display,All Ages,45 days,Google Ads,0.14,"$17,174.00",2.07,Miami,German,956,7449,3,Outdoor Adventurers,2021-03-28
28991,Innovate Industries,Search,Women 25-34,60 days,Instagram,0.05,"$13,384.00",6.71,Chicago,English,806,9642,1,Fashionistas,2021-06-05
29044,DataTech Solutions,Social Media,Women 25-34,45 days,Email,0.06,"$15,948.00",5.04,Miami,French,801,4435,2,Fashionistas,2021-07-28
29120,DataTech Solutions,Email,Women 35-44,45 days,Email,0.14,"$7,096.00",5.88,Miami,English,714,7698,5,Outdoor Adventurers,2021-10-12
29122,NexGen Systems,Search,Women 25-34,30 days,YouTube,0.09,"$12,519.00",2.12,Chicago,English,811,9648,9,Foodies,2021-10-14
29168,DataTech Solutions,Email,Men 25-34,30 days,Google Ads,0.02,"$17,297.00",4.32,Los Angeles,German,422,1944,10,Health & Wellness,2021-11-29
29190,Innovate Industries,Display,Men 18-24,60 days,Website,0.09,"$9,160.00",2.34,New York,Spanish,293,5563,2,Health & Wellness,2021-12-21
29199,NexGen Systems,Influencer,Women 35-44,15 days,Email,0.1,"$16,729.00",6.33,Chicago,French,513,5406,8,Fashionistas,2021-12-30
29209,DataTech Solutions,Social Media,Women 35-44,15 days,Facebook,0.09,"$15,095.00",3.4,New York,Mandarin,673,4210,3,Fashionistas,2021-01-09
29220,Alpha Innovations,Search,All Ages,45 days,Facebook,0.02,"$12,726.00",2.08,Miami,German,171,6885,5,Tech Enthusiasts,2021-01-20
29245,Innovate Industries,Influencer,All Ages,60 days,Email,0.14,"$15,577.00",6.88,New York,Spanish,863,4150,5,Fashionistas,2021-02-14
29278,Alpha Innovations,Social Media,Women 35-44,15 days,YouTube,0.07,"$15,758.00",3.66,Houston,Spanish,300,2528,3,Health & Wellness,2021-03-19
29314,NexGen Systems,Social Media,Women 35-44,45 days,Email,0.03,"$11,491.00",4.28,Chicago,German,766,8728,2,Fashionistas,2021-04-24
29322,Innovate Industries,Influencer,Men 25-34,30 days,Instagram,0.14,"$11,990.00",6.11,Miami,English,633,6225,6,Foodies,2021-05-02
29395,Alpha Innovations,Email,Men 25-34,45 days,Instagram,0.09,"$13,143.00",5.14,Houston,German,514,2488,4,Tech Enthusiasts,2021-07-14
29454,NexGen Systems,Influencer,Men 25-34,15 days,Google Ads,0.05,"$6,408.00",5.46,Los Angeles,German,424,8114,6,Fashionistas,2021-09-11
29455,TechCorp,Search,Women 35-44,30 days,YouTube,0.14,"$18,372.00",3.1,Houston,German,262,3895,5,Foodies,2021-09-12
29473,Innovate Industries,Email,Women 35-44,60 days,Email,0.11,"$14,668.00",5.35,New York,French,318,7897,5,Health & Wellness,2021-09-30
29497,NexGen Systems,Display,Men 18-24,15 days,Email,0.14,"$16,015.00",4.8,Los Angeles,Mandarin,944,7380,2,Foodies,2021-10-24
29507,Innovate Industries,Social Media,All Ages,15 days,Facebook,0.05,"$16,102.00",7.56,Houston,German,176,3885,7,Health & Wellness,2021-11-03
29550,NexGen Systems,Display,Women 25-34,30 days,Facebook,0.14,"$6,854.00",8.0,Miami,French,183,1765,4,Foodies,2021-12-16
29562,DataTech Solutions,Display,Women 35-44,30 days,Google Ads,0.03,"$16,238.00",6.18,Chicago,Spanish,240,7649,6,Foodies,2021-12-28
29600,Innovate Industries,Social Media,Men 25-34,60 days,Website,0.14,"$16,910.00",6.85,Houston,German,416,6874,6,Tech Enthusiasts,2021-02-04
29707,Alpha Innovations,Display,Men 25-34,15 days,Instagram,0.06,"$10,259.00",5.35,Miami,German,233,8692,4,Outdoor Adventurers,2021-05-22
29719,Alpha Innovations,Search,Women 25-34,60 days,Google Ads,0.15,"$11,668.00",7.98,Miami,English,659,9665,5,Outdoor Adventurers,2021-06-03
29734,NexGen Systems,Social Media,Men 18-24,60 days,Google Ads,0.08,"$10,688.00",7.69,Houston,Mandarin,291,3184,6,Health & Wellness,2021-06-18
29748,DataTech Solutions,Email,Men 25-34,15 days,Google Ads,0.14,"$16,650.00",4.4,New York,German,207,4212,5,Tech Enthusiasts,2021-07-02
29850,TechCorp,Search,Men 18-24,60 days,Facebook,0.1,"$19,337.00",6.61,Houston,French,702,4428,2,Tech Enthusiasts,2021-10-12
29901,Innovate Industries,Search,Men 18-24,45 days,Instagram,0.09,"$17,762.00",3.6,Chicago,Spanish,914,9522,3,Fashionistas,2021-12-02
29963,Innovate Industries,Email,All Ages,60 days,Instagram,0.03,"$10,443.00",5.86,New York,French,280,6091,8,Outdoor Adventurers,2021-02-02
29967,TechCorp,Influencer,Women 35-44,45 days,Instagram,0.11,"$10,289.00",4.63,New York,Spanish,347,8297,8,Foodies,2021-02-06
29983,DataTech Solutions,Display,Men 18-24,30 days,Email,0.01,"$5,542.00",5.12,New York,English,196,2759,7,Outdoor Adventurers,2021-02-22
30069,Innovate Industries,Search,Men 25-34,30 days,Google Ads,0.08,"$6,646.00",3.56,New York,Mandarin,701,8333,1,Tech Enthusiasts,2021-05-19
30075,TechCorp,Social Media,Women 25-34,15 days,Google Ads,0.11,"$18,925.00",6.72,Houston,English,538,7364,1,Fashionistas,2021-05-25
30095,Alpha Innovations,Social Media,Men 25-34,45 days,Facebook,0.04,"$14,177.00",6.97,Miami,German,987,8296,9,Foodies,2021-06-14
30141,TechCorp,Search,Women 35-44,45 days,YouTube,0.04,"$8,314.00",3.49,New York,German,465,5795,6,Outdoor Adventurers,2021-07-30
30190,TechCorp,Display,Women 25-34,30 days,YouTube,0.04,"$7,174.00",7.95,Los Angeles,Mandarin,780,1220,2,Foodies,2021-09-17
30243,Alpha Innovations,Email,All Ages,15 days,Website,0.07,"$19,747.00",6.89,Houston,Spanish,715,7448,5,Tech Enthusiasts,2021-11-09
30257,Innovate Industries,Social Media,Men 25-34,30 days,Email,0.12,"$7,575.00",2.58,Miami,English,626,2215,7,Foodies,2021-11-23
30281,TechCorp,Email,Women 35-44,15 days,YouTube,0.14,"$8,896.00",6.84,Los Angeles,German,129,9955,7,Outdoor Adventurers,2021-12-17
30316,NexGen Systems,Influencer,Women 35-44,30 days,Website,0.14,"$15,511.00",3.09,Chicago,Spanish,533,2478,4,Tech Enthusiasts,2021-01-21
30328,Alpha Innovations,Email,Men 18-24,15 days,Facebook,0.14,"$16,240.00",6.52,Chicago,German,159,8278,6,Health & Wellness,2021-02-02
30335,NexGen Systems,Display,Women 35-44,60 days,Email,0.05,"$5,908.00",3.27,Chicago,German,816,9929,9,Outdoor Adventurers,2021-02-09
30359,Innovate Industries,Display,Women 25-34,15 days,Facebook,0.04,"$16,965.00",5.76,Los Angeles,French,261,5112,9,Health & Wellness,2021-03-05
30419,Alpha Innovations,Search,Women 25-34,45 days,Website,0.06,"$13,969.00",7.07,Chicago,French,907,2581,7,Tech Enthusiasts,2021-05-04
30434,TechCorp,Display,Women 35-44,15 days,Facebook,0.12,"$19,801.00",3.08,Miami,Spanish,640,2341,9,Fashionistas,2021-05-19
30457,NexGen Systems,Social Media,Men 18-24,45 days,Google Ads,0.06,"$10,905.00",7.83,Los Angeles,English,843,8494,10,Tech Enthusiasts,2021-06-11
30595,TechCorp,Email,Men 18-24,15 days,Facebook,0.05,"$16,242.00",7.52,Los Angeles,German,107,6309,7,Foodies,2021-10-27
30606,DataTech Solutions,Email,Women 25-34,60 days,Instagram,0.02,"$9,728.00",5.33,Chicago,English,756,8209,5,Foodies,2021-11-07
30669,DataTech Solutions,Influencer,Men 25-34,15 days,YouTube,0.06,"$16,408.00",4.18,Los Angeles,Spanish,605,6000,2,Outdoor Adventurers,2021-01-09
30678,Innovate Industries,Influencer,Women 25-34,30 days,Instagram,0.13,"$7,376.00",2.1,Los Angeles,Spanish,939,3220,2,Health & Wellness,2021-01-18
30727,DataTech Solutions,Display,Women 35-44,15 days,YouTube,0.02,"$16,853.00",5.82,Houston,Spanish,530,2493,7,Fashionistas,2021-03-08
30731,TechCorp,Social Media,Women 25-34,60 days,Google Ads,0.05,"$10,433.00",6.81,New York,Mandarin,113,3404,3,Health & Wellness,2021-03-12
30812,Innovate Industries,Search,Men 25-34,15 days,Instagram,0.14,"$17,163.00",4.81,Miami,German,378,4644,3,Fashionistas,2021-06-01
30856,DataTech Solutions,Social Media,Women 25-34,15 days,Google Ads,0.05,"$5,714.00",2.32,Houston,English,275,1503,7,Fashionistas,2021-07-15
30939,DataTech Solutions,Social Media,Men 18-24,30 days,Website,0.04,"$10,311.00",4.94,Houston,English,209,5081,4,Outdoor Adventurers,2021-10-06
30963,TechCorp,Search,Men 25-34,60 days,Website,0.02,"$11,660.00",5.47,Chicago,French,444,3378,3,Tech Enthusiasts,2021-10-30
30995,NexGen Systems,Display,Men 18-24,45 days,Instagram,0.05,"$18,408.00",3.66,Houston,Spanish,170,7715,10,Health & Wellness,2021-12-01
31039,Innovate Industries,Social Media,Women 25-34,60 days,Facebook,0.07,"$8,881.00",3.0,Los Angeles,English,536,4442,5,Tech Enthusiasts,2021-01-14
31070,TechCorp,Email,Women 25-34,30 days,Instagram,0.14,"$13,977.00",5.59,Houston,French,929,7925,1,Outdoor Adventurers,2021-02-14
31079,TechCorp,Email,Women 35-44,45 days,Website,0.02,"$15,957.00",7.17,Los Angeles,English,908,1063,8,Fashionistas,2021-02-23
31080,TechCorp,Social Media,All Ages,60 days,YouTube,0.03,"$11,725.00",6.05,Miami,French,537,3760,9,Fashionistas,2021-02-24
31092,TechCorp,Search,All Ages,30 days,YouTube,0.09,"$12,437.00",3.13,New York,German,745,9886,2,Tech Enthusiasts,2021-03-08
31109,NexGen Systems,Display,Men 25-34,30 days,Instagram,0.1,"$11,156.00",5.74,Chicago,Spanish,816,2388,4,Foodies,2021-03-25
31135,NexGen Systems,Email,Women 35-44,45 days,Google Ads,0.03,"$19,619.00",6.0,Chicago,English,566,4071,2,Foodies,2021-04-20
31137,TechCorp,Email,Men 25-34,30 days,YouTube,0.07,"$11,551.00",6.33,Houston,Mandarin,423,4308,5,Fashionistas,2021-04-22
31143,NexGen Systems,Email,Women 25-34,60 days,Facebook,0.11,"$8,771.00",7.33,Chicago,Mandarin,730,7816,4,Outdoor Adventurers,2021-04-28
31198,Alpha Innovations,Search,Men 25-34,60 days,Facebook,0.02,"$12,254.00",7.55,Miami,Spanish,989,2269,10,Health & Wellness,2021-06-22
31207,Innovate Industries,Social Media,Women 25-34,60 days,Instagram,0.11,"$11,749.00",2.62,Los Angeles,Spanish,162,2083,2,Outdoor Adventurers,2021-07-01
31229,Innovate Industries,Social Media,Men 18-24,15 days,Website,0.07,"$18,844.00",5.59,Houston,German,494,2896,2,Foodies,2021-07-23
31256,DataTech Solutions,Social Media,Women 25-34,30 days,Instagram,0.04,"$9,067.00",3.82,Houston,French,378,3480,1,Foodies,2021-08-19
31331,NexGen Systems,Social Media,Women 25-34,30 days,Instagram,0.05,"$13,257.00",3.01,Los Angeles,English,846,9582,8,Foodies,2021-11-02
31373,DataTech Solutions,Display,Men 25-34,30 days,Google Ads,0.1,"$8,955.00",6.62,New York,Spanish,137,2653,7,Outdoor Adventurers,2021-12-14
31510,Innovate Industries,Influencer,Men 18-24,60 days,Email,0.14,"$7,617.00",4.74,Houston,Mandarin,230,2710,8,Outdoor Adventurers,2021-04-30
31541,DataTech Solutions,Email,Women 35-44,60 days,Website,0.14,"$10,014.00",5.27,Houston,Mandarin,562,5055,7,Outdoor Adventurers,2021-05-31
31556,Alpha Innovations,Display,All Ages,45 days,YouTube,0.08,"$9,134.00",6.07,Los Angeles,Spanish,838,5365,7,Outdoor Adventurers,2021-06-15
31558,Alpha Innovations,Display,Women 35-44,15 days,Instagram,0.06,"$19,806.00",5.08,Los Angeles,German,547,3851,2,Outdoor Adventurers,2021-06-17
31604,Alpha Innovations,Display,Women 35-44,30 days,Website,0.09,"$10,454.00",4.98,Chicago,German,657,7414,2,Fashionistas,2021-08-02
31651,Innovate Industries,Search,All Ages,45 days,Website,0.09,"$11,660.00",3.62,Chicago,Mandarin,168,9131,1,Tech Enthusiasts,2021-09-18
31682,NexGen Systems,Email,Women 25-34,45 days,Google Ads,0.1,"$18,946.00",4.93,Houston,French,980,8237,7,Fashionistas,2021-10-19
31685,NexGen Systems,Email,All Ages,30 days,Google Ads,0.1,"$10,607.00",7.79,Houston,German,514,4645,4,Foodies,2021-10-22
31709,Innovate Industries,Search,Women 35-44,30 days,Facebook,0.07,"$13,625.00",2.64,Miami,Spanish,748,5374,9,Foodies,2021-11-15
31750,NexGen Systems,Social Media,All Ages,30 days,Instagram,0.12,"$5,727.00",5.97,Houston,German,287,8483,4,Health & Wellness,2021-12-26
31778,Innovate Industries,Search,All Ages,30 days,Website,0.05,"$12,750.00",2.24,Houston,German,676,5400,4,Health & Wellness,2021-01-23
31814,DataTech Solutions,Email,Men 18-24,15 days,Email,0.02,"$17,689.00",7.74,Los Angeles,French,776,5831,10,Tech Enthusiasts,2021-02-28
31839,TechCorp,Email,All Ages,60 days,Email,0.1,"$9,920.00",4.77,Los Angeles,German,825,4572,3,Outdoor Adventurers,2021-03-25
31840,NexGen Systems,Display,Women 25-34,60 days,Website,0.09,"$15,797.00",7.95,Houston,Spanish,559,5101,1,Foodies,2021-03-26
31866,NexGen Systems,Email,All Ages,15 days,Instagram,0.09,"$9,109.00",4.19,Chicago,Spanish,103,5703,2,Health & Wellness,2021-04-21
31890,TechCorp,Email,Men 18-24,15 days,Instagram,0.05,"$13,203.00",7.4,Miami,German,856,7732,4,Fashionistas,2021-05-15
31926,DataTech Solutions,Social Media,Men 18-24,15 days,Facebook,0.1,"$10,217.00",3.09,Miami,English,196,1394,10,Tech Enthusiasts,2021-06-20
31930,TechCorp,Display,Women 35-44,60 days,YouTube,0.08,"$17,084.00",7.3,Los Angeles,Spanish,724,8216,7,Foodies,2021-06-24
31945,DataTech Solutions,Display,Women 25-34,15 days,Google Ads,0.09,"$8,911.00",4.5,Los Angeles,Mandarin,418,8883,2,Outdoor Adventurers,2021-07-09
32014,NexGen Systems,Social Media,Women 25-34,60 days,YouTube,0.02,"$15,492.00",2.75,Houston,Spanish,152,1636,5,Outdoor Adventurers,2021-09-16
32096,DataTech Solutions,Search,Men 25-34,15 days,YouTube,0.05,"$9,508.00",2.19,Houston,German,551,3002,1,Foodies,2021-12-07
32157,Alpha Innovations,Influencer,Men 18-24,15 days,Google Ads,0.13,"$9,462.00",3.95,Los Angeles,English,112,2315,6,Foodies,2021-02-06
32170,Innovate Industries,Email,All Ages,30 days,Google Ads,0.11,"$15,403.00",2.74,Houston,Mandarin,373,2050,4,Outdoor Adventurers,2021-02-19
32237,NexGen Systems,Email,Women 35-44,30 days,Email,0.09,"$7,125.00",4.81,Chicago,Mandarin,275,3095,4,Outdoor Adventurers,2021-04-27
32267,TechCorp,Search,Men 18-24,45 days,Google Ads,0.11,"$18,408.00",4.68,Los Angeles,French,629,3102,10,Tech Enthusiasts,2021-05-27
32272,NexGen Systems,Social Media,Women 25-34,60 days,Instagram,0.06,"$17,243.00",2.74,Houston,Spanish,712,7756,4,Foodies,2021-06-01
32303,NexGen Systems,Social Media,All Ages,60 days,Instagram,0.1,"$16,593.00",3.88,Miami,French,649,5293,1,Outdoor Adventurers,2021-07-02
32387,NexGen Systems,Email,Women 25-34,60 days,Email,0.08,"$17,704.00",8.0,Miami,French,835,8935,2,Foodies,2021-09-24
32436,NexGen Systems,Email,Men 18-24,30 days,Website,0.13,"$6,588.00",7.64,New York,English,822,6678,3,Outdoor Adventurers,2021-11-12
32463,DataTech Solutions,Influencer,Women 25-34,15 days,Google Ads,0.09,"$12,234.00",3.84,Houston,French,831,8938,2,Foodies,2021-12-09
32501,Alpha Innovations,Influencer,Men 25-34,30 days,Instagram,0.08,"$19,691.00",2.2,Chicago,German,953,2603,10,Health & Wellness,2021-01-16
32524,NexGen Systems,Social Media,Men 25-34,30 days,Google Ads,0.08,"$12,325.00",3.92,Chicago,Spanish,742,3745,5,Health & Wellness,2021-02-08
32529,NexGen Systems,Email,Women 35-44,45 days,Google Ads,0.13,"$7,221.00",4.35,Los Angeles,Spanish,913,2175,6,Fashionistas,2021-02-13
32535,DataTech Solutions,Influencer,Women 25-34,15 days,Facebook,0.1,"$8,027.00",3.79,Los Angeles,English,933,6555,3,Fashionistas,2021-02-19
32569,DataTech Solutions,Search,Men 18-24,30 days,Google Ads,0.03,"$18,802.00",3.68,Houston,German,849,7871,3,Foodies,2021-03-25
32582,DataTech Solutions,Social Media,Women 35-44,45 days,Google Ads,0.06,"$16,473.00",3.28,Miami,English,371,8298,10,Outdoor Adventurers,2021-04-07
32627,TechCorp,Influencer,Men 18-24,45 days,Instagram,0.11,"$15,837.00",3.76,Chicago,Spanish,234,6578,2,Foodies,2021-05-22
32756,Innovate Industries,Email,Women 25-34,45 days,Instagram,0.08,"$6,573.00",3.85,Houston,German,274,8795,7,Tech Enthusiasts,2021-09-28
32793,TechCorp,Email,Men 25-34,30 days,Facebook,0.09,"$17,166.00",4.73,Los Angeles,German,804,8308,10,Fashionistas,2021-11-04
32897,TechCorp,Influencer,Men 25-34,60 days,Instagram,0.03,"$15,394.00",4.67,New York,French,459,3269,7,Tech Enthusiasts,2021-02-16
32951,NexGen Systems,Influencer,Women 35-44,45 days,Email,0.12,"$17,618.00",2.02,Miami,Mandarin,570,3230,7,Outdoor Adventurers,2021-04-11
32974,Alpha Innovations,Email,All Ages,30 days,Instagram,0.12,"$8,744.00",3.31,Miami,English,206,1290,10,Outdoor Adventurers,2021-05-04
33043,NexGen Systems,Influencer,All Ages,30 days,YouTube,0.04,"$12,008.00",7.47,Los Angeles,English,478,9492,4,Tech Enthusiasts,2021-07-12
33159,Innovate Industries,Social Media,Men 18-24,45 days,Website,0.09,"$19,140.00",5.29,Houston,Spanish,662,1344,2,Outdoor Adventurers,2021-11-05
33202,TechCorp,Social Media,All Ages,30 days,Facebook,0.14,"$8,342.00",4.19,Miami,Spanish,413,6683,3,Outdoor Adventurers,2021-12-18
33223,Innovate Industries,Email,All Ages,60 days,YouTube,0.15,"$13,370.00",4.1,Miami,French,222,3401,10,Foodies,2021-01-08
33316,Alpha Innovations,Display,Women 25-34,30 days,Google Ads,0.11,"$19,825.00",6.76,New York,Mandarin,156,4486,1,Outdoor Adventurers,2021-04-11
33332,TechCorp,Influencer,Women 35-44,30 days,Facebook,0.12,"$9,258.00",6.74,Houston,English,710,8599,1,Fashionistas,2021-04-27
33363,NexGen Systems,Influencer,All Ages,45 days,Website,0.1,"$19,732.00",4.29,Houston,English,161,5977,1,Outdoor Adventurers,2021-05-28
33364,TechCorp,Email,Women 35-44,60 days,Website,0.14,"$6,090.00",7.88,Miami,Spanish,784,7591,10,Tech Enthusiasts,2021-05-29
33401,TechCorp,Social Media,Men 18-24,15 days,Google Ads,0.1,"$8,196.00",2.0,Chicago,German,796,2355,6,Foodies,2021-07-05
33479,TechCorp,Influencer,Women 25-34,60 days,Google Ads,0.1,"$18,843.00",2.37,Houston,Spanish,624,4816,7,Tech Enthusiasts,2021-09-21
33545,DataTech Solutions,Display,Men 25-34,30 days,Facebook,0.07,"$12,736.00",5.11,Houston,French,803,2305,10,Foodies,2021-11-26
33563,DataTech Solutions,Email,Women 25-34,60 days,Email,0.05,"$11,357.00",5.71,Chicago,Mandarin,875,5153,5,Tech Enthusiasts,2021-12-14
33571,Alpha Innovations,Display,All Ages,15 days,Instagram,0.1,"$16,230.00",4.86,Chicago,English,382,1260,3,Fashionistas,2021-12-22
33637,NexGen Systems,Influencer,Women 35-44,60 days,Email,0.03,"$18,834.00",7.23,Houston,Mandarin,888,3042,4,Foodies,2021-02-26
33645,NexGen Systems,Influencer,Men 18-24,60 days,Google Ads,0.04,"$16,390.00",5.2,New York,English,222,2077,5,Fashionistas,2021-03-06
33711,NexGen Systems,Display,Women 35-44,30 days,Email,0.15,"$12,606.00",5.92,Houston,French,506,7559,9,Outdoor Adventurers,2021-05-11
33806,Innovate Industries,Email,Men 25-34,60 days,Website,0.13,"$7,539.00",4.79,Chicago,German,117,3036,10,Foodies,2021-08-14
33825,TechCorp,Email,Women 25-34,30 days,Instagram,0.03,"$10,393.00",7.56,Los Angeles,Spanish,933,8440,4,Foodies,2021-09-02
33832,Alpha Innovations,Email,Women 35-44,15 days,Email,0.07,"$14,417.00",6.89,Miami,Mandarin,371,4377,5,Foodies,2021-09-09
33839,Alpha Innovations,Display,All Ages,60 days,Website,0.08,"$11,832.00",3.2,Houston,Mandarin,583,7899,9,Tech Enthusiasts,2021-09-16
33870,Alpha Innovations,Influencer,All Ages,45 days,Instagram,0.11,"$17,121.00",3.41,Houston,French,596,4377,4,Foodies,2021-10-17
34021,Alpha Innovations,Display,Men 18-24,15 days,Facebook,0.05,"$8,992.00",4.38,Houston,Mandarin,823,9198,8,Tech Enthusiasts,2021-03-17
34103,DataTech Solutions,Social Media,Men 18-24,30 days,Website,0.04,"$16,919.00",7.59,Miami,English,627,5872,2,Foodies,2021-06-07
34109,NexGen Systems,Influencer,Men 25-34,60 days,YouTube,0.11,"$18,589.00",7.92,Los Angeles,English,286,3009,10,Outdoor Adventurers,2021-06-13
34127,TechCorp,Social Media,Men 25-34,60 days,Instagram,0.11,"$19,009.00",6.64,Houston,Spanish,687,5413,5,Outdoor Adventurers,2021-07-01
34157,Alpha Innovations,Email,Women 35-44,45 days,Facebook,0.02,"$9,016.00",3.71,Los Angeles,French,996,2495,1,Outdoor Adventurers,2021-07-31
34193,Innovate Industries,Email,Men 18-24,45 days,Google Ads,0.04,"$7,784.00",2.61,Houston,Mandarin,999,4298,6,Health & Wellness,2021-09-05
34243,TechCorp,Influencer,All Ages,45 days,Google Ads,0.07,"$16,024.00",7.93,Miami,German,131,5345,6,Fashionistas,2021-10-25
34249,DataTech Solutions,Social Media,Women 35-44,45 days,Google Ads,0.11,"$5,777.00",5.93,Miami,French,605,5252,1,Tech Enthusiasts,2021-10-31
34275,Alpha Innovations,Search,Women 35-44,30 days,Email,0.12,"$14,101.00",3.49,Miami,German,190,7732,6,Foodies,2021-11-26
34320,DataTech Solutions,Display,Men 25-34,30 days,Email,0.09,"$17,127.00",4.04,Miami,Mandarin,966,5532,8,Fashionistas,2021-01-10
34387,Innovate Industries,Display,Women 35-44,60 days,Google Ads,0.13,"$16,057.00",4.22,Miami,English,398,5762,4,Tech Enthusiasts,2021-03-18
34400,Innovate Industries,Social Media,Women 25-34,60 days,Facebook,0.04,"$19,338.00",4.51,Chicago,Mandarin,237,1491,10,Foodies,2021-03-31
34464,DataTech Solutions,Influencer,All Ages,15 days,Google Ads,0.03,"$15,967.00",3.19,Chicago,German,197,6637,2,Outdoor Adventurers,2021-06-03
34515,NexGen Systems,Email,Women 35-44,60 days,Website,0.07,"$5,293.00",5.24,Houston,English,392,3548,5,Tech Enthusiasts,2021-07-24
34545,Innovate Industries,Display,All Ages,15 days,Email,0.07,"$5,555.00",4.81,Houston,French,609,5311,5,Tech Enthusiasts,2021-08-23
34558,TechCorp,Social Media,Men 25-34,15 days,Facebook,0.15,"$8,463.00",4.23,Los Angeles,German,811,8118,4,Health & Wellness,2021-09-05
34667,TechCorp,Display,Women 35-44,30 days,Google Ads,0.03,"$18,760.00",6.01,Miami,Mandarin,980,8371,8,Outdoor Adventurers,2021-12-23
34721,NexGen Systems,Influencer,Women 25-34,45 days,Instagram,0.04,"$13,998.00",5.12,Los Angeles,Mandarin,499,2906,7,Fashionistas,2021-02-15
34725,Innovate Industries,Search,Women 35-44,30 days,YouTube,0.1,"$7,967.00",4.44,Miami,German,453,7029,5,Outdoor Adventurers,2021-02-19
34787,TechCorp,Social Media,Women 35-44,15 days,Website,0.02,"$19,816.00",2.39,Miami,English,976,8236,8,Fashionistas,2021-04-22
34879,Innovate Industries,Social Media,All Ages,30 days,Website,0.04,"$17,640.00",7.13,Houston,English,317,5126,5,Foodies,2021-07-23
34906,TechCorp,Email,Men 18-24,60 days,Email,0.03,"$17,731.00",4.61,Los Angeles,German,451,1191,8,Foodies,2021-08-19
34962,Alpha Innovations,Social Media,Women 25-34,60 days,Facebook,0.14,"$13,817.00",3.05,Miami,Spanish,564,9183,10,Fashionistas,2021-10-14
35005,Innovate Industries,Email,Women 25-34,60 days,Facebook,0.04,"$6,939.00",2.51,Miami,French,889,5116,3,Health & Wellness,2021-11-26
35022,NexGen Systems,Social Media,Men 25-34,15 days,Instagram,0.11,"$11,584.00",2.38,Houston,German,149,6475,6,Tech Enthusiasts,2021-12-13
35073,Innovate Industries,Social Media,Men 25-34,15 days,YouTube,0.11,"$7,048.00",7.62,Miami,French,627,1098,5,Tech Enthusiasts,2021-02-02
35096,DataTech Solutions,Influencer,Men 25-34,15 days,YouTube,0.13,"$13,535.00",7.53,Miami,English,238,9010,6,Health & Wellness,2021-02-25
35135,Innovate Industries,Email,Women 25-34,60 days,YouTube,0.13,"$19,389.00",4.94,Miami,German,505,5227,3,Fashionistas,2021-04-05
35195,NexGen Systems,Social Media,Men 25-34,60 days,Instagram,0.02,"$17,650.00",7.34,Miami,German,786,7326,7,Health & Wellness,2021-06-04
35236,Innovate Industries,Social Media,Women 25-34,60 days,Instagram,0.11,"$17,756.00",4.59,New York,French,485,3428,10,Fashionistas,2021-07-15
35282,NexGen Systems,Display,Men 25-34,30 days,Instagram,0.04,"$17,793.00",5.45,Los Angeles,French,659,6332,9,Health & Wellness,2021-08-30
35300,TechCorp,Display,All Ages,60 days,Website,0.13,"$11,428.00",5.33,Miami,French,104,6504,3,Outdoor Adventurers,2021-09-17
35304,DataTech Solutions,Social Media,Women 35-44,60 days,Website,0.08,"$6,508.00",3.08,Chicago,French,698,8787,4,Fashionistas,2021-09-21
35348,DataTech Solutions,Social Media,Women 35-44,45 days,Website,0.08,"$12,348.00",3.5,Los Angeles,Spanish,220,1810,3,Health & Wellness,2021-11-04
35355,Alpha Innovations,Email,Women 35-44,15 days,Email,0.06,"$16,698.00",4.6,Miami,French,123,5137,2,Tech Enthusiasts,2021-11-11
35366,TechCorp,Display,Men 25-34,45 days,YouTube,0.08,"$17,116.00",6.81,New York,English,946,9904,1,Health & Wellness,2021-11-22
35509,Alpha Innovations,Display,Women 35-44,45 days,YouTube,0.13,"$19,716.00",5.31,New York,Spanish,121,9448,10,Health & Wellness,2021-04-14
35512,DataTech Solutions,Social Media,Men 18-24,30 days,Facebook,0.1,"$12,294.00",5.42,New York,Mandarin,530,6534,4,Tech Enthusiasts,2021-04-17
35522,Innovate Industries,Search,Women 35-44,15 days,Google Ads,0.12,"$5,509.00",2.78,Miami,German,483,1075,8,Fashionistas,2021-04-27
35671,TechCorp,Influencer,Women 35-44,45 days,Email,0.13,"$16,575.00",6.31,New York,Mandarin,925,5810,4,Fashionistas,2021-09-23
35711,NexGen Systems,Email,Women 25-34,60 days,Website,0.13,"$19,538.00",7.66,Houston,German,738,5652,4,Tech Enthusiasts,2021-11-02
35723,Innovate Industries,Social Media,Women 35-44,30 days,Instagram,0.14,"$14,251.00",7.68,Chicago,Spanish,689,1584,3,Foodies,2021-11-14
35836,TechCorp,Email,All Ages,60 days,Website,0.07,"$14,342.00",3.15,New York,German,300,9587,1,Tech Enthusiasts,2021-03-07
35872,NexGen Systems,Email,Women 25-34,30 days,YouTube,0.02,"$9,531.00",5.2,Houston,English,439,1795,10,Foodies,2021-04-12
35907,TechCorp,Email,Men 25-34,15 days,Facebook,0.04,"$14,306.00",2.13,Chicago,German,559,5341,1,Foodies,2021-05-17
35967,Innovate Industries,Display,Women 25-34,15 days,Website,0.14,"$19,219.00",6.12,Miami,German,352,6950,1,Outdoor Adventurers,2021-07-16
35995,Innovate Industries,Display,Women 25-34,15 days,Email,0.01,"$13,573.00",5.09,Los Angeles,Mandarin,798,4158,8,Outdoor Adventurers,2021-08-13
36014,NexGen Systems,Email,Women 25-34,15 days,Website,0.07,"$14,713.00",4.15,Chicago,German,801,6569,2,Fashionistas,2021-09-01
36047,Alpha Innovations,Email,Men 25-34,15 days,Facebook,0.14,"$5,986.00",6.63,New York,English,162,3757,3,Fashionistas,2021-10-04
36072,Alpha Innovations,Social Media,All Ages,60 days,Facebook,0.1,"$15,445.00",5.27,Houston,French,790,8061,4,Foodies,2021-10-29
36076,NexGen Systems,Email,Men 25-34,45 days,YouTube,0.04,"$9,521.00",3.95,Chicago,French,368,6454,10,Tech Enthusiasts,2021-11-02
36079,DataTech Solutions,Display,Women 35-44,45 days,Website,0.09,"$7,437.00",7.45,Houston,Spanish,251,7030,2,Foodies,2021-11-05
36083,DataTech Solutions,Social Media,Women 35-44,15 days,Email,0.14,"$19,669.00",7.98,Miami,English,117,5414,5,Foodies,2021-11-09
36141,Alpha Innovations,Display,Women 35-44,45 days,Facebook,0.11,"$8,436.00",6.88,New York,French,544,3915,9,Tech Enthusiasts,2021-01-06
36169,Alpha Innovations,Email,Men 18-24,15 days,Facebook,0.04,"$15,128.00",2.94,Chicago,German,825,4943,7,Fashionistas,2021-02-03
36227,NexGen Systems,Email,Men 18-24,45 days,Website,0.01,"$19,491.00",5.44,New York,Spanish,232,9679,3,Foodies,2021-04-02
36252,NexGen Systems,Search,All Ages,30 days,YouTube,0.12,"$7,631.00",6.69,Miami,Mandarin,373,5972,4,Tech Enthusiasts,2021-04-27
36271,Alpha Innovations,Influencer,Men 18-24,60 days,Google Ads,0.03,"$18,540.00",2.38,Miami,German,805,2926,4,Foodies,2021-05-16
36294,Alpha Innovations,Search,Women 35-44,60 days,Instagram,0.03,"$16,514.00",3.04,Chicago,French,518,4848,4,Outdoor Adventurers,2021-06-08
36365,DataTech Solutions,Email,Men 25-34,60 days,YouTube,0.04,"$18,820.00",4.13,New York,Mandarin,654,6947,1,Fashionistas,2021-08-18
36372,Alpha Innovations,Display,All Ages,60 days,YouTube,0.01,"$16,978.00",2.19,Los Angeles,English,552,8269,8,Foodies,2021-08-25
36416,Innovate Industries,Email,Women 35-44,15 days,YouTube,0.07,"$18,882.00",3.2,Houston,French,417,4881,3,Health & Wellness,2021-10-08
36485,TechCorp,Search,Women 25-34,30 days,YouTube,0.1,"$12,016.00",5.53,Miami,Spanish,275,1421,3,Health & Wellness,2021-12-16
36525,DataTech Solutions,Social Media,Men 25-34,45 days,Instagram,0.1,"$6,732.00",3.81,Miami,French,382,8567,4,Foodies,2021-01-25
36543,NexGen Systems,Display,All Ages,30 days,Email,0.01,"$9,936.00",4.65,Houston,French,690,9332,9,Health & Wellness,2021-02-12
36555,TechCorp,Display,Men 25-34,30 days,Instagram,0.13,"$6,608.00",5.19,New York,French,715,7046,1,Fashionistas,2021-02-24
36612,Alpha Innovations,Social Media,Women 35-44,15 days,Google Ads,0.08,"$9,397.00",2.64,Miami,French,833,2733,4,Outdoor Adventurers,2021-04-22
36643,Alpha Innovations,Display,Women 35-44,45 days,Website,0.14,"$15,142.00",6.65,Houston,Spanish,377,5076,8,Outdoor Adventurers,2021-05-23
36650,Innovate Industries,Email,Men 18-24,45 days,Facebook,0.05,"$9,507.00",6.02,Los Angeles,Spanish,377,7706,4,Tech Enthusiasts,2021-05-30
36658,TechCorp,Search,All Ages,30 days,YouTube,0.07,"$14,230.00",7.25,New York,English,884,6852,7,Outdoor Adventurers,2021-06-07
36703,TechCorp,Display,Men 18-24,15 days,YouTube,0.11,"$13,511.00",5.59,Houston,English,679,8539,10,Foodies,2021-07-22
36738,NexGen Systems,Email,Women 25-34,60 days,Email,0.11,"$9,233.00",6.9,Chicago,Mandarin,931,5444,1,Foodies,2021-08-26
36746,Innovate Industries,Social Media,Women 25-34,15 days,Instagram,0.07,"$7,386.00",5.61,Miami,Spanish,677,3581,4,Foodies,2021-09-03
36858,Innovate Industries,Social Media,Women 35-44,45 days,YouTube,0.06,"$17,390.00",5.66,Chicago,French,583,2246,9,Fashionistas,2021-12-24
36868,Alpha Innovations,Email,Women 35-44,30 days,Facebook,0.01,"$8,075.00",4.72,New York,English,565,8200,9,Foodies,2021-01-03
36890,TechCorp,Search,Women 25-34,15 days,Email,0.09,"$7,261.00",4.43,Miami,English,730,4506,3,Health & Wellness,2021-01-25
36953,DataTech Solutions,Social Media,Men 18-24,30 days,YouTube,0.05,"$13,793.00",4.46,Chicago,French,115,8664,3,Health & Wellness,2021-03-29
36962,Innovate Industries,Search,Men 25-34,30 days,Website,0.12,"$10,927.00",6.77,New York,German,655,3928,3,Outdoor Adventurers,2021-04-07
36965,Alpha Innovations,Social Media,Women 35-44,45 days,Website,0.13,"$5,717.00",2.37,Chicago,Spanish,885,3049,6,Tech Enthusiasts,2021-04-10
36990,NexGen Systems,Search,All Ages,60 days,Google Ads,0.06,"$18,161.00",2.62,Houston,Mandarin,154,8193,8,Foodies,2021-05-05
37058,Alpha Innovations,Social Media,Men 18-24,30 days,Google Ads,0.14,"$17,737.00",2.64,Chicago,Mandarin,985,3162,2,Outdoor Adventurers,2021-07-12
37073,DataTech Solutions,Email,Women 25-34,60 days,Facebook,0.04,"$8,705.00",7.57,Houston,French,999,9444,7,Outdoor Adventurers,2021-07-27
37141,Alpha Innovations,Social Media,Women 35-44,30 days,Google Ads,0.01,"$9,569.00",3.06,Miami,French,647,4064,10,Tech Enthusiasts,2021-10-03
37170,TechCorp,Influencer,Women 35-44,30 days,Website,0.08,"$11,840.00",6.31,Los Angeles,French,865,9921,10,Outdoor Adventurers,2021-11-01
37184,DataTech Solutions,Social Media,Women 25-34,15 days,Instagram,0.15,"$11,529.00",3.69,Houston,German,743,9112,9,Health & Wellness,2021-11-15
37185,TechCorp,Email,All Ages,45 days,Email,0.1,"$18,021.00",6.04,Miami,English,188,7729,5,Fashionistas,2021-11-16
37189,Alpha Innovations,Email,All Ages,30 days,Google Ads,0.04,"$12,983.00",6.53,Miami,French,461,8621,5,Fashionistas,2021-11-20
37193,DataTech Solutions,Social Media,Women 35-44,60 days,Website,0.03,"$12,793.00",4.52,Miami,German,596,1819,3,Tech Enthusiasts,2021-11-24
37292,NexGen Systems,Influencer,Men 25-34,45 days,YouTube,0.04,"$19,516.00",3.88,Los Angeles,German,817,7129,1,Foodies,2021-03-03
37323,Innovate Industries,Social Media,Men 18-24,15 days,Google Ads,0.06,"$9,909.00",2.28,Los Angeles,French,483,4967,4,Foodies,2021-04-03
37397,Alpha Innovations,Influencer,Men 25-34,45 days,Google Ads,0.13,"$16,432.00",4.61,Miami,German,602,1565,2,Health & Wellness,2021-06-16
37423,NexGen Systems,Social Media,Men 18-24,45 days,YouTube,0.1,"$11,591.00",3.25,Chicago,Spanish,658,7989,1,Outdoor Adventurers,2021-07-12
37470,TechCorp,Social Media,Men 25-34,45 days,Website,0.03,"$17,655.00",7.43,Chicago,Spanish,126,2887,6,Foodies,2021-08-28
37491,Innovate Industries,Search,All Ages,30 days,Instagram,0.06,"$18,374.00",5.6,Los Angeles,English,915,8725,6,Fashionistas,2021-09-18
37512,Alpha Innovations,Display,Women 35-44,30 days,YouTube,0.04,"$15,419.00",3.73,Miami,Mandarin,510,8446,7,Fashionistas,2021-10-09
37523,Alpha Innovations,Search,Women 35-44,15 days,Google Ads,0.01,"$8,534.00",4.52,Houston,French,225,7450,1,Health & Wellness,2021-10-20
37547,NexGen Systems,Display,Women 35-44,60 days,Google Ads,0.11,"$17,457.00",5.95,Miami,German,320,4634,3,Outdoor Adventurers,2021-11-13
37610,DataTech Solutions,Influencer,Women 25-34,30 days,Instagram,0.08,"$9,209.00",7.56,Houston,German,750,9905,4,Foodies,2021-01-15
37658,Innovate Industries,Search,Women 25-34,30 days,Google Ads,0.15,"$14,230.00",7.12,Houston,French,929,2219,3,Foodies,2021-03-04
37717,TechCorp,Social Media,Women 35-44,45 days,Google Ads,0.11,"$17,687.00",6.45,Miami,Mandarin,169,4443,3,Fashionistas,2021-05-02
37725,Innovate Industries,Search,Women 25-34,15 days,Google Ads,0.01,"$14,202.00",5.75,Miami,Mandarin,550,5552,6,Foodies,2021-05-10
37748,Alpha Innovations,Display,Women 35-44,45 days,Facebook,0.01,"$10,738.00",3.65,Houston,French,913,1097,5,Outdoor Adventurers,2021-06-02
37798,TechCorp,Email,Women 35-44,45 days,YouTube,0.11,"$19,483.00",4.55,Houston,English,532,2550,3,Tech Enthusiasts,2021-07-22
37825,NexGen Systems,Display,Women 35-44,60 days,Website,0.11,"$16,752.00",6.03,New York,English,972,2129,1,Health & Wellness,2021-08-18
37832,Innovate Industries,Email,Women 35-44,30 days,YouTube,0.08,"$8,896.00",3.86,New York,French,818,3979,1,Foodies,2021-08-25
37836,NexGen Systems,Social Media,Men 25-34,60 days,Facebook,0.12,"$18,274.00",6.3,Los Angeles,Spanish,368,9899,6,Fashionistas,2021-08-29
37867,Innovate Industries,Social Media,Men 18-24,45 days,Facebook,0.1,"$13,493.00",7.91,New York,English,727,8226,2,Health & Wellness,2021-09-29
37921,NexGen Systems,Search,All Ages,15 days,Facebook,0.1,"$10,995.00",5.95,Los Angeles,Spanish,640,3808,10,Outdoor Adventurers,2021-11-22
37964,DataTech Solutions,Email,All Ages,15 days,Facebook,0.04,"$12,780.00",6.72,Miami,Spanish,478,4127,9,Fashionistas,2021-01-04
38018,Alpha Innovations,Display,Men 18-24,45 days,Email,0.07,"$7,171.00",3.74,Chicago,German,807,8533,9,Outdoor Adventurers,2021-02-27
38092,Alpha Innovations,Influencer,Men 18-24,15 days,YouTube,0.1,"$11,466.00",7.28,Miami,Mandarin,724,7833,4,Health & Wellness,2021-05-12
38094,DataTech Solutions,Influencer,All Ages,60 days,YouTube,0.01,"$6,682.00",7.6,Los Angeles,Spanish,393,9405,3,Tech Enthusiasts,2021-05-14
38112,DataTech Solutions,Social Media,Men 18-24,15 days,Email,0.1,"$8,669.00",7.42,Los Angeles,French,276,2717,1,Tech Enthusiasts,2021-06-01
38125,NexGen Systems,Email,Women 35-44,60 days,Instagram,0.01,"$7,285.00",4.84,New York,Spanish,475,7299,9,Health & Wellness,2021-06-14
38172,Innovate Industries,Email,Women 35-44,60 days,Facebook,0.12,"$5,241.00",7.0,New York,Spanish,575,8503,10,Foodies,2021-07-31
38243,DataTech Solutions,Display,Women 35-44,45 days,YouTube,0.13,"$5,607.00",4.95,Chicago,Mandarin,221,7103,9,Health & Wellness,2021-10-10
38308,DataTech Solutions,Search,Men 18-24,30 days,Instagram,0.12,"$14,368.00",4.39,Chicago,German,413,9723,10,Tech Enthusiasts,2021-12-14
38310,Alpha Innovations,Social Media,All Ages,60 days,Instagram,0.11,"$6,036.00",5.81,Los Angeles,Spanish,887,5321,3,Tech Enthusiasts,2021-12-16
38331,DataTech Solutions,Search,Men 25-34,15 days,Google Ads,0.04,"$17,673.00",7.43,New York,French,845,9679,7,Foodies,2021-01-06
38364,TechCorp,Influencer,Men 18-24,60 days,Website,0.13,"$11,500.00",2.69,New York,German,530,2759,2,Health & Wellness,2021-02-08
38404,Innovate Industries,Social Media,Men 25-34,15 days,Google Ads,0.13,"$19,141.00",3.65,Chicago,German,538,4157,9,Fashionistas,2021-03-20
38405,NexGen Systems,Display,Men 25-34,30 days,Email,0.03,"$6,567.00",2.13,Los Angeles,German,800,3540,6,Fashionistas,2021-03-21
38444,TechCorp,Search,Men 18-24,15 days,YouTube,0.07,"$5,421.00",4.01,New York,English,587,6725,4,Outdoor Adventurers,2021-04-29
38474,TechCorp,Email,Men 25-34,15 days,Email,0.11,"$6,013.00",5.71,New York,German,263,5500,9,Foodies,2021-05-29
38523,TechCorp,Influencer,Women 35-44,60 days,Google Ads,0.12,"$19,291.00",2.1,Miami,Mandarin,678,5100,6,Fashionistas,2021-07-17
38560,TechCorp,Display,Men 25-34,15 days,Facebook,0.08,"$13,474.00",4.4,Houston,French,225,6780,6,Foodies,2021-08-23
38607,TechCorp,Search,All Ages,60 days,Google Ads,0.03,"$11,614.00",4.5,New York,German,1000,9955,2,Fashionistas,2021-10-09
38615,NexGen Systems,Display,Women 35-44,60 days,Google Ads,0.12,"$7,233.00",7.52,New York,German,743,5642,5,Outdoor Adventurers,2021-10-17
38633,NexGen Systems,Email,Women 25-34,30 days,Google Ads,0.02,"$17,899.00",7.58,Houston,Spanish,115,8744,10,Fashionistas,2021-11-04
38679,DataTech Solutions,Social Media,Men 18-24,30 days,Email,0.14,"$19,287.00",5.23,Chicago,German,801,5597,8,Fashionistas,2021-12-20
38705,Alpha Innovations,Search,Men 25-34,15 days,Instagram,0.09,"$13,207.00",6.16,Miami,Mandarin,325,1244,1,Fashionistas,2021-01-15
38811,NexGen Systems,Search,Women 35-44,30 days,YouTube,0.04,"$7,806.00",4.23,Chicago,French,536,2110,9,Outdoor Adventurers,2021-05-01
38907,Innovate Industries,Social Media,Men 18-24,45 days,YouTube,0.04,"$17,369.00",2.84,Chicago,Mandarin,554,8953,10,Foodies,2021-08-05
38953,Innovate Industries,Search,Women 35-44,15 days,Facebook,0.02,"$6,156.00",4.97,Miami,Spanish,139,2682,7,Outdoor Adventurers,2021-09-20
39010,DataTech Solutions,Social Media,All Ages,30 days,Instagram,0.05,"$15,650.00",7.17,Chicago,English,509,1687,8,Tech Enthusiasts,2021-11-16
39011,DataTech Solutions,Email,Men 25-34,30 days,Website,0.08,"$11,049.00",4.33,Chicago,Spanish,762,3772,3,Foodies,2021-11-17
39032,Alpha Innovations,Search,All Ages,15 days,Website,0.11,"$19,118.00",5.64,Los Angeles,French,457,7423,8,Foodies,2021-12-08
39079,NexGen Systems,Influencer,Men 25-34,15 days,YouTube,0.07,"$16,781.00",3.03,New York,French,557,7629,2,Foodies,2021-01-24
39095,TechCorp,Social Media,All Ages,30 days,Google Ads,0.12,"$13,491.00",6.0,Chicago,German,403,1907,9,Health & Wellness,2021-02-09
39133,Innovate Industries,Display,Men 18-24,30 days,YouTube,0.08,"$10,452.00",4.94,Chicago,Mandarin,447,3480,5,Tech Enthusiasts,2021-03-19
39301,TechCorp,Influencer,Men 25-34,45 days,Email,0.06,"$15,292.00",6.29,Los Angeles,English,335,3213,2,Foodies,2021-09-03
39337,NexGen Systems,Social Media,Men 18-24,45 days,Email,0.01,"$5,684.00",6.28,Miami,French,446,8535,1,Outdoor Adventurers,2021-10-09
39373,Alpha Innovations,Social Media,All Ages,15 days,Instagram,0.1,"$17,239.00",7.04,Chicago,Mandarin,337,4656,10,Outdoor Adventurers,2021-11-14
39403,Alpha Innovations,Display,All Ages,15 days,Facebook,0.03,"$8,854.00",4.06,Chicago,Mandarin,700,8519,8,Foodies,2021-12-14
39413,Alpha Innovations,Search,Women 25-34,30 days,YouTube,0.01,"$16,765.00",3.4,Houston,Mandarin,662,3770,2,Fashionistas,2021-12-24
39437,Alpha Innovations,Influencer,Men 25-34,15 days,Email,0.05,"$12,830.00",7.68,Miami,English,282,1480,6,Health & Wellness,2021-01-17
39445,DataTech Solutions,Display,Women 35-44,45 days,Facebook,0.06,"$13,964.00",4.21,Houston,Spanish,968,1591,4,Fashionistas,2021-01-25
39456,TechCorp,Email,Men 25-34,30 days,Email,0.14,"$8,788.00",2.79,New York,French,658,8253,8,Tech Enthusiasts,2021-02-05
39473,Innovate Industries,Search,Men 18-24,30 days,Website,0.12,"$8,474.00",4.42,New York,German,291,8781,10,Fashionistas,2021-02-22
39479,TechCorp,Social Media,All Ages,60 days,Instagram,0.12,"$7,026.00",3.01,Chicago,French,197,8567,10,Foodies,2021-02-28
39480,TechCorp,Display,Women 25-34,45 days,Google Ads,0.02,"$17,051.00",2.47,Los Angeles,French,657,4401,4,Outdoor Adventurers,2021-03-01
39496,DataTech Solutions,Social Media,Women 25-34,30 days,Instagram,0.11,"$7,370.00",4.87,Houston,Spanish,486,4633,8,Tech Enthusiasts,2021-03-17
39515,DataTech Solutions,Search,Women 35-44,15 days,Website,0.13,"$10,981.00",5.37,Chicago,English,321,3328,6,Health & Wellness,2021-04-05
39536,TechCorp,Influencer,Women 35-44,60 days,YouTube,0.06,"$13,250.00",5.44,Houston,French,224,2686,10,Foodies,2021-04-26
39540,NexGen Systems,Search,Men 25-34,30 days,Instagram,0.02,"$6,580.00",5.13,Chicago,German,742,1659,3,Tech Enthusiasts,2021-04-30
39596,DataTech Solutions,Social Media,Men 25-34,45 days,Google Ads,0.06,"$19,309.00",3.24,Chicago,Spanish,775,9149,4,Fashionistas,2021-06-25
39643,Alpha Innovations,Search,Women 35-44,15 days,Facebook,0.03,"$18,579.00",6.26,Houston,Mandarin,185,5405,1,Tech Enthusiasts,2021-08-11
39677,Alpha Innovations,Social Media,Men 25-34,45 days,Facebook,0.02,"$19,274.00",2.64,New York,Mandarin,920,9464,1,Foodies,2021-09-14
39730,Innovate Industries,Search,Women 35-44,15 days,Google Ads,0.05,"$15,168.00",3.56,Houston,Mandarin,853,6223,4,Health & Wellness,2021-11-06
39780,TechCorp,Social Media,All Ages,60 days,Instagram,0.06,"$8,546.00",6.97,Los Angeles,French,245,5544,10,Tech Enthusiasts,2021-12-26
39785,NexGen Systems,Display,All Ages,30 days,Google Ads,0.04,"$7,324.00",2.33,Miami,German,622,7374,4,Fashionistas,2021-12-31
39804,TechCorp,Email,Women 35-44,15 days,Website,0.05,"$17,065.00",2.33,Houston,French,303,5591,2,Fashionistas,2021-01-19
39925,Alpha Innovations,Email,Men 18-24,15 days,Instagram,0.04,"$19,487.00",7.97,Miami,Mandarin,832,5410,3,Foodies,2021-05-20
39929,DataTech Solutions,Display,Women 35-44,45 days,YouTube,0.06,"$9,740.00",2.71,Miami,French,185,8828,2,Foodies,2021-05-24
39952,Alpha Innovations,Search,Women 25-34,15 days,Google Ads,0.06,"$18,173.00",3.15,Los Angeles,French,780,7376,10,Fashionistas,2021-06-16
40209,NexGen Systems,Social Media,Women 35-44,30 days,Instagram,0.06,"$7,117.00",4.94,Miami,Spanish,443,1600,10,Health & Wellness,2021-02-28
40276,DataTech Solutions,Influencer,Men 25-34,45 days,Instagram,0.06,"$13,524.00",4.7,Chicago,German,491,7561,1,Fashionistas,2021-05-06
40280,NexGen Systems,Influencer,Women 35-44,60 days,YouTube,0.03,"$18,545.00",3.78,Miami,Mandarin,860,2192,10,Fashionistas,2021-05-10
40281,DataTech Solutions,Email,Men 25-34,45 days,Google Ads,0.02,"$10,010.00",6.27,Los Angeles,Mandarin,322,2079,1,Fashionistas,2021-05-11
40288,NexGen Systems,Influencer,Men 18-24,15 days,Email,0.12,"$7,717.00",2.11,New York,French,444,9635,3,Outdoor Adventurers,2021-05-18
40332,Alpha Innovations,Social Media,All Ages,45 days,Facebook,0.06,"$7,677.00",2.03,New York,French,232,2438,6,Outdoor Adventurers,2021-07-01
40433,DataTech Solutions,Display,Women 35-44,60 days,Google Ads,0.11,"$6,724.00",2.48,Houston,Spanish,757,6270,9,Tech Enthusiasts,2021-10-10
40446,TechCorp,Social Media,Men 25-34,45 days,Instagram,0.02,"$10,758.00",4.08,Los Angeles,Mandarin,163,7663,7,Foodies,2021-10-23
40456,TechCorp,Social Media,Men 25-34,60 days,Website,0.13,"$6,740.00",5.99,Houston,German,222,3745,3,Fashionistas,2021-11-02
40552,NexGen Systems,Email,Men 18-24,60 days,Website,0.08,"$10,023.00",4.99,Houston,French,821,2829,7,Tech Enthusiasts,2021-02-06
40571,NexGen Systems,Display,Men 18-24,15 days,Website,0.1,"$19,530.00",7.76,Los Angeles,Spanish,788,3892,8,Foodies,2021-02-25
40601,Innovate Industries,Influencer,Men 18-24,60 days,Google Ads,0.15,"$13,305.00",7.62,New York,French,150,6755,5,Foodies,2021-03-27
40622,NexGen Systems,Display,Men 25-34,45 days,Email,0.11,"$15,716.00",3.27,Los Angeles,French,614,9578,10,Outdoor Adventurers,2021-04-17
40662,NexGen Systems,Search,Men 25-34,30 days,Facebook,0.12,"$10,150.00",6.73,Houston,Spanish,799,6278,9,Foodies,2021-05-27
40691,Alpha Innovations,Social Media,Men 18-24,30 days,Google Ads,0.05,"$6,146.00",2.86,Los Angeles,French,951,7468,5,Health & Wellness,2021-06-25
40714,DataTech Solutions,Influencer,All Ages,30 days,Facebook,0.04,"$14,824.00",4.19,Miami,Mandarin,640,7927,2,Tech Enthusiasts,2021-07-18
40745,DataTech Solutions,Influencer,Women 25-34,15 days,Email,0.13,"$15,196.00",7.16,New York,Mandarin,160,7300,5,Outdoor Adventurers,2021-08-18
40751,Alpha Innovations,Influencer,Men 18-24,60 days,Facebook,0.06,"$12,200.00",6.69,Los Angeles,English,156,5067,10,Fashionistas,2021-08-24
40841,DataTech Solutions,Social Media,Men 25-34,30 days,Facebook,0.11,"$12,641.00",2.35,New York,English,259,7518,6,Health & Wellness,2021-11-22
40865,Innovate Industries,Social Media,Men 25-34,15 days,YouTube,0.08,"$17,336.00",4.62,Miami,English,828,1666,5,Tech Enthusiasts,2021-12-16
40952,NexGen Systems,Search,Men 25-34,30 days,YouTube,0.1,"$12,982.00",3.09,Houston,English,505,4067,6,Tech Enthusiasts,2021-03-13
40968,Innovate Industries,Social Media,Women 25-34,30 days,Website,0.12,"$9,368.00",5.88,New York,Mandarin,861,9787,7,Tech Enthusiasts,2021-03-29
41019,TechCorp,Social Media,Men 25-34,30 days,Instagram,0.13,"$6,310.00",7.54,Chicago,German,213,4835,3,Foodies,2021-05-19
41075,DataTech Solutions,Display,Women 25-34,60 days,Website,0.05,"$17,722.00",7.04,New York,English,366,4329,8,Health & Wellness,2021-07-14
41079,TechCorp,Search,Women 35-44,30 days,Email,0.08,"$9,752.00",4.18,Chicago,German,400,6343,3,Outdoor Adventurers,2021-07-18
41106,DataTech Solutions,Email,Women 35-44,30 days,Instagram,0.07,"$12,768.00",7.69,Miami,Spanish,885,5589,2,Fashionistas,2021-08-14
41187,NexGen Systems,Influencer,Men 18-24,60 days,Website,0.02,"$18,338.00",7.23,Los Angeles,English,426,1421,2,Tech Enthusiasts,2021-11-03
41256,TechCorp,Search,Women 25-34,15 days,Website,0.08,"$11,233.00",6.2,Los Angeles,French,368,7283,1,Health & Wellness,2021-01-11
41260,DataTech Solutions,Display,Men 25-34,15 days,Website,0.06,"$10,209.00",4.09,Houston,German,284,5157,5,Health & Wellness,2021-01-15
41269,DataTech Solutions,Search,Men 18-24,60 days,Instagram,0.06,"$15,082.00",3.23,Chicago,German,829,2968,7,Health & Wellness,2021-01-24
41290,TechCorp,Influencer,Women 35-44,45 days,Email,0.06,"$10,597.00",2.03,New York,Mandarin,781,4187,3,Tech Enthusiasts,2021-02-14
41342,Alpha Innovations,Display,Men 18-24,30 days,Facebook,0.11,"$13,181.00",2.41,Houston,English,581,9325,4,Outdoor Adventurers,2021-04-07
41359,NexGen Systems,Email,Women 25-34,30 days,Website,0.07,"$17,151.00",7.24,New York,English,151,7885,4,Health & Wellness,2021-04-24
41403,NexGen Systems,Social Media,Women 25-34,15 days,Website,0.14,"$14,962.00",6.7,Houston,French,183,3378,9,Tech Enthusiasts,2021-06-07
41441,DataTech Solutions,Display,Men 18-24,30 days,Instagram,0.12,"$16,734.00",4.12,Los Angeles,German,379,4941,5,Fashionistas,2021-07-15
41552,Alpha Innovations,Influencer,Men 25-34,45 days,Instagram,0.04,"$11,906.00",3.57,Houston,French,506,1609,8,Health & Wellness,2021-11-03
41602,Innovate Industries,Email,Men 25-34,15 days,Instagram,0.08,"$11,516.00",4.92,Los Angeles,English,603,9254,3,Foodies,2021-12-23
41642,TechCorp,Influencer,Men 18-24,60 days,YouTube,0.04,"$18,620.00",4.65,Los Angeles,Spanish,221,8844,10,Foodies,2021-02-01
41670,Innovate Industries,Social Media,Women 35-44,15 days,Google Ads,0.1,"$8,703.00",2.61,Houston,French,876,6562,5,Tech Enthusiasts,2021-03-01
41758,DataTech Solutions,Search,Men 18-24,30 days,Email,0.04,"$12,283.00",2.33,New York,French,515,9407,4,Tech Enthusiasts,2021-05-28
41786,Innovate Industries,Search,Men 18-24,45 days,YouTube,0.02,"$18,389.00",6.51,Miami,German,443,3978,4,Fashionistas,2021-06-25
41804,Alpha Innovations,Display,Women 35-44,45 days,Email,0.07,"$5,620.00",5.61,Miami,English,560,4123,1,Foodies,2021-07-13
41841,TechCorp,Influencer,Women 25-34,15 days,Facebook,0.12,"$9,835.00",5.17,Houston,Spanish,901,6824,7,Fashionistas,2021-08-19
41856,Alpha Innovations,Influencer,All Ages,30 days,Facebook,0.08,"$10,973.00",3.13,Miami,German,328,9412,2,Outdoor Adventurers,2021-09-03
41891,NexGen Systems,Email,Men 18-24,45 days,Instagram,0.02,"$17,404.00",5.04,Houston,German,640,4130,9,Fashionistas,2021-10-08
41896,Alpha Innovations,Email,Women 25-34,30 days,Instagram,0.02,"$15,457.00",4.05,Chicago,Spanish,582,1816,2,Outdoor Adventurers,2021-10-13
41926,Alpha Innovations,Email,Men 25-34,15 days,Email,0.13,"$16,453.00",7.77,Los Angeles,Mandarin,492,3792,1,Health & Wellness,2021-11-12
42007,Innovate Industries,Email,Women 35-44,60 days,YouTube,0.1,"$16,050.00",7.89,Los Angeles,French,874,1205,4,Health & Wellness,2021-02-01
42008,NexGen Systems,Social Media,Men 25-34,45 days,Website,0.07,"$17,570.00",5.61,Houston,Mandarin,614,8973,10,Fashionistas,2021-02-02
42050,Alpha Innovations,Search,Men 18-24,45 days,Instagram,0.12,"$10,985.00",7.79,Houston,Mandarin,876,7379,5,Foodies,2021-03-16
42056,Innovate Industries,Display,All Ages,15 days,Facebook,0.03,"$8,837.00",2.42,Miami,German,721,3624,4,Tech Enthusiasts,2021-03-22
42123,TechCorp,Email,Men 25-34,60 days,Instagram,0.07,"$15,135.00",5.89,Houston,German,814,3874,3,Fashionistas,2021-05-28
42251,Alpha Innovations,Search,Men 25-34,15 days,Google Ads,0.07,"$9,791.00",4.42,Miami,Mandarin,262,9002,5,Health & Wellness,2021-10-03
42254,Innovate Industries,Social Media,Men 18-24,60 days,Website,0.09,"$7,370.00",7.03,Los Angeles,Spanish,876,9035,3,Foodies,2021-10-06
42260,NexGen Systems,Display,Women 35-44,60 days,YouTube,0.05,"$7,846.00",3.16,Chicago,Mandarin,945,4899,2,Tech Enthusiasts,2021-10-12
42275,DataTech Solutions,Influencer,All Ages,30 days,Facebook,0.05,"$6,592.00",7.72,Miami,French,635,2207,8,Health & Wellness,2021-10-27
42278,TechCorp,Social Media,Men 25-34,30 days,Website,0.12,"$19,910.00",6.58,Houston,Spanish,333,6658,9,Outdoor Adventurers,2021-10-30
42342,TechCorp,Influencer,Men 18-24,60 days,Email,0.08,"$19,772.00",6.85,Los Angeles,German,245,6747,10,Health & Wellness,2021-01-02
42403,Innovate Industries,Social Media,Men 18-24,45 days,Website,0.11,"$16,575.00",5.17,Chicago,French,846,9089,9,Fashionistas,2021-03-04
42404,NexGen Systems,Display,Men 18-24,60 days,Website,0.03,"$13,443.00",4.1,Los Angeles,English,700,6194,6,Tech Enthusiasts,2021-03-05
42415,DataTech Solutions,Search,Men 18-24,60 days,Facebook,0.13,"$16,243.00",7.35,New York,French,918,4744,7,Foodies,2021-03-16
42432,DataTech Solutions,Display,All Ages,60 days,Website,0.1,"$9,832.00",5.52,Chicago,English,848,1508,6,Health & Wellness,2021-04-02
42513,TechCorp,Search,All Ages,45 days,Email,0.1,"$5,421.00",4.64,New York,French,615,2855,6,Fashionistas,2021-06-22
42658,NexGen Systems,Search,Women 25-34,30 days,Google Ads,0.02,"$17,584.00",2.69,New York,Spanish,161,9818,7,Outdoor Adventurers,2021-11-14
42821,DataTech Solutions,Influencer,Women 25-34,45 days,Website,0.11,"$7,208.00",2.53,Los Angeles,Spanish,676,8735,1,Outdoor Adventurers,2021-04-26
42826,Alpha Innovations,Social Media,Men 25-34,15 days,Instagram,0.08,"$14,881.00",4.94,Miami,English,270,3524,2,Fashionistas,2021-05-01
42855,TechCorp,Social Media,Men 18-24,60 days,Google Ads,0.14,"$8,031.00",2.34,Los Angeles,Mandarin,117,7822,9,Fashionistas,2021-05-30
43041,Alpha Innovations,Display,Women 35-44,45 days,Email,0.14,"$11,290.00",5.11,Miami,German,753,6579,10,Health & Wellness,2021-12-02
43111,TechCorp,Influencer,Women 25-34,30 days,Instagram,0.06,"$5,069.00",3.76,Miami,Mandarin,347,4157,10,Foodies,2021-02-10
43115,TechCorp,Influencer,Men 25-34,30 days,Google Ads,0.02,"$17,141.00",4.33,Los Angeles,German,722,2492,6,Outdoor Adventurers,2021-02-14
43209,Alpha Innovations,Influencer,Men 18-24,60 days,Facebook,0.14,"$9,918.00",3.89,Miami,German,426,9366,6,Outdoor Adventurers,2021-05-19
43220,Alpha Innovations,Display,Men 25-34,30 days,YouTube,0.03,"$11,109.00",5.13,Miami,French,842,9965,3,Tech Enthusiasts,2021-05-30
43244,Alpha Innovations,Social Media,Women 35-44,45 days,Email,0.1,"$19,538.00",6.26,New York,French,857,2064,1,Health & Wellness,2021-06-23
43269,NexGen Systems,Display,Women 35-44,15 days,Email,0.08,"$16,425.00",7.88,Miami,German,373,7228,7,Health & Wellness,2021-07-18
43371,Innovate Industries,Influencer,Women 25-34,60 days,Facebook,0.08,"$10,201.00",2.09,Chicago,Mandarin,519,7624,7,Health & Wellness,2021-10-28
43446,TechCorp,Email,Men 25-34,15 days,Facebook,0.12,"$11,689.00",4.97,New York,Spanish,838,7517,1,Fashionistas,2021-01-11
43570,Innovate Industries,Display,Women 35-44,60 days,Email,0.06,"$12,790.00",2.89,Miami,German,358,6029,1,Tech Enthusiasts,2021-05-15
43573,DataTech Solutions,Search,Men 25-34,45 days,Instagram,0.02,"$12,157.00",7.06,Houston,German,979,9799,4,Health & Wellness,2021-05-18
43680,NexGen Systems,Display,All Ages,45 days,Email,0.02,"$19,003.00",4.52,Los Angeles,Spanish,114,3993,3,Fashionistas,2021-09-02
43701,DataTech Solutions,Display,Men 18-24,30 days,Instagram,0.09,"$14,501.00",3.93,Miami,Mandarin,967,8729,3,Outdoor Adventurers,2021-09-23
43709,Innovate Industries,Search,Men 25-34,30 days,Facebook,0.1,"$12,323.00",5.55,New York,Mandarin,759,8965,3,Health & Wellness,2021-10-01
43722,Innovate Industries,Search,Women 35-44,15 days,Google Ads,0.13,"$8,638.00",4.76,New York,French,531,5590,6,Tech Enthusiasts,2021-10-14
43731,NexGen Systems,Influencer,All Ages,15 days,Facebook,0.09,"$10,921.00",5.57,Chicago,French,627,1627,7,Health & Wellness,2021-10-23
43737,Innovate Industries,Email,Men 18-24,30 days,YouTube,0.13,"$16,041.00",4.59,Houston,German,526,7986,7,Health & Wellness,2021-10-29
43758,DataTech Solutions,Search,Women 35-44,30 days,Email,0.08,"$11,915.00",5.34,Los Angeles,Spanish,465,9866,9,Tech Enthusiasts,2021-11-19
43807,Innovate Industries,Search,Men 25-34,60 days,Facebook,0.1,"$13,363.00",7.43,Miami,Spanish,423,1535,7,Tech Enthusiasts,2021-01-07
43853,DataTech Solutions,Email,Women 25-34,30 days,Facebook,0.1,"$6,759.00",6.95,Houston,German,980,4583,3,Foodies,2021-02-22
43875,Alpha Innovations,Email,Women 25-34,60 days,Website,0.02,"$14,802.00",5.36,New York,German,997,7179,9,Foodies,2021-03-16
44075,NexGen Systems,Social Media,Women 25-34,60 days,YouTube,0.09,"$10,843.00",2.01,Houston,German,689,9968,9,Foodies,2021-10-02
44090,Alpha Innovations,Social Media,Women 35-44,15 days,Instagram,0.12,"$11,185.00",7.16,New York,German,768,6692,7,Outdoor Adventurers,2021-10-17
44128,DataTech Solutions,Display,Women 25-34,60 days,Email,0.01,"$9,873.00",7.05,Miami,Spanish,692,7204,2,Outdoor Adventurers,2021-11-24
44130,Alpha Innovations,Email,Men 18-24,15 days,Email,0.04,"$15,950.00",5.9,Los Angeles,Spanish,381,3674,7,Outdoor Adventurers,2021-11-26
44219,Innovate Industries,Display,All Ages,45 days,Google Ads,0.14,"$7,368.00",3.96,Los Angeles,German,622,8905,8,Tech Enthusiasts,2021-02-23
44230,NexGen Systems,Search,Men 25-34,45 days,Facebook,0.13,"$13,292.00",7.99,Chicago,German,720,8473,3,Tech Enthusiasts,2021-03-06
44232,Alpha Innovations,Display,Men 18-24,30 days,Website,0.08,"$17,516.00",5.84,Houston,German,716,1561,5,Foodies,2021-03-08
44267,DataTech Solutions,Search,Men 18-24,15 days,Facebook,0.15,"$14,126.00",6.44,Chicago,English,558,2933,3,Foodies,2021-04-12
44303,NexGen Systems,Influencer,Women 25-34,45 days,Facebook,0.03,"$9,476.00",7.92,New York,French,530,8332,3,Foodies,2021-05-18
44310,DataTech Solutions,Email,Men 25-34,30 days,Website,0.07,"$5,973.00",5.31,Miami,English,327,7311,6,Outdoor Adventurers,2021-05-25
44360,Innovate Industries,Display,All Ages,60 days,Website,0.04,"$13,354.00",4.43,Los Angeles,Mandarin,192,4171,8,Health & Wellness,2021-07-14
44386,Alpha Innovations,Influencer,Women 25-34,30 days,Google Ads,0.15,"$5,363.00",5.01,Miami,German,369,7322,7,Fashionistas,2021-08-09
44397,DataTech Solutions,Search,Women 35-44,15 days,Facebook,0.09,"$16,535.00",4.68,New York,Spanish,649,3779,1,Outdoor Adventurers,2021-08-20
44412,Alpha Innovations,Social Media,All Ages,30 days,Facebook,0.02,"$13,393.00",6.48,Houston,Spanish,103,6746,1,Health & Wellness,2021-09-04
44438,TechCorp,Search,Men 18-24,15 days,Google Ads,0.05,"$14,774.00",2.64,Chicago,Spanish,125,9087,8,Outdoor Adventurers,2021-09-30
44474,Innovate Industries,Influencer,All Ages,45 days,Website,0.04,"$16,090.00",5.6,Los Angeles,German,491,4234,5,Health & Wellness,2021-11-05
44497,NexGen Systems,Email,Women 25-34,60 days,Google Ads,0.1,"$11,077.00",4.1,Chicago,Mandarin,262,4409,6,Fashionistas,2021-11-28
44530,NexGen Systems,Email,Men 25-34,45 days,Email,0.07,"$10,197.00",4.12,Houston,English,142,6911,10,Foodies,2021-12-31
44653,Alpha Innovations,Social Media,Women 35-44,45 days,Google Ads,0.1,"$9,973.00",3.28,Chicago,Mandarin,955,5402,3,Health & Wellness,2021-05-03
44659,TechCorp,Email,Men 25-34,30 days,Website,0.06,"$19,939.00",5.19,Houston,Spanish,667,2619,3,Fashionistas,2021-05-09
44669,Alpha Innovations,Display,All Ages,60 days,Instagram,0.07,"$16,225.00",5.2,Miami,Mandarin,115,8657,9,Outdoor Adventurers,2021-05-19
44702,Alpha Innovations,Email,Women 25-34,30 days,Instagram,0.03,"$11,677.00",7.55,New York,German,499,7994,8,Tech Enthusiasts,2021-06-21
44736,DataTech Solutions,Influencer,Men 25-34,45 days,Email,0.03,"$14,812.00",6.38,Los Angeles,German,740,1827,10,Health & Wellness,2021-07-25
44743,Innovate Industries,Display,Men 18-24,15 days,Email,0.11,"$9,659.00",3.23,Chicago,Mandarin,632,1656,6,Outdoor Adventurers,2021-08-01
44772,Innovate Industries,Social Media,Men 18-24,15 days,Website,0.03,"$7,813.00",2.78,Chicago,English,944,9908,8,Foodies,2021-08-30
44870,DataTech Solutions,Search,Women 35-44,45 days,YouTube,0.04,"$6,823.00",7.58,Los Angeles,Spanish,470,8331,4,Outdoor Adventurers,2021-12-06
44910,Innovate Industries,Social Media,Women 25-34,60 days,Website,0.08,"$10,836.00",2.68,Miami,French,777,1148,3,Tech Enthusiasts,2021-01-15
44995,Alpha Innovations,Social Media,Women 25-34,30 days,Instagram,0.08,"$14,201.00",7.72,Los Angeles,Spanish,133,6436,6,Health & Wellness,2021-04-10
45073,Innovate Industries,Display,All Ages,15 days,Facebook,0.05,"$12,253.00",7.99,Los Angeles,German,115,1832,2,Fashionistas,2021-06-27
45074,Innovate Industries,Display,Men 18-24,30 days,Google Ads,0.13,"$6,845.00",6.53,Chicago,French,170,5620,10,Tech Enthusiasts,2021-06-28
45137,NexGen Systems,Search,All Ages,45 days,Website,0.03,"$19,085.00",5.3,Houston,French,171,2172,2,Fashionistas,2021-08-30
45174,DataTech Solutions,Email,Men 18-24,60 days,YouTube,0.02,"$11,146.00",6.28,Houston,English,294,4509,4,Fashionistas,2021-10-06
45213,DataTech Solutions,Display,Men 18-24,15 days,Website,0.14,"$18,655.00",6.85,Miami,German,378,5811,3,Health & Wellness,2021-11-14
45223,DataTech Solutions,Display,Women 25-34,45 days,Google Ads,0.07,"$18,136.00",4.02,Houston,Spanish,990,5199,4,Tech Enthusiasts,2021-11-24
45237,DataTech Solutions,Social Media,Women 25-34,30 days,YouTube,0.03,"$7,841.00",3.31,Miami,German,521,5762,2,Health & Wellness,2021-12-08
45248,NexGen Systems,Email,Men 18-24,15 days,Email,0.11,"$17,515.00",6.67,Houston,German,125,8950,2,Outdoor Adventurers,2021-12-19
45271,TechCorp,Search,Men 18-24,30 days,YouTube,0.05,"$9,098.00",5.75,Los Angeles,Mandarin,676,5738,9,Fashionistas,2021-01-11
45283,Innovate Industries,Email,Women 25-34,45 days,YouTube,0.03,"$15,064.00",7.09,Chicago,English,431,8443,2,Outdoor Adventurers,2021-01-23
45289,Alpha Innovations,Influencer,Women 35-44,45 days,Facebook,0.11,"$16,210.00",5.02,Miami,Mandarin,722,3083,5,Tech Enthusiasts,2021-01-29
45308,TechCorp,Social Media,Men 18-24,15 days,Google Ads,0.11,"$17,085.00",4.08,Los Angeles,English,810,2298,5,Foodies,2021-02-17
45466,DataTech Solutions,Social Media,Men 18-24,45 days,YouTube,0.08,"$11,368.00",4.76,Los Angeles,French,318,1862,5,Health & Wellness,2021-07-25
45540,Alpha Innovations,Social Media,Men 18-24,30 days,Facebook,0.15,"$10,493.00",7.34,Chicago,French,964,5915,2,Fashionistas,2021-10-07
45588,NexGen Systems,Influencer,Women 35-44,15 days,Website,0.03,"$6,698.00",3.95,Miami,French,721,7367,5,Outdoor Adventurers,2021-11-24
45594,Alpha Innovations,Social Media,Men 25-34,30 days,Website,0.06,"$13,151.00",6.09,Miami,Mandarin,459,6059,6,Foodies,2021-11-30
45724,TechCorp,Search,Women 25-34,45 days,Google Ads,0.05,"$10,017.00",7.18,New York,German,617,2431,2,Outdoor Adventurers,2021-04-09
45791,TechCorp,Display,Women 25-34,45 days,Google Ads,0.05,"$6,110.00",4.84,Houston,English,773,3287,9,Fashionistas,2021-06-15
45816,Alpha Innovations,Search,Women 25-34,15 days,Email,0.14,"$19,214.00",7.78,New York,German,414,3523,4,Tech Enthusiasts,2021-07-10
45830,TechCorp,Email,Men 25-34,15 days,Instagram,0.03,"$16,261.00",2.87,Chicago,Spanish,347,6070,9,Fashionistas,2021-07-24
45932,TechCorp,Email,Men 25-34,15 days,YouTube,0.13,"$5,259.00",5.17,Los Angeles,English,264,5409,1,Health & Wellness,2021-11-03
45972,DataTech Solutions,Display,Men 18-24,60 days,YouTube,0.03,"$18,615.00",5.55,New York,English,775,8833,1,Fashionistas,2021-12-13
45981,DataTech Solutions,Display,Men 25-34,60 days,Website,0.02,"$9,437.00",4.84,Houston,English,197,2765,4,Tech Enthusiasts,2021-12-22
46082,NexGen Systems,Search,All Ages,15 days,Facebook,0.04,"$15,889.00",4.18,Los Angeles,French,527,6430,1,Tech Enthusiasts,2021-04-02
46140,Alpha Innovations,Social Media,All Ages,15 days,Instagram,0.1,"$14,926.00",3.04,Chicago,Mandarin,514,8980,2,Tech Enthusiasts,2021-05-30
46171,DataTech Solutions,Search,All Ages,30 days,YouTube,0.1,"$15,228.00",6.02,New York,German,808,5504,10,Foodies,2021-06-30
46174,Alpha Innovations,Social Media,Women 35-44,15 days,Google Ads,0.08,"$13,770.00",4.87,Miami,French,198,5297,10,Foodies,2021-07-03
46254,NexGen Systems,Search,Men 18-24,30 days,Facebook,0.1,"$16,445.00",5.14,Houston,Mandarin,461,9183,3,Fashionistas,2021-09-21
46279,NexGen Systems,Search,Men 25-34,15 days,Email,0.02,"$19,557.00",5.92,Los Angeles,Spanish,947,8761,1,Outdoor Adventurers,2021-10-16
46318,DataTech Solutions,Search,Women 35-44,60 days,Google Ads,0.12,"$11,138.00",2.17,Miami,Mandarin,511,7938,7,Tech Enthusiasts,2021-11-24
46325,Alpha Innovations,Display,Women 25-34,30 days,YouTube,0.13,"$6,358.00",3.75,Houston,German,417,1823,7,Health & Wellness,2021-12-01
46338,TechCorp,Display,Women 25-34,60 days,YouTube,0.13,"$11,806.00",2.83,Miami,German,196,1093,9,Foodies,2021-12-14
46453,DataTech Solutions,Search,Women 35-44,45 days,Facebook,0.09,"$15,138.00",7.57,Houston,French,233,3399,4,Fashionistas,2021-04-08
46464,DataTech Solutions,Email,Women 35-44,60 days,Google Ads,0.03,"$14,607.00",2.18,Houston,French,233,1565,4,Foodies,2021-04-19
46471,NexGen Systems,Search,Women 35-44,60 days,Facebook,0.12,"$7,340.00",3.21,Chicago,Spanish,512,8605,8,Foodies,2021-04-26
46484,NexGen Systems,Social Media,Men 25-34,15 days,Email,0.08,"$15,180.00",5.56,Miami,Spanish,626,4426,9,Health & Wellness,2021-05-09
46497,Alpha Innovations,Display,Women 35-44,15 days,Email,0.04,"$15,688.00",6.84,Los Angeles,Spanish,412,7850,9,Foodies,2021-05-22
46534,NexGen Systems,Influencer,Men 18-24,15 days,YouTube,0.12,"$9,401.00",5.85,Houston,German,621,5362,6,Tech Enthusiasts,2021-06-28
46573,DataTech Solutions,Display,Women 35-44,30 days,Google Ads,0.02,"$6,212.00",5.59,Miami,Spanish,776,4858,10,Tech Enthusiasts,2021-08-06
46592,NexGen Systems,Display,Women 35-44,30 days,Email,0.11,"$14,561.00",3.73,New York,English,208,6146,1,Fashionistas,2021-08-25
46602,TechCorp,Email,Men 25-34,45 days,Instagram,0.12,"$8,614.00",5.78,Chicago,French,226,3174,6,Tech Enthusiasts,2021-09-04
46637,DataTech Solutions,Social Media,Women 25-34,60 days,Email,0.09,"$19,253.00",2.21,Houston,Spanish,277,8336,5,Tech Enthusiasts,2021-10-09
46694,Innovate Industries,Email,All Ages,45 days,Instagram,0.04,"$17,137.00",5.22,Chicago,Spanish,991,4957,7,Tech Enthusiasts,2021-12-05
46712,Innovate Industries,Display,Women 35-44,15 days,YouTube,0.07,"$15,318.00",4.37,Chicago,Spanish,542,9058,10,Tech Enthusiasts,2021-12-23
46733,TechCorp,Display,All Ages,15 days,Instagram,0.08,"$12,092.00",5.92,Miami,English,235,6048,7,Fashionistas,2021-01-13
46745,Alpha Innovations,Search,Women 35-44,15 days,YouTube,0.04,"$17,477.00",7.24,Miami,German,103,1413,9,Foodies,2021-01-25
46802,NexGen Systems,Search,Women 35-44,60 days,Instagram,0.01,"$19,912.00",6.63,Miami,Mandarin,481,9341,8,Outdoor Adventurers,2021-03-23
46839,Alpha Innovations,Social Media,Men 18-24,15 days,Facebook,0.15,"$12,849.00",3.57,Chicago,Mandarin,719,7788,6,Health & Wellness,2021-04-29
46872,TechCorp,Social Media,All Ages,60 days,YouTube,0.04,"$9,418.00",5.26,Chicago,French,770,7152,8,Outdoor Adventurers,2021-06-01
46873,Innovate Industries,Email,Men 25-34,45 days,Google Ads,0.07,"$18,009.00",7.54,Chicago,Mandarin,708,2187,4,Tech Enthusiasts,2021-06-02
46885,NexGen Systems,Social Media,All Ages,60 days,Facebook,0.02,"$12,249.00",3.71,Chicago,English,746,3898,1,Foodies,2021-06-14
46889,Alpha Innovations,Display,Men 25-34,15 days,Email,0.08,"$7,078.00",6.51,Chicago,Spanish,379,5084,10,Foodies,2021-06-18
46950,NexGen Systems,Search,Women 25-34,45 days,Website,0.1,"$19,196.00",6.7,Houston,Spanish,431,8896,2,Outdoor Adventurers,2021-08-18
46969,TechCorp,Display,Men 25-34,30 days,Email,0.08,"$10,559.00",5.02,Miami,Mandarin,262,5460,5,Outdoor Adventurers,2021-09-06
47017,Innovate Industries,Display,Women 25-34,45 days,Instagram,0.11,"$11,989.00",3.61,Miami,Mandarin,895,2049,9,Health & Wellness,2021-10-24
47024,NexGen Systems,Email,Men 25-34,15 days,YouTube,0.02,"$9,325.00",5.65,Chicago,Mandarin,959,6650,3,Fashionistas,2021-10-31
47147,NexGen Systems,Search,All Ages,45 days,Instagram,0.1,"$6,440.00",3.26,New York,English,635,6977,3,Outdoor Adventurers,2021-03-03
47251,Innovate Industries,Search,Men 25-34,45 days,Website,0.1,"$7,174.00",6.17,Houston,Mandarin,290,8837,8,Tech Enthusiasts,2021-06-15
47395,NexGen Systems,Social Media,Men 25-34,30 days,Google Ads,0.1,"$19,676.00",6.01,Houston,German,448,3007,7,Foodies,2021-11-06
47408,Innovate Industries,Display,Men 25-34,45 days,Facebook,0.08,"$19,378.00",4.64,Chicago,Spanish,221,5233,7,Fashionistas,2021-11-19
47560,NexGen Systems,Influencer,Women 25-34,45 days,Email,0.11,"$16,843.00",7.22,Chicago,English,174,2317,3,Tech Enthusiasts,2021-04-20
47580,DataTech Solutions,Search,Women 35-44,30 days,Website,0.05,"$12,146.00",5.43,Miami,English,328,2117,10,Outdoor Adventurers,2021-05-10
47584,NexGen Systems,Display,All Ages,30 days,Email,0.09,"$16,647.00",2.23,Miami,English,616,3771,10,Foodies,2021-05-14
47623,TechCorp,Display,All Ages,45 days,Google Ads,0.07,"$10,971.00",7.1,New York,Spanish,130,3783,2,Outdoor Adventurers,2021-06-22
47669,Alpha Innovations,Display,Men 25-34,30 days,Google Ads,0.04,"$14,182.00",4.99,Miami,English,105,9200,5,Fashionistas,2021-08-07
47676,TechCorp,Email,Men 18-24,60 days,Facebook,0.07,"$10,382.00",7.95,Los Angeles,Mandarin,603,2240,5,Outdoor Adventurers,2021-08-14
47685,Innovate Industries,Social Media,Men 18-24,60 days,Facebook,0.05,"$11,333.00",3.14,Los Angeles,Mandarin,583,4134,9,Health & Wellness,2021-08-23
47715,TechCorp,Social Media,Men 25-34,30 days,Instagram,0.1,"$9,709.00",7.8,Chicago,English,948,7305,9,Fashionistas,2021-09-22
47725,NexGen Systems,Social Media,Men 25-34,30 days,YouTube,0.07,"$5,254.00",3.18,New York,Mandarin,953,7507,10,Health & Wellness,2021-10-02
47732,Alpha Innovations,Email,Women 25-34,45 days,Email,0.14,"$9,895.00",7.39,Los Angeles,French,120,5246,2,Tech Enthusiasts,2021-10-09
47738,DataTech Solutions,Social Media,All Ages,60 days,Email,0.14,"$9,015.00",4.58,Houston,Mandarin,106,8764,10,Foodies,2021-10-15
47796,Alpha Innovations,Influencer,All Ages,15 days,Facebook,0.1,"$16,355.00",6.46,Houston,German,203,1877,3,Foodies,2021-12-12
47927,Alpha Innovations,Influencer,Men 25-34,45 days,Instagram,0.05,"$8,173.00",4.85,Los Angeles,Spanish,887,2087,9,Tech Enthusiasts,2021-04-22
47937,DataTech Solutions,Social Media,All Ages,15 days,YouTube,0.05,"$19,380.00",7.45,Los Angeles,Mandarin,910,1445,1,Outdoor Adventurers,2021-05-02
47958,Alpha Innovations,Display,Women 35-44,60 days,Google Ads,0.11,"$9,829.00",7.85,New York,English,212,3163,4,Tech Enthusiasts,2021-05-23
48004,TechCorp,Influencer,Men 25-34,45 days,Facebook,0.11,"$17,902.00",5.27,Los Angeles,French,650,2088,5,Foodies,2021-07-08
48104,TechCorp,Influencer,Men 25-34,30 days,Website,0.09,"$19,248.00",5.77,New York,German,897,2380,2,Outdoor Adventurers,2021-10-16
48125,DataTech Solutions,Search,All Ages,45 days,Email,0.14,"$17,008.00",4.31,Los Angeles,Spanish,436,1618,3,Health & Wellness,2021-11-06
48135,Alpha Innovations,Social Media,Men 25-34,15 days,Email,0.07,"$13,893.00",2.99,Miami,Mandarin,151,7485,9,Tech Enthusiasts,2021-11-16
48194,TechCorp,Search,All Ages,45 days,Facebook,0.1,"$9,354.00",3.94,Los Angeles,German,546,3873,9,Foodies,2021-01-14
48214,TechCorp,Email,Men 25-34,30 days,Email,0.09,"$18,632.00",7.56,Chicago,Mandarin,245,6226,9,Outdoor Adventurers,2021-02-03
48227,NexGen Systems,Search,Men 18-24,45 days,Google Ads,0.07,"$15,256.00",2.59,New York,Spanish,365,6730,1,Tech Enthusiasts,2021-02-16
48241,TechCorp,Display,Men 25-34,45 days,YouTube,0.02,"$8,947.00",7.83,New York,French,868,2662,2,Fashionistas,2021-03-02
48270,Innovate Industries,Social Media,Women 25-34,60 days,Instagram,0.13,"$5,119.00",4.05,Houston,German,703,5034,1,Tech Enthusiasts,2021-03-31
48347,Alpha Innovations,Display,Men 25-34,45 days,Website,0.06,"$9,426.00",3.53,Chicago,Spanish,261,9854,3,Tech Enthusiasts,2021-06-16
48396,NexGen Systems,Search,Men 18-24,45 days,Instagram,0.03,"$7,335.00",4.29,Miami,Spanish,758,4696,4,Fashionistas,2021-08-04
48401,TechCorp,Influencer,Women 25-34,60 days,Email,0.07,"$14,379.00",6.13,Miami,Mandarin,248,1255,3,Outdoor Adventurers,2021-08-09
48467,DataTech Solutions,Social Media,All Ages,60 days,Instagram,0.13,"$11,723.00",6.61,New York,Mandarin,863,8821,4,Health & Wellness,2021-10-14
48480,Innovate Industries,Email,Women 25-34,45 days,Instagram,0.04,"$19,609.00",2.17,Houston,English,603,5611,10,Tech Enthusiasts,2021-10-27
48544,DataTech Solutions,Search,Men 25-34,30 days,Instagram,0.03,"$15,532.00",4.32,Houston,German,223,8479,9,Foodies,2021-12-30
48570,NexGen Systems,Search,Men 18-24,30 days,Instagram,0.1,"$8,121.00",7.54,New York,Spanish,144,1330,7,Tech Enthusiasts,2021-01-25
48575,DataTech Solutions,Email,All Ages,45 days,Email,0.02,"$14,984.00",7.88,Los Angeles,Mandarin,916,8021,3,Foodies,2021-01-30
48580,DataTech Solutions,Display,Women 35-44,60 days,Google Ads,0.09,"$10,185.00",2.33,Chicago,French,545,5958,9,Fashionistas,2021-02-04
48584,TechCorp,Search,Women 25-34,45 days,Email,0.14,"$19,835.00",2.65,Los Angeles,Mandarin,653,9047,7,Outdoor Adventurers,2021-02-08
48683,Alpha Innovations,Social Media,All Ages,15 days,Facebook,0.14,"$5,989.00",4.79,Miami,Mandarin,283,6235,2,Outdoor Adventurers,2021-05-18
48711,DataTech Solutions,Display,Women 35-44,45 days,YouTube,0.06,"$7,198.00",4.23,Houston,German,207,7020,8,Fashionistas,2021-06-15
48735,DataTech Solutions,Email,Women 35-44,15 days,YouTube,0.15,"$7,445.00",6.97,Miami,Spanish,786,5595,4,Outdoor Adventurers,2021-07-09
48767,TechCorp,Influencer,Men 25-34,60 days,YouTube,0.13,"$14,790.00",7.97,Los Angeles,English,982,7392,8,Tech Enthusiasts,2021-08-10
48810,DataTech Solutions,Search,Men 25-34,45 days,Email,0.15,"$5,145.00",2.7,New York,German,672,7913,6,Outdoor Adventurers,2021-09-22
48833,TechCorp,Display,Men 25-34,30 days,Google Ads,0.11,"$10,534.00",7.71,Miami,German,827,7031,8,Outdoor Adventurers,2021-10-15
48876,NexGen Systems,Social Media,Women 25-34,15 days,Instagram,0.1,"$18,398.00",4.8,Chicago,German,369,6196,6,Health & Wellness,2021-11-27
48885,NexGen Systems,Display,All Ages,45 days,Website,0.07,"$14,988.00",6.47,New York,Spanish,456,5449,2,Health & Wellness,2021-12-06
48963,Innovate Industries,Display,Women 35-44,45 days,Instagram,0.06,"$17,014.00",3.5,Houston,Mandarin,254,6599,2,Foodies,2021-02-22
48980,NexGen Systems,Influencer,Women 25-34,45 days,Instagram,0.14,"$13,798.00",5.91,Houston,French,605,7751,9,Fashionistas,2021-03-11
48987,TechCorp,Influencer,Women 35-44,15 days,Instagram,0.05,"$12,844.00",3.5,Miami,Mandarin,602,3424,9,Tech Enthusiasts,2021-03-18
49008,NexGen Systems,Search,Women 25-34,30 days,Instagram,0.13,"$10,460.00",5.55,Los Angeles,French,918,7354,7,Outdoor Adventurers,2021-04-08
49012,Alpha Innovations,Social Media,Men 18-24,60 days,Google Ads,0.15,"$14,892.00",3.8,Miami,Mandarin,847,6291,1,Outdoor Adventurers,2021-04-12
49042,NexGen Systems,Search,Women 25-34,30 days,Google Ads,0.1,"$9,620.00",7.18,Houston,German,935,9391,3,Fashionistas,2021-05-12
49082,Alpha Innovations,Influencer,All Ages,30 days,Website,0.01,"$15,433.00",2.24,New York,Mandarin,664,2046,6,Outdoor Adventurers,2021-06-21
49198,TechCorp,Email,Women 25-34,30 days,Google Ads,0.13,"$9,732.00",3.67,Houston,Spanish,177,4658,6,Outdoor Adventurers,2021-10-15
49211,Alpha Innovations,Email,Men 18-24,45 days,Website,0.06,"$18,575.00",4.61,Miami,German,903,7135,1,Foodies,2021-10-28
49212,DataTech Solutions,Email,Men 18-24,30 days,Website,0.13,"$12,862.00",6.11,Houston,Mandarin,241,3368,4,Foodies,2021-10-29
49267,Innovate Industries,Influencer,Women 35-44,45 days,YouTube,0.02,"$6,554.00",2.23,Houston,German,612,7904,7,Fashionistas,2021-12-23
49285,Innovate Industries,Social Media,All Ages,45 days,YouTube,0.04,"$19,738.00",7.8,Miami,English,307,6954,2,Fashionistas,2021-01-10
49342,Alpha Innovations,Search,Women 25-34,45 days,Facebook,0.09,"$16,136.00",4.14,Miami,Spanish,446,4429,4,Fashionistas,2021-03-08
49387,DataTech Solutions,Influencer,Women 25-34,45 days,Google Ads,0.04,"$12,983.00",4.48,Houston,French,940,2035,1,Fashionistas,2021-04-22
49393,Alpha Innovations,Email,Women 25-34,60 days,Email,0.08,"$15,604.00",7.57,Chicago,Spanish,706,4609,5,Health & Wellness,2021-04-28
49415,TechCorp,Social Media,Men 18-24,60 days,YouTube,0.06,"$17,395.00",4.29,New York,Spanish,418,6377,1,Outdoor Adventurers,2021-05-20
49433,Alpha Innovations,Influencer,Women 25-34,30 days,Google Ads,0.1,"$19,735.00",7.82,New York,English,627,9085,8,Health & Wellness,2021-06-07
49481,DataTech Solutions,Display,Men 18-24,60 days,Instagram,0.08,"$12,103.00",5.46,New York,English,474,4321,6,Foodies,2021-07-25
49611,TechCorp,Search,Men 25-34,15 days,Email,0.09,"$17,806.00",7.19,Houston,German,215,8726,8,Outdoor Adventurers,2021-12-02
49686,Innovate Industries,Influencer,Men 25-34,30 days,Website,0.14,"$8,108.00",7.32,Miami,Spanish,164,3662,1,Tech Enthusiasts,2021-02-15
49695,Innovate Industries,Influencer,Men 25-34,60 days,Facebook,0.01,"$9,369.00",2.33,New York,German,834,3141,8,Foodies,2021-02-24
49766,Alpha Innovations,Influencer,All Ages,15 days,Email,0.08,"$17,935.00",4.36,Los Angeles,Mandarin,698,3859,1,Fashionistas,2021-05-06
49852,TechCorp,Email,Men 18-24,45 days,Website,0.02,"$18,960.00",6.29,Chicago,English,930,3540,10,Outdoor Adventurers,2021-07-31
49881,TechCorp,Influencer,Women 35-44,60 days,Google Ads,0.11,"$11,799.00",7.91,Los Angeles,Mandarin,864,4703,3,Tech Enthusiasts,2021-08-29
49920,Innovate Industries,Search,Men 18-24,45 days,Google Ads,0.1,"$10,742.00",4.21,New York,French,534,5360,10,Foodies,2021-10-07
49962,NexGen Systems,Email,Men 18-24,60 days,Facebook,0.1,"$9,621.00",3.06,New York,Mandarin,670,4127,6,Health & Wellness,2021-11-18
49979,NexGen Systems,Email,All Ages,15 days,Website,0.08,"$11,797.00",5.45,Houston,French,635,2608,10,Foodies,2021-12-05
50028,Innovate Industries,Email,Women 35-44,30 days,YouTube,0.07,"$6,209.00",7.3,New York,English,668,9901,8,Outdoor Adventurers,2021-01-23
50044,Innovate Industries,Email,All Ages,45 days,Website,0.1,"$15,997.00",3.08,Chicago,German,297,6982,7,Foodies,2021-02-08
50103,NexGen Systems,Social Media,Women 25-34,30 days,Google Ads,0.14,"$16,138.00",4.07,Miami,German,431,3216,6,Tech Enthusiasts,2021-04-08
50132,TechCorp,Search,All Ages,45 days,Email,0.1,"$9,972.00",7.67,Houston,Spanish,959,4250,3,Fashionistas,2021-05-07
50147,Alpha Innovations,Social Media,Men 18-24,30 days,Google Ads,0.09,"$8,725.00",3.95,Miami,Mandarin,222,4922,3,Outdoor Adventurers,2021-05-22
50154,DataTech Solutions,Influencer,Women 25-34,15 days,Facebook,0.07,"$14,530.00",6.39,New York,English,653,8079,9,Tech Enthusiasts,2021-05-29
50159,Alpha Innovations,Influencer,Women 25-34,30 days,YouTube,0.1,"$5,296.00",5.36,Houston,English,880,9499,5,Foodies,2021-06-03
50172,DataTech Solutions,Social Media,All Ages,30 days,Facebook,0.12,"$14,670.00",3.07,Los Angeles,English,363,7596,1,Foodies,2021-06-16
50209,TechCorp,Social Media,Men 25-34,15 days,Email,0.1,"$17,366.00",2.55,Los Angeles,German,393,6774,10,Foodies,2021-07-23
50279,DataTech Solutions,Email,Men 25-34,45 days,Website,0.13,"$12,735.00",2.35,Miami,English,974,3955,3,Fashionistas,2021-10-01
50396,DataTech Solutions,Email,Men 18-24,15 days,Website,0.04,"$18,360.00",2.94,Chicago,German,349,1281,10,Health & Wellness,2021-01-26
50409,TechCorp,Search,All Ages,60 days,Instagram,0.01,"$16,894.00",6.3,Miami,English,510,4754,8,Fashionistas,2021-02-08
50496,NexGen Systems,Influencer,Men 25-34,60 days,Google Ads,0.08,"$11,914.00",3.24,Houston,French,717,9820,2,Outdoor Adventurers,2021-05-06
50519,NexGen Systems,Email,Men 18-24,45 days,Email,0.09,"$6,890.00",6.64,Chicago,Spanish,442,7573,2,Outdoor Adventurers,2021-05-29
50583,Alpha Innovations,Social Media,Women 35-44,60 days,Website,0.14,"$19,424.00",5.38,Miami,German,393,4373,9,Tech Enthusiasts,2021-08-01
50672,Alpha Innovations,Email,Women 35-44,45 days,Website,0.03,"$18,864.00",4.9,New York,Mandarin,387,7065,10,Foodies,2021-10-29
50715,Innovate Industries,Email,Men 18-24,60 days,YouTube,0.07,"$17,776.00",6.92,New York,Mandarin,283,5223,6,Outdoor Adventurers,2021-12-11
50719,NexGen Systems,Display,Women 35-44,15 days,Instagram,0.09,"$17,561.00",3.55,New York,Spanish,612,7083,8,Foodies,2021-12-15
50755,DataTech Solutions,Display,Men 25-34,15 days,YouTube,0.13,"$13,318.00",5.15,Miami,Spanish,756,9988,10,Foodies,2021-01-20
50844,DataTech Solutions,Email,Men 18-24,45 days,Facebook,0.1,"$15,440.00",2.02,Chicago,French,491,4111,1,Foodies,2021-04-19
50865,Alpha Innovations,Search,Women 35-44,30 days,Instagram,0.08,"$10,783.00",2.12,New York,German,114,4993,9,Foodies,2021-05-10
50882,Alpha Innovations,Social Media,Women 35-44,60 days,Email,0.15,"$19,730.00",7.05,Los Angeles,French,548,4780,9,Fashionistas,2021-05-27
50906,TechCorp,Influencer,Men 25-34,30 days,YouTube,0.12,"$13,647.00",5.12,Houston,Mandarin,400,3792,5,Health & Wellness,2021-06-20
50946,TechCorp,Social Media,All Ages,60 days,Google Ads,0.03,"$5,411.00",5.2,Houston,Spanish,453,1884,4,Fashionistas,2021-07-30
50952,NexGen Systems,Influencer,All Ages,15 days,Website,0.05,"$9,744.00",4.25,Chicago,Mandarin,732,6161,3,Tech Enthusiasts,2021-08-05
51038,TechCorp,Email,Women 35-44,60 days,Facebook,0.06,"$15,832.00",6.23,Los Angeles,English,213,2075,2,Outdoor Adventurers,2021-10-30
51153,TechCorp,Email,Men 18-24,30 days,Email,0.07,"$14,387.00",6.35,Chicago,French,834,5132,4,Health & Wellness,2021-02-22
51202,DataTech Solutions,Search,Men 18-24,45 days,Website,0.12,"$19,390.00",2.61,Houston,English,546,1426,5,Health & Wellness,2021-04-12
51252,Innovate Industries,Search,Men 18-24,15 days,Google Ads,0.09,"$17,095.00",5.36,New York,Spanish,344,8143,6,Foodies,2021-06-01
51279,TechCorp,Email,All Ages,15 days,Instagram,0.13,"$19,380.00",3.23,New York,German,631,7962,1,Foodies,2021-06-28
51359,NexGen Systems,Email,Men 18-24,60 days,Google Ads,0.12,"$15,137.00",5.0,Los Angeles,Spanish,384,3509,3,Fashionistas,2021-09-16
51396,TechCorp,Influencer,Women 25-34,15 days,Instagram,0.03,"$15,438.00",6.12,Chicago,Spanish,647,3637,10,Outdoor Adventurers,2021-10-23
51421,Innovate Industries,Display,Men 25-34,30 days,Website,0.11,"$14,872.00",6.19,Chicago,Mandarin,455,5428,2,Health & Wellness,2021-11-17
51452,TechCorp,Email,Women 25-34,45 days,Instagram,0.08,"$13,176.00",3.42,Houston,Mandarin,369,3497,3,Tech Enthusiasts,2021-12-18
51466,Alpha Innovations,Email,Men 25-34,15 days,YouTube,0.12,"$12,717.00",3.57,New York,English,426,8785,6,Health & Wellness,2021-01-01
51531,Alpha Innovations,Email,Men 18-24,15 days,Instagram,0.09,"$15,915.00",6.24,Miami,Mandarin,175,6981,2,Health & Wellness,2021-03-07
51579,NexGen Systems,Influencer,Women 35-44,60 days,Instagram,0.08,"$12,165.00",7.9,Houston,English,575,2068,8,Foodies,2021-04-24
51620,TechCorp,Email,Women 35-44,60 days,Instagram,0.12,"$19,200.00",3.45,New York,French,190,7380,8,Tech Enthusiasts,2021-06-04
51622,Alpha Innovations,Search,Men 25-34,30 days,Website,0.04,"$18,475.00",5.61,Los Angeles,German,486,3211,1,Outdoor Adventurers,2021-06-06
51624,Alpha Innovations,Social Media,Women 25-34,15 days,Google Ads,0.02,"$10,022.00",3.18,Chicago,Mandarin,650,7081,9,Outdoor Adventurers,2021-06-08
51681,TechCorp,Search,Men 18-24,15 days,YouTube,0.02,"$15,667.00",5.58,New York,German,195,8464,2,Foodies,2021-08-04
51760,Alpha Innovations,Influencer,Women 25-34,45 days,Google Ads,0.13,"$17,547.00",2.27,Chicago,Spanish,555,8600,5,Foodies,2021-10-22
51768,DataTech Solutions,Display,Men 25-34,15 days,YouTube,0.12,"$5,051.00",2.27,New York,French,862,3814,8,Outdoor Adventurers,2021-10-30
51822,Innovate Industries,Search,Women 25-34,60 days,Website,0.06,"$17,712.00",2.7,Miami,English,869,9337,8,Outdoor Adventurers,2021-12-23
51919,Innovate Industries,Social Media,Women 25-34,30 days,Google Ads,0.03,"$14,651.00",2.81,Los Angeles,German,689,8146,3,Outdoor Adventurers,2021-03-30
51993,NexGen Systems,Search,Men 25-34,30 days,Instagram,0.08,"$6,063.00",4.36,Miami,French,105,3165,3,Health & Wellness,2021-06-12
52008,NexGen Systems,Email,Women 35-44,15 days,YouTube,0.08,"$19,816.00",4.7,Miami,French,214,1901,6,Fashionistas,2021-06-27
52053,Innovate Industries,Email,Men 18-24,15 days,Google Ads,0.14,"$15,635.00",2.48,Houston,French,968,1789,3,Outdoor Adventurers,2021-08-11
52061,NexGen Systems,Display,Women 25-34,45 days,Email,0.03,"$6,331.00",2.1,Los Angeles,French,903,6340,9,Health & Wellness,2021-08-19
52184,Innovate Industries,Search,Women 25-34,45 days,Instagram,0.12,"$8,584.00",6.29,New York,French,157,3161,5,Fashionistas,2021-12-20
52193,Alpha Innovations,Display,All Ages,45 days,Facebook,0.04,"$7,140.00",3.33,Miami,German,551,5501,7,Health & Wellness,2021-12-29
52198,Alpha Innovations,Display,Women 25-34,45 days,YouTube,0.09,"$19,512.00",3.25,Miami,German,976,2568,6,Fashionistas,2021-01-03
52224,DataTech Solutions,Email,Men 25-34,60 days,Instagram,0.08,"$11,358.00",7.08,Houston,French,703,7470,5,Tech Enthusiasts,2021-01-29
52263,Innovate Industries,Search,Women 25-34,15 days,Website,0.07,"$10,564.00",7.75,Miami,English,128,5102,3,Tech Enthusiasts,2021-03-09
52335,NexGen Systems,Display,Men 18-24,45 days,Facebook,0.04,"$7,482.00",6.07,Miami,Spanish,367,4833,3,Outdoor Adventurers,2021-05-20
52420,DataTech Solutions,Influencer,Women 25-34,45 days,YouTube,0.07,"$7,103.00",2.81,New York,French,988,1595,4,Outdoor Adventurers,2021-08-13
52433,NexGen Systems,Search,Women 25-34,15 days,Website,0.05,"$5,384.00",7.94,Miami,German,472,6296,1,Foodies,2021-08-26
52506,TechCorp,Search,Women 25-34,45 days,Facebook,0.1,"$13,337.00",4.41,New York,Mandarin,505,9159,8,Outdoor Adventurers,2021-11-07
52525,TechCorp,Influencer,Men 18-24,15 days,Google Ads,0.09,"$11,362.00",2.06,Miami,English,581,2368,1,Fashionistas,2021-11-26
52549,TechCorp,Social Media,All Ages,45 days,YouTube,0.03,"$17,572.00",4.22,Houston,French,844,9468,8,Foodies,2021-12-20
52568,Alpha Innovations,Influencer,All Ages,60 days,Facebook,0.04,"$5,038.00",4.78,Los Angeles,Mandarin,578,8113,2,Outdoor Adventurers,2021-01-08
52616,DataTech Solutions,Search,Women 35-44,60 days,Instagram,0.12,"$11,356.00",3.54,Los Angeles,Mandarin,432,2919,3,Tech Enthusiasts,2021-02-25
52703,DataTech Solutions,Influencer,All Ages,15 days,Website,0.01,"$17,757.00",4.24,Houston,English,697,5354,7,Foodies,2021-05-23
52705,NexGen Systems,Display,All Ages,15 days,Facebook,0.01,"$11,043.00",3.47,New York,Spanish,568,3724,6,Outdoor Adventurers,2021-05-25
52768,TechCorp,Search,All Ages,45 days,Facebook,0.02,"$11,090.00",7.36,Miami,English,745,1744,5,Tech Enthusiasts,2021-07-27
52781,Alpha Innovations,Display,Women 25-34,45 days,Email,0.03,"$11,561.00",4.15,New York,Mandarin,934,8525,1,Outdoor Adventurers,2021-08-09
52806,NexGen Systems,Social Media,Men 18-24,60 days,Email,0.12,"$15,477.00",2.77,Los Angeles,German,605,9524,9,Tech Enthusiasts,2021-09-03
52886,TechCorp,Influencer,All Ages,15 days,YouTube,0.14,"$18,298.00",7.34,Miami,Spanish,314,6171,10,Foodies,2021-11-22
52918,Innovate Industries,Social Media,All Ages,15 days,Instagram,0.14,"$18,775.00",6.92,Los Angeles,French,172,3702,8,Fashionistas,2021-12-24
52927,Innovate Industries,Display,Women 25-34,30 days,Email,0.08,"$19,994.00",7.31,Miami,Mandarin,908,6181,1,Tech Enthusiasts,2021-01-02
52942,DataTech Solutions,Influencer,All Ages,45 days,Facebook,0.03,"$11,705.00",7.53,Miami,German,667,2482,2,Health & Wellness,2021-01-17
53041,NexGen Systems,Influencer,Men 18-24,60 days,Email,0.11,"$14,544.00",5.44,New York,Spanish,199,7014,10,Tech Enthusiasts,2021-04-26
53098,TechCorp,Email,Women 35-44,15 days,Email,0.11,"$5,697.00",3.14,Los Angeles,English,800,1186,3,Outdoor Adventurers,2021-06-22
53100,Innovate Industries,Search,Women 35-44,60 days,Email,0.06,"$17,296.00",4.75,Chicago,French,875,3282,8,Fashionistas,2021-06-24
53120,DataTech Solutions,Influencer,Women 35-44,30 days,Google Ads,0.12,"$9,066.00",6.03,Los Angeles,English,530,2405,6,Foodies,2021-07-14
53131,NexGen Systems,Social Media,All Ages,30 days,YouTube,0.14,"$16,816.00",7.29,Los Angeles,Mandarin,382,4163,6,Health & Wellness,2021-07-25
53201,Alpha Innovations,Social Media,Men 25-34,15 days,Email,0.1,"$8,985.00",7.85,Los Angeles,French,548,9870,3,Foodies,2021-10-03
53221,NexGen Systems,Influencer,All Ages,15 days,Email,0.12,"$14,408.00",4.68,New York,English,734,7646,1,Health & Wellness,2021-10-23
53231,TechCorp,Display,Women 35-44,30 days,Email,0.01,"$8,054.00",4.06,Miami,Spanish,617,8541,5,Health & Wellness,2021-11-02
53300,DataTech Solutions,Influencer,Women 25-34,30 days,Instagram,0.15,"$10,200.00",4.67,Houston,Mandarin,335,7429,8,Outdoor Adventurers,2021-01-10
53311,DataTech Solutions,Social Media,Men 25-34,30 days,YouTube,0.09,"$17,621.00",5.85,Miami,French,319,5119,7,Tech Enthusiasts,2021-01-21
53325,Alpha Innovations,Email,Men 18-24,15 days,YouTube,0.12,"$10,850.00",7.24,Miami,French,416,2724,3,Foodies,2021-02-04
53335,Innovate Industries,Influencer,Women 35-44,60 days,Facebook,0.06,"$14,525.00",2.38,Los Angeles,Mandarin,898,6810,2,Outdoor Adventurers,2021-02-14
53340,Alpha Innovations,Display,All Ages,15 days,Instagram,0.08,"$13,806.00",4.22,Houston,Spanish,181,9921,2,Health & Wellness,2021-02-19
53355,DataTech Solutions,Email,Women 25-34,45 days,Facebook,0.06,"$5,916.00",5.64,Miami,Mandarin,606,3435,3,Fashionistas,2021-03-06
53370,TechCorp,Search,Women 25-34,60 days,Google Ads,0.05,"$8,521.00",3.1,New York,English,363,4642,10,Fashionistas,2021-03-21
53382,NexGen Systems,Influencer,Men 25-34,15 days,Google Ads,0.11,"$18,184.00",5.01,Chicago,English,807,3528,5,Health & Wellness,2021-04-02
53498,NexGen Systems,Social Media,Women 25-34,15 days,Google Ads,0.12,"$14,411.00",3.15,New York,English,616,7103,6,Fashionistas,2021-07-27
53516,Alpha Innovations,Social Media,All Ages,30 days,YouTube,0.09,"$13,686.00",5.58,New York,English,292,4077,5,Foodies,2021-08-14
53559,Alpha Innovations,Email,Women 25-34,15 days,Instagram,0.07,"$15,929.00",2.0,New York,Mandarin,447,4400,7,Health & Wellness,2021-09-26
53574,Alpha Innovations,Search,All Ages,30 days,Google Ads,0.13,"$19,799.00",5.96,Los Angeles,English,957,2532,6,Health & Wellness,2021-10-11
53621,NexGen Systems,Social Media,Women 35-44,60 days,YouTube,0.01,"$12,632.00",6.78,Chicago,Spanish,582,5506,10,Health & Wellness,2021-11-27
53690,DataTech Solutions,Display,Women 25-34,30 days,Email,0.01,"$16,105.00",6.03,Los Angeles,German,955,4825,6,Fashionistas,2021-02-04
53693,DataTech Solutions,Search,Men 18-24,15 days,Google Ads,0.07,"$10,441.00",2.19,Miami,Spanish,253,7791,10,Fashionistas,2021-02-07
53747,Innovate Industries,Social Media,Men 25-34,15 days,Google Ads,0.14,"$16,230.00",2.36,New York,French,682,7759,4,Tech Enthusiasts,2021-04-02
53759,TechCorp,Influencer,All Ages,60 days,Website,0.11,"$8,920.00",2.07,Los Angeles,French,807,4389,9,Tech Enthusiasts,2021-04-14
53877,NexGen Systems,Influencer,Women 25-34,15 days,YouTube,0.11,"$8,192.00",4.19,Chicago,French,753,9101,2,Tech Enthusiasts,2021-08-10
53904,Innovate Industries,Social Media,Men 18-24,15 days,Email,0.12,"$8,001.00",5.92,Los Angeles,English,196,5967,8,Fashionistas,2021-09-06
53926,Innovate Industries,Social Media,All Ages,45 days,Email,0.02,"$7,723.00",4.81,Houston,Mandarin,617,7768,2,Outdoor Adventurers,2021-09-28
53927,NexGen Systems,Email,Women 25-34,30 days,YouTube,0.08,"$6,633.00",2.37,New York,German,904,6570,6,Fashionistas,2021-09-29
53928,Alpha Innovations,Influencer,All Ages,15 days,Website,0.04,"$9,867.00",7.18,Miami,Spanish,980,1097,10,Outdoor Adventurers,2021-09-30
53932,Alpha Innovations,Influencer,Women 25-34,15 days,Instagram,0.05,"$19,648.00",5.65,Houston,English,117,6703,8,Tech Enthusiasts,2021-10-04
53935,DataTech Solutions,Influencer,All Ages,60 days,Google Ads,0.15,"$16,410.00",7.9,Chicago,Spanish,271,9193,3,Tech Enthusiasts,2021-10-07
54051,NexGen Systems,Social Media,Women 25-34,45 days,Instagram,0.08,"$15,666.00",4.65,Los Angeles,German,640,7764,6,Fashionistas,2021-01-31
54052,TechCorp,Influencer,Men 18-24,60 days,YouTube,0.1,"$13,762.00",4.65,Los Angeles,Spanish,366,4093,4,Health & Wellness,2021-02-01
54054,DataTech Solutions,Display,Men 25-34,60 days,Website,0.04,"$11,829.00",2.06,Chicago,French,425,3084,3,Fashionistas,2021-02-03
54114,DataTech Solutions,Social Media,Men 18-24,45 days,Facebook,0.1,"$13,102.00",7.24,Chicago,French,713,7730,1,Foodies,2021-04-04
54122,Innovate Industries,Email,All Ages,30 days,Instagram,0.01,"$12,802.00",7.88,Chicago,Mandarin,162,4930,7,Tech Enthusiasts,2021-04-12
54172,Innovate Industries,Display,Women 35-44,60 days,Email,0.04,"$19,526.00",6.92,Chicago,English,236,1840,7,Tech Enthusiasts,2021-06-01
54229,Innovate Industries,Display,All Ages,60 days,YouTube,0.06,"$6,561.00",7.08,New York,Spanish,840,8476,6,Foodies,2021-07-28
54259,Innovate Industries,Display,Women 25-34,60 days,Instagram,0.11,"$6,170.00",7.74,Houston,German,828,9747,6,Health & Wellness,2021-08-27
54332,TechCorp,Influencer,Women 25-34,60 days,Google Ads,0.13,"$12,796.00",7.92,New York,Spanish,378,3967,8,Foodies,2021-11-08
54367,DataTech Solutions,Influencer,Men 25-34,45 days,Instagram,0.11,"$15,481.00",5.53,Miami,Mandarin,421,9625,8,Outdoor Adventurers,2021-12-13
54394,TechCorp,Search,Women 35-44,30 days,Email,0.04,"$17,161.00",2.33,New York,Mandarin,189,9927,2,Outdoor Adventurers,2021-01-09
54403,TechCorp,Influencer,Men 18-24,30 days,Website,0.11,"$6,901.00",3.66,New York,French,502,6484,2,Tech Enthusiasts,2021-01-18
54431,Innovate Industries,Social Media,All Ages,15 days,Google Ads,0.13,"$18,343.00",4.83,Houston,German,710,7024,5,Tech Enthusiasts,2021-02-15
54497,Alpha Innovations,Display,Men 25-34,30 days,Google Ads,0.08,"$5,812.00",3.44,Chicago,French,316,1411,3,Foodies,2021-04-22
54578,Alpha Innovations,Display,Men 25-34,30 days,Email,0.01,"$13,901.00",3.03,Miami,English,419,2384,5,Foodies,2021-07-12
54586,NexGen Systems,Display,All Ages,15 days,Email,0.04,"$8,001.00",5.01,Houston,Spanish,970,8393,10,Tech Enthusiasts,2021-07-20
54662,DataTech Solutions,Search,Women 25-34,15 days,Website,0.07,"$11,017.00",2.85,Houston,French,188,7936,9,Foodies,2021-10-04
54667,DataTech Solutions,Social Media,Women 25-34,15 days,Website,0.02,"$18,551.00",4.06,Chicago,German,551,8655,6,Fashionistas,2021-10-09
54743,TechCorp,Influencer,Women 35-44,15 days,Facebook,0.11,"$14,857.00",3.02,Los Angeles,Mandarin,352,4491,1,Fashionistas,2021-12-24
54784,Alpha Innovations,Search,Men 25-34,15 days,Google Ads,0.03,"$16,365.00",4.04,Los Angeles,Spanish,757,2225,3,Outdoor Adventurers,2021-02-03
54879,DataTech Solutions,Social Media,All Ages,45 days,Facebook,0.1,"$19,075.00",4.68,Houston,Spanish,472,3989,9,Outdoor Adventurers,2021-05-09
54904,DataTech Solutions,Search,All Ages,60 days,Website,0.09,"$18,354.00",2.35,Los Angeles,German,293,7177,5,Health & Wellness,2021-06-03
54964,DataTech Solutions,Influencer,Women 35-44,45 days,Email,0.1,"$11,534.00",7.12,Chicago,French,804,5583,10,Tech Enthusiasts,2021-08-02
55029,NexGen Systems,Influencer,Men 25-34,30 days,YouTube,0.03,"$5,182.00",6.73,Chicago,Mandarin,221,1046,10,Outdoor Adventurers,2021-10-06
55103,TechCorp,Influencer,Women 25-34,30 days,Google Ads,0.06,"$15,042.00",6.36,Miami,Mandarin,629,9628,6,Foodies,2021-12-19
55146,TechCorp,Search,Men 18-24,30 days,Email,0.1,"$10,915.00",4.79,Miami,Mandarin,696,4629,4,Outdoor Adventurers,2021-01-31
55192,NexGen Systems,Influencer,Women 25-34,45 days,Facebook,0.13,"$18,142.00",7.81,Miami,English,421,5821,10,Outdoor Adventurers,2021-03-18
55209,Alpha Innovations,Social Media,Women 25-34,30 days,YouTube,0.15,"$11,136.00",3.36,Houston,Mandarin,994,8934,3,Foodies,2021-04-04
55321,NexGen Systems,Email,All Ages,15 days,Instagram,0.13,"$7,734.00",4.65,Houston,French,469,4972,9,Fashionistas,2021-07-25
55376,Innovate Industries,Search,Women 35-44,45 days,YouTube,0.12,"$12,081.00",6.97,Miami,French,544,1134,7,Fashionistas,2021-09-18
55490,DataTech Solutions,Social Media,All Ages,30 days,Instagram,0.08,"$18,793.00",6.91,Chicago,Mandarin,874,2196,7,Outdoor Adventurers,2021-01-10
55661,Innovate Industries,Search,Men 18-24,60 days,Facebook,0.03,"$7,905.00",7.77,Miami,Mandarin,692,5490,6,Foodies,2021-06-30
55685,NexGen Systems,Search,Women 35-44,45 days,YouTube,0.1,"$5,902.00",2.05,Miami,Spanish,331,7743,6,Tech Enthusiasts,2021-07-24
55711,Alpha Innovations,Influencer,All Ages,45 days,Google Ads,0.15,"$9,333.00",3.03,New York,English,128,7675,6,Health & Wellness,2021-08-19
55822,NexGen Systems,Social Media,Women 25-34,60 days,Website,0.12,"$9,025.00",2.01,Los Angeles,Spanish,232,7868,7,Health & Wellness,2021-12-08
55854,Innovate Industries,Display,All Ages,30 days,Website,0.05,"$17,471.00",3.57,Miami,English,551,4581,7,Health & Wellness,2021-01-09
55889,TechCorp,Email,All Ages,15 days,Email,0.14,"$14,615.00",5.17,Los Angeles,English,690,6593,1,Outdoor Adventurers,2021-02-13
55902,Alpha Innovations,Display,Men 18-24,30 days,Facebook,0.11,"$18,026.00",2.77,Houston,English,581,3456,10,Outdoor Adventurers,2021-02-26
55903,Innovate Industries,Display,Men 18-24,15 days,Website,0.11,"$6,501.00",3.48,Chicago,German,171,3416,7,Tech Enthusiasts,2021-02-27
55911,NexGen Systems,Social Media,Men 25-34,60 days,Instagram,0.1,"$11,549.00",6.25,Chicago,German,588,4634,8,Fashionistas,2021-03-07
55950,Innovate Industries,Search,Women 35-44,45 days,Website,0.13,"$16,452.00",3.01,New York,French,301,1045,2,Tech Enthusiasts,2021-04-15
55961,Innovate Industries,Influencer,Men 18-24,60 days,YouTube,0.03,"$16,494.00",2.42,New York,English,649,3918,3,Fashionistas,2021-04-26
56028,DataTech Solutions,Social Media,Men 25-34,60 days,Facebook,0.07,"$12,712.00",3.92,Chicago,Mandarin,844,6798,10,Outdoor Adventurers,2021-07-02
56145,NexGen Systems,Email,Men 18-24,15 days,Website,0.12,"$14,140.00",7.7,New York,German,160,1007,4,Tech Enthusiasts,2021-10-27
56166,DataTech Solutions,Search,Women 25-34,60 days,Instagram,0.03,"$10,971.00",7.39,Houston,Spanish,919,5034,6,Tech Enthusiasts,2021-11-17
56186,Alpha Innovations,Influencer,Men 18-24,60 days,Facebook,0.1,"$15,070.00",3.34,Houston,Mandarin,488,5007,9,Health & Wellness,2021-12-07
56211,Innovate Industries,Email,Men 18-24,15 days,Email,0.08,"$17,419.00",4.05,Houston,Spanish,685,3594,9,Foodies,2021-01-01
56245,TechCorp,Influencer,Women 25-34,15 days,Email,0.1,"$7,219.00",4.68,Miami,German,776,9416,5,Tech Enthusiasts,2021-02-04
56267,Innovate Industries,Search,Men 18-24,15 days,Instagram,0.05,"$15,171.00",6.81,Houston,French,185,9325,6,Health & Wellness,2021-02-26
56413,DataTech Solutions,Influencer,All Ages,15 days,Google Ads,0.11,"$13,542.00",4.42,Chicago,English,465,3097,10,Health & Wellness,2021-07-22
56416,DataTech Solutions,Email,Men 18-24,15 days,Facebook,0.08,"$14,228.00",7.04,New York,French,743,8193,1,Tech Enthusiasts,2021-07-25
56420,NexGen Systems,Search,Men 25-34,60 days,Google Ads,0.15,"$6,032.00",4.94,Los Angeles,German,733,6936,3,Health & Wellness,2021-07-29
56446,Innovate Industries,Display,Women 25-34,30 days,Google Ads,0.04,"$16,665.00",7.8,New York,German,736,6557,6,Tech Enthusiasts,2021-08-24
56490,Alpha Innovations,Display,Women 25-34,45 days,Google Ads,0.02,"$17,873.00",6.83,New York,Mandarin,201,5510,9,Foodies,2021-10-07
56595,NexGen Systems,Email,Men 18-24,30 days,Google Ads,0.11,"$17,733.00",3.37,Chicago,German,403,8869,10,Health & Wellness,2021-01-20
56611,NexGen Systems,Influencer,Men 18-24,15 days,Facebook,0.02,"$14,077.00",5.44,Los Angeles,German,647,4724,8,Tech Enthusiasts,2021-02-05
56617,Alpha Innovations,Search,Men 18-24,30 days,Email,0.03,"$12,645.00",6.85,Miami,German,434,7136,1,Fashionistas,2021-02-11
56670,DataTech Solutions,Search,Men 25-34,30 days,YouTube,0.09,"$16,072.00",7.18,Houston,Mandarin,704,4270,7,Fashionistas,2021-04-05
56700,NexGen Systems,Influencer,Men 18-24,30 days,Facebook,0.11,"$13,420.00",2.8,Miami,Mandarin,640,4671,1,Health & Wellness,2021-05-05
56703,DataTech Solutions,Display,Women 25-34,30 days,Facebook,0.1,"$9,327.00",4.53,Miami,German,682,2148,9,Fashionistas,2021-05-08
56711,DataTech Solutions,Email,Men 25-34,45 days,Email,0.05,"$10,922.00",3.07,Houston,Spanish,314,7204,1,Health & Wellness,2021-05-16
56788,Alpha Innovations,Influencer,Men 25-34,60 days,Google Ads,0.07,"$15,186.00",5.11,Chicago,English,623,4282,7,Health & Wellness,2021-08-01
56900,TechCorp,Social Media,Women 25-34,30 days,Google Ads,0.13,"$18,171.00",4.92,Chicago,German,967,1366,7,Tech Enthusiasts,2021-11-21
57049,Innovate Industries,Display,Women 35-44,60 days,Facebook,0.03,"$18,885.00",6.51,Chicago,English,374,8453,5,Health & Wellness,2021-04-19
57070,NexGen Systems,Email,Men 18-24,15 days,Google Ads,0.08,"$5,433.00",4.62,Miami,English,323,9794,3,Foodies,2021-05-10
57228,NexGen Systems,Social Media,Women 25-34,15 days,Website,0.12,"$9,074.00",2.25,New York,French,381,4277,5,Tech Enthusiasts,2021-10-15
57364,Innovate Industries,Search,All Ages,45 days,Email,0.09,"$15,850.00",3.89,Chicago,Mandarin,385,3533,2,Fashionistas,2021-02-28
57385,Innovate Industries,Influencer,Women 35-44,15 days,Email,0.15,"$11,943.00",7.18,Los Angeles,French,679,1001,6,Health & Wellness,2021-03-21
57387,NexGen Systems,Social Media,Women 35-44,15 days,Website,0.08,"$8,845.00",7.73,Miami,English,169,4808,1,Foodies,2021-03-23
57390,DataTech Solutions,Social Media,Men 25-34,60 days,Email,0.15,"$6,116.00",5.46,Chicago,Spanish,789,3406,5,Outdoor Adventurers,2021-03-26
57410,TechCorp,Search,Women 25-34,15 days,Website,0.09,"$8,242.00",4.21,Chicago,Spanish,214,1882,3,Fashionistas,2021-04-15
57412,DataTech Solutions,Email,Women 25-34,45 days,Website,0.12,"$15,284.00",7.74,Houston,Mandarin,551,6861,8,Foodies,2021-04-17
57436,NexGen Systems,Display,Women 35-44,30 days,Facebook,0.02,"$8,932.00",6.47,Los Angeles,English,125,7010,3,Tech Enthusiasts,2021-05-11
57482,Alpha Innovations,Email,Men 25-34,45 days,Email,0.06,"$7,128.00",3.48,Chicago,Mandarin,521,1827,9,Foodies,2021-06-26
57500,NexGen Systems,Search,Women 35-44,15 days,Email,0.11,"$10,093.00",2.81,Miami,English,564,3949,10,Foodies,2021-07-14
57516,NexGen Systems,Influencer,Men 18-24,60 days,Website,0.14,"$6,141.00",6.08,Houston,German,607,7797,3,Fashionistas,2021-07-30
57618,DataTech Solutions,Email,Women 35-44,60 days,Facebook,0.11,"$6,582.00",2.18,Houston,Mandarin,800,6434,5,Fashionistas,2021-11-09
57658,Alpha Innovations,Display,Women 35-44,30 days,Email,0.04,"$9,140.00",5.73,Miami,French,672,5628,6,Tech Enthusiasts,2021-12-19
57660,NexGen Systems,Influencer,All Ages,45 days,Facebook,0.12,"$9,167.00",7.3,Los Angeles,Spanish,403,6720,2,Health & Wellness,2021-12-21
57672,NexGen Systems,Search,Men 25-34,45 days,YouTube,0.07,"$19,235.00",4.7,New York,German,835,5256,5,Fashionistas,2021-01-02
57699,NexGen Systems,Email,Men 25-34,60 days,Facebook,0.03,"$11,722.00",7.37,Los Angeles,English,487,9575,1,Foodies,2021-01-29
57704,Alpha Innovations,Display,Men 25-34,45 days,Instagram,0.11,"$7,048.00",3.89,Los Angeles,Spanish,768,6058,5,Outdoor Adventurers,2021-02-03
57722,NexGen Systems,Email,Men 18-24,15 days,YouTube,0.03,"$12,130.00",3.99,Miami,French,913,7374,9,Foodies,2021-02-21
57753,Innovate Industries,Influencer,Men 18-24,15 days,YouTube,0.07,"$18,551.00",3.19,Los Angeles,Spanish,270,1902,7,Foodies,2021-03-24
57766,TechCorp,Email,All Ages,45 days,Email,0.08,"$5,277.00",5.48,New York,Spanish,518,8642,5,Tech Enthusiasts,2021-04-06
57816,TechCorp,Influencer,Women 35-44,15 days,Google Ads,0.04,"$6,302.00",6.98,Miami,German,833,7099,2,Fashionistas,2021-05-26
57838,Innovate Industries,Display,Men 25-34,45 days,Website,0.02,"$9,339.00",5.26,New York,Spanish,928,3980,2,Foodies,2021-06-17
57973,Alpha Innovations,Social Media,Women 35-44,30 days,YouTube,0.05,"$18,104.00",7.91,Miami,English,316,9401,5,Outdoor Adventurers,2021-10-30
57993,Innovate Industries,Display,Women 35-44,60 days,Google Ads,0.02,"$11,867.00",7.65,Miami,German,146,1881,9,Fashionistas,2021-11-19
58056,Innovate Industries,Influencer,Men 18-24,60 days,Instagram,0.09,"$13,583.00",6.52,Los Angeles,French,947,3861,6,Outdoor Adventurers,2021-01-21
58103,NexGen Systems,Search,Women 35-44,30 days,Google Ads,0.07,"$15,647.00",4.37,Los Angeles,French,975,3987,3,Outdoor Adventurers,2021-03-09
58170,NexGen Systems,Email,Women 25-34,45 days,Google Ads,0.02,"$8,665.00",6.38,Chicago,English,460,7589,3,Fashionistas,2021-05-15
58224,NexGen Systems,Social Media,Men 18-24,45 days,YouTube,0.09,"$12,211.00",4.91,Houston,French,693,8748,5,Health & Wellness,2021-07-08
58265,TechCorp,Display,Men 25-34,15 days,Email,0.02,"$8,640.00",7.98,Los Angeles,German,881,6059,5,Health & Wellness,2021-08-18
58282,NexGen Systems,Email,Men 25-34,45 days,Google Ads,0.01,"$9,167.00",5.89,Chicago,French,750,6196,2,Health & Wellness,2021-09-04
58393,TechCorp,Email,All Ages,15 days,Instagram,0.05,"$18,227.00",7.22,New York,French,201,3973,6,Tech Enthusiasts,2021-12-24
58501,Alpha Innovations,Social Media,Women 35-44,60 days,Email,0.05,"$8,270.00",4.51,New York,English,149,8162,8,Tech Enthusiasts,2021-04-11
58515,DataTech Solutions,Search,Women 25-34,15 days,Instagram,0.09,"$12,140.00",7.98,Los Angeles,French,937,5227,2,Tech Enthusiasts,2021-04-25
58550,Alpha Innovations,Email,Men 18-24,60 days,Instagram,0.02,"$11,259.00",7.26,Houston,Mandarin,939,9696,3,Health & Wellness,2021-05-30
58571,Innovate Industries,Social Media,Women 35-44,15 days,Facebook,0.13,"$13,053.00",4.67,Houston,English,158,8166,4,Outdoor Adventurers,2021-06-20
58592,DataTech Solutions,Influencer,Women 25-34,30 days,YouTube,0.08,"$15,268.00",7.47,Houston,English,786,9751,9,Fashionistas,2021-07-11
58676,NexGen Systems,Social Media,Men 18-24,45 days,Email,0.02,"$11,466.00",2.15,New York,French,325,2821,9,Fashionistas,2021-10-03
58697,NexGen Systems,Display,Women 35-44,60 days,Instagram,0.12,"$8,429.00",7.54,Houston,Mandarin,185,9561,6,Tech Enthusiasts,2021-10-24
58806,NexGen Systems,Search,Women 25-34,45 days,Email,0.08,"$19,769.00",7.51,Houston,English,934,9864,3,Fashionistas,2021-02-10
58857,Alpha Innovations,Display,Men 18-24,45 days,Google Ads,0.01,"$5,374.00",6.61,Houston,German,460,6121,4,Foodies,2021-04-02
58864,Innovate Industries,Social Media,Women 25-34,60 days,Email,0.05,"$11,803.00",4.52,Los Angeles,English,746,7154,7,Outdoor Adventurers,2021-04-09
58873,Innovate Industries,Display,Men 18-24,45 days,Facebook,0.03,"$17,680.00",3.0,Miami,English,537,7321,6,Tech Enthusiasts,2021-04-18
58886,DataTech Solutions,Display,Men 18-24,60 days,Email,0.11,"$14,091.00",3.97,Houston,Spanish,862,5597,6,Outdoor Adventurers,2021-05-01
58909,NexGen Systems,Search,Men 18-24,30 days,Email,0.03,"$7,241.00",5.64,Los Angeles,Spanish,576,5740,8,Foodies,2021-05-24
58939,Alpha Innovations,Social Media,All Ages,15 days,YouTube,0.15,"$12,043.00",4.6,Houston,Spanish,243,4511,7,Health & Wellness,2021-06-23
59059,DataTech Solutions,Display,Women 25-34,30 days,Facebook,0.11,"$7,801.00",6.84,Miami,German,741,1867,8,Foodies,2021-10-21
59063,DataTech Solutions,Email,Women 35-44,60 days,Email,0.05,"$10,517.00",5.25,Los Angeles,German,218,4960,4,Health & Wellness,2021-10-25
59065,Innovate Industries,Display,Men 25-34,60 days,Email,0.06,"$12,370.00",6.59,Miami,Mandarin,592,1786,6,Fashionistas,2021-10-27
59129,Alpha Innovations,Social Media,Women 25-34,60 days,Google Ads,0.06,"$11,293.00",7.74,Chicago,German,148,8129,9,Health & Wellness,2021-12-30
59143,TechCorp,Search,All Ages,45 days,Instagram,0.15,"$9,915.00",7.52,Chicago,German,848,8766,5,Health & Wellness,2021-01-13
59334,DataTech Solutions,Display,All Ages,45 days,Email,0.04,"$16,611.00",5.91,Houston,Mandarin,328,7437,10,Foodies,2021-07-23
59408,Alpha Innovations,Email,Women 25-34,45 days,Google Ads,0.06,"$7,287.00",3.47,New York,Mandarin,737,5924,10,Health & Wellness,2021-10-05
59430,DataTech Solutions,Influencer,Men 25-34,45 days,Google Ads,0.11,"$19,023.00",3.47,Miami,English,284,9081,4,Tech Enthusiasts,2021-10-27
59437,Innovate Industries,Search,Men 25-34,30 days,YouTube,0.01,"$7,552.00",4.97,Chicago,Mandarin,389,2327,1,Foodies,2021-11-03
59477,Innovate Industries,Search,Men 18-24,45 days,Website,0.03,"$12,022.00",3.02,Houston,French,395,7554,8,Fashionistas,2021-12-13
59478,TechCorp,Display,Men 25-34,60 days,Instagram,0.06,"$5,906.00",4.09,Miami,Mandarin,161,2707,6,Tech Enthusiasts,2021-12-14
59493,Alpha Innovations,Search,All Ages,15 days,Facebook,0.13,"$10,673.00",3.59,New York,German,857,4078,2,Foodies,2021-12-29
59549,Innovate Industries,Email,Men 25-34,60 days,Facebook,0.02,"$5,368.00",6.61,Miami,German,721,8559,5,Fashionistas,2021-02-23
59550,TechCorp,Email,Women 35-44,60 days,Instagram,0.05,"$19,161.00",6.38,Los Angeles,English,314,6308,4,Outdoor Adventurers,2021-02-24
59607,DataTech Solutions,Influencer,All Ages,45 days,Facebook,0.12,"$10,458.00",5.18,Houston,German,802,8650,9,Tech Enthusiasts,2021-04-22
59664,Innovate Industries,Social Media,Women 35-44,15 days,YouTube,0.15,"$10,877.00",6.06,Houston,German,315,8145,5,Foodies,2021-06-18
59676,NexGen Systems,Display,Men 18-24,15 days,Email,0.08,"$5,841.00",6.75,Miami,French,513,8109,7,Tech Enthusiasts,2021-06-30
59691,TechCorp,Social Media,Women 35-44,60 days,Instagram,0.11,"$17,235.00",3.38,Los Angeles,French,792,2379,8,Fashionistas,2021-07-15
59726,DataTech Solutions,Display,Women 35-44,60 days,Instagram,0.07,"$9,360.00",2.87,Chicago,Spanish,863,2072,7,Health & Wellness,2021-08-19
59745,Alpha Innovations,Search,Men 25-34,60 days,Email,0.14,"$12,142.00",5.27,Chicago,French,979,4312,4,Foodies,2021-09-07
59941,DataTech Solutions,Email,Women 25-34,30 days,Email,0.05,"$10,637.00",7.92,Chicago,Mandarin,743,3666,1,Tech Enthusiasts,2021-03-22
59943,Alpha Innovations,Social Media,Women 25-34,60 days,YouTube,0.05,"$13,272.00",7.45,Miami,Spanish,247,4059,7,Tech Enthusiasts,2021-03-24
60001,Alpha Innovations,Search,All Ages,45 days,Instagram,0.11,"$11,256.00",2.57,Los Angeles,Spanish,330,1608,6,Health & Wellness,2021-05-21
60003,Alpha Innovations,Email,All Ages,45 days,Google Ads,0.13,"$16,503.00",4.47,Houston,English,314,7685,1,Foodies,2021-05-23
60029,DataTech Solutions,Display,Men 18-24,60 days,Email,0.02,"$15,394.00",4.81,New York,Mandarin,583,7563,3,Health & Wellness,2021-06-18
60053,TechCorp,Social Media,Men 25-34,15 days,Facebook,0.07,"$6,096.00",3.36,Chicago,German,940,9236,3,Health & Wellness,2021-07-12
60055,NexGen Systems,Influencer,Men 25-34,30 days,YouTube,0.03,"$7,108.00",6.22,Chicago,Spanish,538,9880,3,Fashionistas,2021-07-14
60083,NexGen Systems,Influencer,Women 25-34,15 days,Facebook,0.1,"$8,912.00",7.22,New York,Spanish,196,8035,6,Foodies,2021-08-11
60114,DataTech Solutions,Search,Women 35-44,60 days,Email,0.07,"$12,260.00",4.08,Los Angeles,French,574,3873,3,Outdoor Adventurers,2021-09-11
60134,DataTech Solutions,Email,Women 25-34,30 days,Facebook,0.04,"$19,750.00",5.71,Chicago,German,597,7540,5,Health & Wellness,2021-10-01
60152,Innovate Industries,Influencer,Men 25-34,30 days,Website,0.13,"$16,791.00",7.94,Los Angeles,Spanish,809,1333,8,Foodies,2021-10-19
60196,Innovate Industries,Influencer,Women 25-34,15 days,Email,0.1,"$9,734.00",7.01,Miami,English,126,5563,7,Health & Wellness,2021-12-02
60210,Alpha Innovations,Social Media,Women 25-34,60 days,Website,0.12,"$7,293.00",2.18,New York,Spanish,287,4448,3,Health & Wellness,2021-12-16
60365,TechCorp,Influencer,All Ages,45 days,Facebook,0.07,"$6,837.00",6.06,Chicago,English,300,9695,6,Tech Enthusiasts,2021-05-20
60473,NexGen Systems,Email,Men 25-34,30 days,Email,0.08,"$11,901.00",5.36,Chicago,German,965,3910,8,Health & Wellness,2021-09-05
60500,NexGen Systems,Search,Women 35-44,60 days,Website,0.1,"$6,292.00",6.55,Houston,Spanish,457,5886,2,Fashionistas,2021-10-02
60512,NexGen Systems,Social Media,All Ages,60 days,Facebook,0.02,"$13,330.00",3.52,Houston,Mandarin,640,1696,7,Fashionistas,2021-10-14
60686,TechCorp,Search,Women 35-44,60 days,Email,0.08,"$12,356.00",5.92,Houston,Mandarin,360,3745,3,Outdoor Adventurers,2021-04-06
60710,Innovate Industries,Email,Women 25-34,15 days,Google Ads,0.1,"$15,207.00",3.37,Chicago,Mandarin,579,3806,8,Tech Enthusiasts,2021-04-30
60744,DataTech Solutions,Display,Women 35-44,45 days,Facebook,0.05,"$9,856.00",2.17,Chicago,English,341,3305,7,Fashionistas,2021-06-03
60759,DataTech Solutions,Email,Women 35-44,15 days,Facebook,0.11,"$19,137.00",4.02,Miami,Mandarin,969,1552,2,Foodies,2021-06-18
60881,Alpha Innovations,Influencer,Women 35-44,15 days,Website,0.1,"$18,743.00",2.41,New York,French,238,5328,5,Fashionistas,2021-10-18
60980,Innovate Industries,Social Media,All Ages,45 days,YouTube,0.08,"$12,096.00",7.2,Los Angeles,German,660,9908,2,Tech Enthusiasts,2021-01-25
61122,Innovate Industries,Search,Women 35-44,30 days,Instagram,0.13,"$9,815.00",5.64,Houston,French,853,8713,4,Tech Enthusiasts,2021-06-16
61140,DataTech Solutions,Influencer,Men 18-24,30 days,Email,0.08,"$12,041.00",2.62,New York,Spanish,608,6148,1,Foodies,2021-07-04
61151,DataTech Solutions,Email,Men 18-24,60 days,Email,0.11,"$16,873.00",3.83,Los Angeles,Mandarin,590,5204,9,Foodies,2021-07-15
61176,Alpha Innovations,Search,All Ages,15 days,Website,0.12,"$8,416.00",3.25,Houston,French,899,4370,8,Foodies,2021-08-09
61200,NexGen Systems,Social Media,Women 25-34,30 days,Facebook,0.05,"$9,911.00",4.65,Houston,German,368,7186,6,Fashionistas,2021-09-02
61205,Alpha Innovations,Search,Men 25-34,15 days,Website,0.01,"$18,644.00",2.27,Houston,French,330,5243,5,Fashionistas,2021-09-07
61300,Innovate Industries,Social Media,Women 35-44,30 days,YouTube,0.15,"$7,705.00",3.01,Chicago,English,644,1215,10,Health & Wellness,2021-12-11
61376,NexGen Systems,Search,Men 18-24,15 days,Instagram,0.04,"$15,720.00",5.66,Houston,French,418,8059,8,Outdoor Adventurers,2021-02-25
61420,Innovate Industries,Email,All Ages,15 days,Google Ads,0.11,"$17,531.00",3.75,New York,English,170,6063,7,Outdoor Adventurers,2021-04-10
61429,TechCorp,Email,Men 18-24,45 days,Facebook,0.04,"$17,389.00",2.73,Miami,Spanish,417,5470,2,Fashionistas,2021-04-19
61536,NexGen Systems,Search,Men 25-34,45 days,YouTube,0.03,"$5,836.00",7.05,New York,Spanish,919,8754,4,Health & Wellness,2021-08-04
61625,DataTech Solutions,Search,Men 18-24,45 days,YouTube,0.1,"$17,797.00",6.38,Los Angeles,German,564,8315,10,Foodies,2021-11-01
61627,Alpha Innovations,Search,Women 35-44,15 days,Email,0.09,"$10,546.00",3.53,Houston,French,692,5807,9,Tech Enthusiasts,2021-11-03
61662,DataTech Solutions,Search,Men 25-34,45 days,Email,0.06,"$11,619.00",3.15,Miami,Spanish,528,8150,7,Fashionistas,2021-12-08
61713,Alpha Innovations,Influencer,Women 25-34,30 days,Instagram,0.08,"$16,350.00",4.22,Miami,Mandarin,364,2610,2,Fashionistas,2021-01-28
61739,Innovate Industries,Influencer,Men 25-34,60 days,Instagram,0.09,"$18,163.00",7.44,New York,German,402,8271,10,Outdoor Adventurers,2021-02-23
61758,Innovate Industries,Search,Women 25-34,30 days,Google Ads,0.13,"$10,584.00",5.13,Chicago,Spanish,947,5159,8,Outdoor Adventurers,2021-03-14
61781,Alpha Innovations,Search,Women 35-44,15 days,YouTube,0.05,"$5,696.00",7.54,Houston,English,884,8916,8,Foodies,2021-04-06
61784,Alpha Innovations,Search,Men 25-34,15 days,YouTube,0.13,"$19,295.00",5.79,New York,German,1000,8405,4,Health & Wellness,2021-04-09
61807,Alpha Innovations,Social Media,Women 25-34,60 days,Instagram,0.05,"$15,071.00",7.44,Los Angeles,German,661,1945,3,Tech Enthusiasts,2021-05-02
61811,Innovate Industries,Social Media,Women 35-44,30 days,Email,0.04,"$12,285.00",3.61,New York,Mandarin,548,2974,2,Foodies,2021-05-06
61829,TechCorp,Social Media,Men 25-34,15 days,YouTube,0.07,"$17,989.00",5.27,Chicago,French,131,1476,8,Outdoor Adventurers,2021-05-24
61835,TechCorp,Search,Women 35-44,45 days,YouTube,0.07,"$13,162.00",6.62,New York,German,914,7473,7,Tech Enthusiasts,2021-05-30
61836,Alpha Innovations,Display,Women 35-44,60 days,Instagram,0.04,"$17,263.00",2.81,Los Angeles,French,302,6501,3,Outdoor Adventurers,2021-05-31
61857,Innovate Industries,Influencer,Men 25-34,15 days,YouTube,0.12,"$16,407.00",3.39,Houston,French,205,8967,6,Outdoor Adventurers,2021-06-21
61922,TechCorp,Display,Men 18-24,60 days,Website,0.03,"$7,069.00",7.94,New York,German,877,6831,9,Health & Wellness,2021-08-25
61933,DataTech Solutions,Social Media,Women 35-44,60 days,Instagram,0.04,"$18,552.00",3.88,New York,Spanish,283,2828,8,Foodies,2021-09-05
62043,Alpha Innovations,Search,Men 25-34,30 days,Instagram,0.14,"$17,883.00",5.7,Houston,German,545,8895,7,Health & Wellness,2021-12-24
62049,Alpha Innovations,Influencer,Men 25-34,45 days,YouTube,0.12,"$5,429.00",7.59,Miami,French,172,3676,1,Outdoor Adventurers,2021-12-30
62058,DataTech Solutions,Email,All Ages,60 days,Email,0.11,"$12,278.00",4.26,Los Angeles,English,969,7904,3,Health & Wellness,2021-01-08
62164,DataTech Solutions,Search,All Ages,30 days,Instagram,0.03,"$5,109.00",3.99,Houston,Spanish,895,7778,8,Fashionistas,2021-04-24
62202,Alpha Innovations,Influencer,Women 25-34,15 days,Facebook,0.11,"$18,057.00",4.75,Miami,English,553,6409,7,Foodies,2021-06-01
62247,Alpha Innovations,Search,All Ages,30 days,Instagram,0.09,"$7,095.00",3.6,Miami,French,625,7171,10,Foodies,2021-07-16
62265,DataTech Solutions,Display,All Ages,45 days,Facebook,0.1,"$6,921.00",3.94,Miami,Spanish,411,7527,1,Outdoor Adventurers,2021-08-03
62287,DataTech Solutions,Email,Women 25-34,15 days,Email,0.05,"$19,559.00",2.84,Chicago,German,270,6746,6,Outdoor Adventurers,2021-08-25
62312,Innovate Industries,Influencer,Women 35-44,30 days,Email,0.11,"$6,037.00",4.2,New York,French,331,1401,8,Fashionistas,2021-09-19
62318,DataTech Solutions,Display,Women 25-34,15 days,YouTube,0.13,"$11,240.00",7.58,New York,German,306,7649,8,Tech Enthusiasts,2021-09-25
62334,DataTech Solutions,Email,Women 35-44,15 days,Instagram,0.14,"$14,690.00",5.24,New York,Mandarin,536,7200,5,Foodies,2021-10-11
62351,NexGen Systems,Display,All Ages,45 days,Website,0.11,"$19,548.00",7.47,New York,Spanish,292,6768,8,Tech Enthusiasts,2021-10-28
62379,NexGen Systems,Search,Men 25-34,60 days,Instagram,0.04,"$16,226.00",2.3,Houston,Spanish,606,1844,9,Fashionistas,2021-11-25
62419,NexGen Systems,Search,Women 25-34,15 days,Email,0.07,"$6,843.00",6.35,Miami,French,340,9561,8,Tech Enthusiasts,2021-01-04
62451,Innovate Industries,Email,Women 25-34,30 days,Instagram,0.04,"$13,347.00",6.31,Miami,Mandarin,159,5167,4,Foodies,2021-02-05
62484,Alpha Innovations,Email,Women 25-34,60 days,Website,0.01,"$10,186.00",5.49,Houston,Spanish,318,5462,6,Fashionistas,2021-03-10
62519,Innovate Industries,Email,Women 25-34,60 days,YouTube,0.1,"$15,073.00",6.62,Los Angeles,Spanish,690,3739,2,Tech Enthusiasts,2021-04-14
62580,NexGen Systems,Influencer,Women 25-34,15 days,YouTube,0.12,"$12,951.00",3.35,New York,German,130,2262,10,Foodies,2021-06-14
62615,TechCorp,Search,Men 25-34,45 days,Facebook,0.01,"$13,735.00",4.97,Houston,French,463,6547,3,Health & Wellness,2021-07-19
62762,DataTech Solutions,Search,Men 18-24,15 days,Website,0.04,"$15,977.00",3.35,Chicago,English,707,6283,9,Fashionistas,2021-12-13
62808,DataTech Solutions,Social Media,Men 18-24,60 days,Website,0.12,"$15,680.00",4.74,New York,German,528,6862,10,Fashionistas,2021-01-28
62889,NexGen Systems,Social Media,Women 35-44,60 days,Email,0.14,"$5,653.00",7.82,Chicago,Mandarin,865,4006,9,Outdoor Adventurers,2021-04-19
63053,Innovate Industries,Social Media,Women 35-44,15 days,Facebook,0.02,"$8,039.00",4.6,New York,Mandarin,671,4024,2,Fashionistas,2021-09-30
63150,NexGen Systems,Search,Men 25-34,30 days,Email,0.14,"$10,762.00",7.56,Chicago,English,923,1392,2,Health & Wellness,2021-01-05
63358,DataTech Solutions,Search,Women 25-34,15 days,Email,0.07,"$9,039.00",4.79,Houston,Spanish,370,8563,1,Tech Enthusiasts,2021-08-01
63398,Innovate Industries,Email,Women 25-34,60 days,YouTube,0.06,"$9,281.00",4.41,Houston,Spanish,944,4123,3,Fashionistas,2021-09-10
63435,DataTech Solutions,Search,Women 25-34,60 days,Google Ads,0.14,"$11,318.00",3.74,Miami,Spanish,356,2753,8,Health & Wellness,2021-10-17
63539,NexGen Systems,Social Media,Men 18-24,45 days,Google Ads,0.09,"$18,677.00",6.21,Los Angeles,Mandarin,546,9398,3,Tech Enthusiasts,2021-01-29
63603,NexGen Systems,Email,Women 35-44,60 days,Email,0.11,"$15,581.00",6.92,Chicago,Spanish,332,8031,9,Tech Enthusiasts,2021-04-03
63664,NexGen Systems,Influencer,All Ages,60 days,Facebook,0.08,"$18,757.00",5.41,Los Angeles,French,528,2079,2,Fashionistas,2021-06-03
63776,NexGen Systems,Search,Men 18-24,45 days,Instagram,0.01,"$19,248.00",4.12,Houston,English,917,5373,2,Outdoor Adventurers,2021-09-23
63793,Innovate Industries,Email,Women 35-44,45 days,Instagram,0.08,"$16,904.00",6.9,Miami,English,599,2604,9,Health & Wellness,2021-10-10
63823,Innovate Industries,Display,Men 18-24,30 days,YouTube,0.01,"$12,143.00",4.36,Chicago,Spanish,171,8586,7,Outdoor Adventurers,2021-11-09
63924,Innovate Industries,Social Media,Women 25-34,45 days,Email,0.09,"$13,594.00",5.53,Los Angeles,German,507,8915,3,Tech Enthusiasts,2021-02-18
63951,DataTech Solutions,Social Media,Women 25-34,45 days,YouTube,0.05,"$11,099.00",7.49,Los Angeles,Mandarin,391,1090,9,Outdoor Adventurers,2021-03-17
64038,TechCorp,Influencer,Women 25-34,15 days,Google Ads,0.07,"$14,359.00",6.93,Houston,Spanish,282,4578,7,Fashionistas,2021-06-12
64048,Alpha Innovations,Social Media,Men 18-24,30 days,YouTube,0.06,"$15,623.00",5.41,Miami,French,665,5126,4,Outdoor Adventurers,2021-06-22
64208,NexGen Systems,Search,Men 18-24,45 days,Email,0.06,"$6,993.00",6.31,New York,Spanish,784,1155,7,Health & Wellness,2021-11-29
64256,Innovate Industries,Social Media,All Ages,60 days,Instagram,0.14,"$9,072.00",3.27,New York,German,994,6006,6,Tech Enthusiasts,2021-01-16
64261,Innovate Industries,Social Media,All Ages,15 days,Google Ads,0.09,"$5,623.00",6.37,Los Angeles,Spanish,765,4956,10,Outdoor Adventurers,2021-01-21
64296,Alpha Innovations,Search,Men 25-34,30 days,Website,0.03,"$15,158.00",5.74,Chicago,French,485,9922,8,Outdoor Adventurers,2021-02-25
64311,DataTech Solutions,Influencer,Men 25-34,60 days,Google Ads,0.1,"$8,717.00",3.08,Houston,English,537,9391,7,Fashionistas,2021-03-12
64390,NexGen Systems,Social Media,Men 25-34,15 days,YouTube,0.13,"$16,679.00",7.86,Los Angeles,English,583,1808,10,Health & Wellness,2021-05-30
64407,Alpha Innovations,Influencer,Women 35-44,15 days,Google Ads,0.12,"$10,084.00",6.73,Houston,Spanish,917,1722,8,Health & Wellness,2021-06-16
64415,Alpha Innovations,Display,Men 25-34,30 days,Instagram,0.01,"$15,578.00",7.55,New York,Mandarin,939,6990,5,Outdoor Adventurers,2021-06-24
64449,NexGen Systems,Email,All Ages,30 days,Website,0.14,"$18,526.00",3.0,Los Angeles,English,445,5030,10,Fashionistas,2021-07-28
64469,TechCorp,Influencer,Women 25-34,60 days,Website,0.14,"$10,129.00",3.92,Miami,German,738,3297,6,Fashionistas,2021-08-17
64474,TechCorp,Influencer,Men 25-34,15 days,Google Ads,0.09,"$8,083.00",4.06,New York,Spanish,730,7357,3,Health & Wellness,2021-08-22
64507,TechCorp,Display,All Ages,60 days,Website,0.07,"$10,238.00",3.1,Miami,Mandarin,406,2976,2,Foodies,2021-09-24
64554,NexGen Systems,Social Media,All Ages,30 days,Website,0.05,"$7,101.00",5.05,Chicago,German,615,6201,6,Fashionistas,2021-11-10
64560,NexGen Systems,Social Media,Men 18-24,45 days,Google Ads,0.09,"$7,213.00",7.75,Miami,Mandarin,876,6368,10,Outdoor Adventurers,2021-11-16
64676,DataTech Solutions,Social Media,Women 35-44,60 days,Email,0.03,"$16,447.00",4.57,Miami,French,292,1859,7,Foodies,2021-03-12
64678,Innovate Industries,Influencer,Men 25-34,15 days,Email,0.07,"$5,419.00",7.19,Miami,German,405,3061,2,Tech Enthusiasts,2021-03-14
64789,NexGen Systems,Influencer,Men 18-24,45 days,Website,0.11,"$8,403.00",2.75,Los Angeles,Mandarin,299,5152,1,Tech Enthusiasts,2021-07-03
64895,Alpha Innovations,Influencer,Women 35-44,15 days,Google Ads,0.08,"$7,856.00",4.54,Miami,French,694,1948,5,Foodies,2021-10-17
64998,Alpha Innovations,Influencer,Women 25-34,15 days,Website,0.03,"$6,329.00",4.17,Miami,French,134,1271,2,Outdoor Adventurers,2021-01-28
65040,DataTech Solutions,Social Media,All Ages,15 days,Email,0.05,"$17,144.00",3.85,New York,Mandarin,690,2231,7,Health & Wellness,2021-03-11
65041,Innovate Industries,Social Media,Men 18-24,60 days,Email,0.14,"$16,120.00",3.35,Los Angeles,Mandarin,823,4423,10,Outdoor Adventurers,2021-03-12
65045,TechCorp,Email,Men 25-34,15 days,YouTube,0.11,"$18,057.00",6.27,Los Angeles,Spanish,639,9227,9,Foodies,2021-03-16
65098,DataTech Solutions,Email,Women 25-34,15 days,Instagram,0.03,"$11,802.00",5.67,Houston,Spanish,727,7353,8,Fashionistas,2021-05-08
65142,Innovate Industries,Display,Men 18-24,60 days,Instagram,0.1,"$5,106.00",6.11,Los Angeles,German,366,9959,3,Fashionistas,2021-06-21
65205,Innovate Industries,Display,All Ages,45 days,Email,0.01,"$6,177.00",7.66,Chicago,Spanish,483,3535,7,Tech Enthusiasts,2021-08-23
65248,Innovate Industries,Search,Men 25-34,60 days,YouTube,0.03,"$19,305.00",6.08,New York,German,452,6516,2,Foodies,2021-10-05
65276,Alpha Innovations,Display,Women 25-34,45 days,Facebook,0.02,"$19,452.00",7.89,Los Angeles,German,610,4496,3,Outdoor Adventurers,2021-11-02
65331,Alpha Innovations,Search,Women 25-34,15 days,Website,0.11,"$15,621.00",3.62,Chicago,Mandarin,351,3311,5,Fashionistas,2021-12-27
65353,TechCorp,Email,Women 25-34,30 days,Email,0.11,"$17,935.00",3.95,New York,French,527,2792,8,Fashionistas,2021-01-18
65363,DataTech Solutions,Search,Women 25-34,15 days,Website,0.1,"$12,662.00",4.58,Miami,Mandarin,865,4195,8,Foodies,2021-01-28
65373,Innovate Industries,Social Media,Women 35-44,30 days,Email,0.13,"$10,601.00",4.26,Chicago,English,727,8477,10,Foodies,2021-02-07
65389,DataTech Solutions,Search,Women 25-34,30 days,Email,0.08,"$13,556.00",4.25,Houston,German,336,3433,1,Foodies,2021-02-23
65396,Innovate Industries,Display,Men 25-34,30 days,YouTube,0.04,"$17,273.00",4.69,New York,French,562,8301,10,Foodies,2021-03-02
65399,NexGen Systems,Social Media,Women 25-34,15 days,YouTube,0.13,"$6,895.00",3.17,New York,French,567,7193,10,Fashionistas,2021-03-05
65405,Alpha Innovations,Display,All Ages,45 days,Google Ads,0.06,"$18,363.00",6.06,Miami,English,991,1983,9,Tech Enthusiasts,2021-03-11
65410,Innovate Industries,Influencer,Men 25-34,45 days,YouTube,0.01,"$5,552.00",5.38,New York,English,436,8405,3,Foodies,2021-03-16
65427,Alpha Innovations,Display,All Ages,30 days,Facebook,0.09,"$8,760.00",5.45,Houston,English,616,3303,7,Health & Wellness,2021-04-02
65430,DataTech Solutions,Influencer,Women 25-34,30 days,Website,0.03,"$8,949.00",4.41,Miami,English,869,5242,4,Outdoor Adventurers,2021-04-05
65443,DataTech Solutions,Influencer,Men 25-34,45 days,Instagram,0.12,"$19,767.00",3.51,Los Angeles,Mandarin,548,9189,6,Fashionistas,2021-04-18
65448,TechCorp,Influencer,All Ages,15 days,Website,0.14,"$13,678.00",6.28,Houston,French,368,5088,9,Fashionistas,2021-04-23
65474,NexGen Systems,Email,Women 25-34,15 days,Website,0.14,"$19,665.00",4.78,Chicago,French,792,6646,2,Fashionistas,2021-05-19
65498,Innovate Industries,Search,Women 25-34,45 days,Facebook,0.13,"$6,170.00",5.31,Los Angeles,English,925,9339,6,Tech Enthusiasts,2021-06-12
65508,TechCorp,Social Media,Women 25-34,30 days,Instagram,0.1,"$10,991.00",2.16,Los Angeles,Mandarin,706,9340,4,Health & Wellness,2021-06-22
65594,NexGen Systems,Search,All Ages,45 days,Website,0.09,"$6,335.00",2.91,Chicago,Mandarin,971,2271,1,Fashionistas,2021-09-16
65608,Alpha Innovations,Email,Women 25-34,30 days,Google Ads,0.07,"$9,757.00",3.16,Miami,German,880,6166,8,Fashionistas,2021-09-30
65617,TechCorp,Search,Men 25-34,60 days,Email,0.08,"$18,900.00",7.42,New York,French,139,9075,5,Fashionistas,2021-10-09
65664,DataTech Solutions,Email,Women 35-44,60 days,Website,0.11,"$15,000.00",3.85,New York,English,342,7394,10,Health & Wellness,2021-11-25
65735,Innovate Industries,Influencer,Women 25-34,30 days,Website,0.06,"$16,641.00",2.64,Miami,German,451,6154,4,Health & Wellness,2021-02-04
65738,TechCorp,Display,Women 25-34,15 days,Email,0.04,"$16,477.00",4.41,New York,Mandarin,803,9931,1,Tech Enthusiasts,2021-02-07
65758,DataTech Solutions,Email,Men 25-34,30 days,Instagram,0.1,"$16,182.00",6.12,Houston,German,556,5170,7,Tech Enthusiasts,2021-02-27
65809,Alpha Innovations,Display,Women 35-44,60 days,Email,0.05,"$18,929.00",6.96,Chicago,German,420,6136,1,Health & Wellness,2021-04-19
65845,NexGen Systems,Social Media,Men 25-34,30 days,YouTube,0.11,"$8,759.00",5.49,New York,Mandarin,198,2176,9,Health & Wellness,2021-05-25
65850,Alpha Innovations,Display,Women 35-44,30 days,Facebook,0.05,"$17,598.00",6.07,Chicago,German,752,1084,10,Health & Wellness,2021-05-30
65864,TechCorp,Influencer,Women 25-34,30 days,Website,0.04,"$13,036.00",7.8,Chicago,French,458,3715,7,Health & Wellness,2021-06-13
65910,Innovate Industries,Email,Men 25-34,45 days,Instagram,0.13,"$19,332.00",3.75,New York,English,811,8166,2,Fashionistas,2021-07-29
65945,TechCorp,Email,Men 25-34,15 days,Email,0.09,"$6,332.00",7.35,Houston,English,651,3905,7,Foodies,2021-09-02
65973,NexGen Systems,Social Media,All Ages,30 days,Facebook,0.1,"$17,517.00",2.82,Miami,French,639,6180,2,Tech Enthusiasts,2021-09-30
66013,TechCorp,Email,Men 18-24,60 days,Website,0.13,"$10,423.00",3.79,Los Angeles,German,517,3157,10,Outdoor Adventurers,2021-11-09
66042,DataTech Solutions,Influencer,Men 18-24,60 days,Google Ads,0.05,"$19,242.00",2.45,Chicago,French,903,6310,3,Health & Wellness,2021-12-08
66089,Alpha Innovations,Display,Men 25-34,30 days,Facebook,0.06,"$12,756.00",2.88,Houston,French,839,9589,5,Tech Enthusiasts,2021-01-24
66110,TechCorp,Email,Men 25-34,60 days,Instagram,0.05,"$11,457.00",4.04,Miami,Mandarin,977,8707,7,Foodies,2021-02-14
66177,NexGen Systems,Display,Men 25-34,45 days,Email,0.07,"$11,062.00",6.85,Miami,French,544,5694,3,Outdoor Adventurers,2021-04-22
66211,NexGen Systems,Social Media,Women 35-44,45 days,Website,0.03,"$5,560.00",2.56,Miami,English,606,2988,10,Tech Enthusiasts,2021-05-26
66219,TechCorp,Search,All Ages,30 days,Website,0.09,"$12,424.00",4.72,Houston,Mandarin,663,2844,10,Fashionistas,2021-06-03
66245,Innovate Industries,Email,Men 18-24,30 days,Facebook,0.13,"$6,586.00",5.8,Chicago,Mandarin,892,7678,2,Tech Enthusiasts,2021-06-29
66295,TechCorp,Influencer,All Ages,45 days,Facebook,0.09,"$15,611.00",7.4,Chicago,English,630,4143,4,Outdoor Adventurers,2021-08-18
66312,DataTech Solutions,Email,Women 35-44,60 days,Facebook,0.06,"$18,250.00",7.05,Miami,Mandarin,667,2839,6,Fashionistas,2021-09-04
66326,NexGen Systems,Search,Men 18-24,15 days,Facebook,0.11,"$15,983.00",5.89,Chicago,German,302,4478,1,Tech Enthusiasts,2021-09-18
66375,Innovate Industries,Influencer,Women 35-44,60 days,Website,0.15,"$6,221.00",3.08,Chicago,Spanish,753,5340,1,Foodies,2021-11-06
66401,DataTech Solutions,Social Media,Men 25-34,15 days,Google Ads,0.13,"$17,547.00",2.49,Houston,Spanish,547,9295,5,Health & Wellness,2021-12-02
66436,Alpha Innovations,Email,Men 25-34,60 days,Email,0.12,"$10,745.00",6.96,Miami,Spanish,644,7647,5,Fashionistas,2021-01-06
66473,DataTech Solutions,Email,Women 25-34,15 days,Google Ads,0.14,"$9,343.00",5.6,Houston,Mandarin,745,3413,8,Health & Wellness,2021-02-12
66529,NexGen Systems,Search,All Ages,15 days,Instagram,0.02,"$7,560.00",5.6,New York,French,153,3799,2,Outdoor Adventurers,2021-04-09
66634,DataTech Solutions,Email,Men 18-24,45 days,Email,0.09,"$13,765.00",3.95,Miami,Spanish,831,1602,10,Outdoor Adventurers,2021-07-23
66825,TechCorp,Search,Men 25-34,45 days,YouTube,0.05,"$5,715.00",2.7,Houston,Mandarin,401,7429,4,Fashionistas,2021-01-30
66939,Alpha Innovations,Display,Women 25-34,45 days,Instagram,0.15,"$8,782.00",4.46,Houston,Spanish,537,9189,5,Fashionistas,2021-05-24
66947,TechCorp,Influencer,Men 25-34,30 days,Email,0.09,"$15,874.00",4.56,Chicago,French,375,1833,6,Fashionistas,2021-06-01
66983,NexGen Systems,Social Media,Men 25-34,45 days,Instagram,0.02,"$16,280.00",3.75,Chicago,Mandarin,479,5355,7,Outdoor Adventurers,2021-07-07
66990,Innovate Industries,Display,Men 25-34,15 days,Email,0.11,"$8,182.00",3.03,Miami,German,416,9789,10,Fashionistas,2021-07-14
66991,Innovate Industries,Influencer,Men 25-34,15 days,Google Ads,0.06,"$13,705.00",2.36,Los Angeles,Mandarin,428,7706,9,Fashionistas,2021-07-15
67141,Innovate Industries,Email,All Ages,45 days,Instagram,0.02,"$7,061.00",4.14,New York,Mandarin,683,5166,2,Outdoor Adventurers,2021-12-12
67247,TechCorp,Email,All Ages,30 days,YouTube,0.06,"$5,921.00",3.15,Chicago,French,999,8571,2,Tech Enthusiasts,2021-03-28
67303,DataTech Solutions,Social Media,Women 35-44,60 days,YouTube,0.05,"$12,217.00",5.49,Chicago,Mandarin,657,9252,6,Outdoor Adventurers,2021-05-23
67342,DataTech Solutions,Social Media,Women 35-44,45 days,Email,0.04,"$8,029.00",6.99,Miami,Mandarin,457,9678,6,Foodies,2021-07-01
67349,DataTech Solutions,Email,Women 25-34,60 days,Email,0.05,"$12,391.00",6.61,Miami,Spanish,547,8596,10,Outdoor Adventurers,2021-07-08
67351,Alpha Innovations,Email,Men 18-24,60 days,Google Ads,0.05,"$8,439.00",4.25,New York,French,308,8780,6,Foodies,2021-07-10
67405,Innovate Industries,Display,Men 18-24,60 days,Website,0.1,"$17,591.00",6.24,Los Angeles,English,409,7508,3,Health & Wellness,2021-09-02
67414,NexGen Systems,Influencer,Women 25-34,60 days,YouTube,0.05,"$18,956.00",6.09,Chicago,German,625,1126,8,Tech Enthusiasts,2021-09-11
67554,Innovate Industries,Display,All Ages,45 days,Google Ads,0.07,"$13,619.00",2.64,New York,German,851,6703,3,Fashionistas,2021-01-29
67556,NexGen Systems,Influencer,Men 25-34,15 days,Email,0.15,"$12,667.00",7.56,New York,Mandarin,658,8506,1,Fashionistas,2021-01-31
67590,NexGen Systems,Search,All Ages,45 days,Website,0.12,"$11,298.00",6.92,New York,German,144,4572,2,Foodies,2021-03-06
67621,TechCorp,Social Media,Women 25-34,30 days,Email,0.05,"$12,246.00",5.66,New York,German,621,3937,4,Tech Enthusiasts,2021-04-06
67623,TechCorp,Display,Women 25-34,15 days,Email,0.08,"$9,711.00",6.01,Houston,German,599,2083,6,Tech Enthusiasts,2021-04-08
67677,NexGen Systems,Email,Women 25-34,45 days,YouTube,0.02,"$8,584.00",5.19,New York,German,764,1005,7,Tech Enthusiasts,2021-06-01
67689,Alpha Innovations,Display,Women 25-34,30 days,Facebook,0.15,"$11,342.00",3.95,New York,English,800,6975,3,Outdoor Adventurers,2021-06-13
67711,DataTech Solutions,Influencer,Women 25-34,30 days,Website,0.15,"$19,390.00",3.47,Chicago,Spanish,748,4071,2,Health & Wellness,2021-07-05
67717,NexGen Systems,Search,Women 35-44,30 days,Instagram,0.03,"$14,284.00",2.65,Chicago,English,385,3374,4,Outdoor Adventurers,2021-07-11
67756,DataTech Solutions,Influencer,Men 18-24,60 days,Website,0.06,"$14,571.00",6.9,New York,Spanish,299,8542,6,Fashionistas,2021-08-19
67768,Innovate Industries,Social Media,Men 18-24,15 days,Email,0.01,"$6,510.00",2.4,Houston,German,566,6947,4,Health & Wellness,2021-08-31
67775,TechCorp,Email,Men 25-34,30 days,Instagram,0.03,"$18,976.00",2.25,New York,Spanish,414,1061,3,Foodies,2021-09-07
67829,Innovate Industries,Search,Women 25-34,45 days,Email,0.03,"$14,066.00",5.3,Chicago,French,517,7683,2,Fashionistas,2021-10-31
67902,TechCorp,Influencer,Men 25-34,15 days,YouTube,0.01,"$14,379.00",4.86,Chicago,French,782,8210,2,Outdoor Adventurers,2021-01-12
67954,NexGen Systems,Search,Women 35-44,45 days,YouTube,0.13,"$9,743.00",6.79,Miami,English,628,9079,2,Outdoor Adventurers,2021-03-05
68033,TechCorp,Email,Women 25-34,60 days,Instagram,0.05,"$15,350.00",2.05,Miami,Spanish,156,7404,2,Tech Enthusiasts,2021-05-23
68055,NexGen Systems,Social Media,All Ages,15 days,Email,0.14,"$11,753.00",2.68,Miami,English,627,5856,4,Tech Enthusiasts,2021-06-14
68075,DataTech Solutions,Social Media,Women 35-44,15 days,Email,0.09,"$19,760.00",3.95,Chicago,English,618,1957,10,Tech Enthusiasts,2021-07-04
68103,Innovate Industries,Social Media,Men 18-24,15 days,Website,0.12,"$18,260.00",7.66,Houston,French,107,4232,2,Foodies,2021-08-01
68107,NexGen Systems,Search,Women 25-34,30 days,Google Ads,0.02,"$16,227.00",6.51,Miami,Spanish,606,6289,10,Health & Wellness,2021-08-05
68184,Innovate Industries,Search,All Ages,30 days,Google Ads,0.08,"$9,494.00",3.16,Houston,Mandarin,841,8550,6,Foodies,2021-10-21
68278,DataTech Solutions,Display,Women 35-44,45 days,Facebook,0.13,"$5,318.00",6.07,Houston,German,727,2989,6,Tech Enthusiasts,2021-01-23
68303,Innovate Industries,Display,Men 18-24,60 days,Instagram,0.06,"$13,012.00",3.75,Houston,Mandarin,310,7568,9,Fashionistas,2021-02-17
68314,NexGen Systems,Influencer,Men 25-34,45 days,Google Ads,0.03,"$6,376.00",7.63,Houston,German,817,9071,9,Tech Enthusiasts,2021-02-28
68388,TechCorp,Display,Women 35-44,45 days,Facebook,0.03,"$16,528.00",3.04,Miami,Spanish,352,7584,5,Outdoor Adventurers,2021-05-13
68398,Innovate Industries,Search,Men 25-34,15 days,Google Ads,0.11,"$14,456.00",6.0,New York,German,961,6990,9,Fashionistas,2021-05-23
68401,DataTech Solutions,Search,All Ages,45 days,Google Ads,0.13,"$6,708.00",3.03,Miami,Mandarin,697,2810,2,Tech Enthusiasts,2021-05-26
68412,NexGen Systems,Influencer,Men 18-24,45 days,Email,0.14,"$19,509.00",5.4,Houston,German,311,3353,2,Fashionistas,2021-06-06
68459,Innovate Industries,Search,Men 25-34,60 days,Facebook,0.03,"$9,428.00",2.56,New York,English,798,6554,2,Outdoor Adventurers,2021-07-23
68523,TechCorp,Email,Men 25-34,15 days,Email,0.13,"$8,028.00",7.84,Houston,German,844,9051,9,Fashionistas,2021-09-25
68545,TechCorp,Influencer,Women 35-44,15 days,Email,0.13,"$9,561.00",2.25,Los Angeles,Spanish,307,6633,9,Outdoor Adventurers,2021-10-17
68589,TechCorp,Search,All Ages,45 days,Website,0.1,"$5,069.00",6.96,Los Angeles,English,486,1284,3,Fashionistas,2021-11-30
68601,NexGen Systems,Email,Men 25-34,15 days,Website,0.14,"$10,269.00",4.82,Chicago,Spanish,718,6997,3,Tech Enthusiasts,2021-12-12
68656,Alpha Innovations,Email,Men 25-34,15 days,Facebook,0.06,"$13,277.00",7.54,Los Angeles,German,978,9747,3,Fashionistas,2021-02-05
68670,NexGen Systems,Influencer,Women 35-44,60 days,Instagram,0.12,"$18,296.00",3.0,Chicago,Mandarin,646,3962,9,Health & Wellness,2021-02-19
68743,NexGen Systems,Search,Women 25-34,15 days,Google Ads,0.11,"$15,058.00",4.31,Miami,German,956,5717,6,Health & Wellness,2021-05-03
68889,NexGen Systems,Search,Women 25-34,60 days,Facebook,0.08,"$19,084.00",6.36,Miami,French,233,1660,10,Tech Enthusiasts,2021-09-26
68939,NexGen Systems,Search,All Ages,60 days,Website,0.12,"$7,337.00",3.3,Chicago,Mandarin,908,9427,2,Outdoor Adventurers,2021-11-15
68962,DataTech Solutions,Social Media,Men 18-24,30 days,YouTube,0.07,"$19,590.00",3.1,Chicago,Spanish,488,3302,5,Fashionistas,2021-12-08
69009,DataTech Solutions,Social Media,Women 35-44,60 days,YouTube,0.12,"$17,546.00",7.71,Chicago,English,772,2635,6,Fashionistas,2021-01-24
69026,Innovate Industries,Display,Men 25-34,45 days,Instagram,0.11,"$9,653.00",7.71,Los Angeles,French,425,5575,9,Fashionistas,2021-02-10
69028,TechCorp,Social Media,Men 25-34,30 days,YouTube,0.04,"$9,744.00",6.88,Chicago,English,542,3165,9,Tech Enthusiasts,2021-02-12
69029,TechCorp,Search,All Ages,60 days,Website,0.04,"$16,360.00",3.79,Chicago,Spanish,532,9535,8,Foodies,2021-02-13
69038,DataTech Solutions,Influencer,All Ages,30 days,Facebook,0.01,"$5,190.00",7.88,Los Angeles,German,328,1145,5,Outdoor Adventurers,2021-02-22
69039,Alpha Innovations,Email,All Ages,60 days,Instagram,0.04,"$7,797.00",6.04,Los Angeles,German,170,2710,5,Outdoor Adventurers,2021-02-23
69056,Innovate Industries,Influencer,Men 18-24,30 days,Instagram,0.08,"$7,755.00",6.49,Houston,Mandarin,211,9827,8,Outdoor Adventurers,2021-03-12
69086,TechCorp,Social Media,Women 25-34,15 days,Website,0.11,"$15,430.00",4.72,Chicago,English,364,1211,4,Foodies,2021-04-11
69106,Innovate Industries,Email,Men 25-34,60 days,YouTube,0.11,"$16,090.00",6.0,Miami,Spanish,453,4684,1,Health & Wellness,2021-05-01
69107,Alpha Innovations,Display,Men 25-34,15 days,YouTube,0.01,"$16,548.00",3.68,Miami,Spanish,298,1971,10,Tech Enthusiasts,2021-05-02
69162,Innovate Industries,Display,Men 18-24,15 days,Instagram,0.11,"$14,470.00",2.95,Chicago,Spanish,340,3121,7,Health & Wellness,2021-06-26
69234,Alpha Innovations,Search,All Ages,30 days,Facebook,0.14,"$11,751.00",7.93,Chicago,English,884,8785,9,Tech Enthusiasts,2021-09-06
69270,Innovate Industries,Influencer,Women 25-34,30 days,Email,0.1,"$14,459.00",5.73,New York,English,995,3020,6,Fashionistas,2021-10-12
69402,DataTech Solutions,Display,Men 18-24,60 days,Email,0.13,"$12,326.00",6.9,Chicago,French,990,2308,6,Foodies,2021-02-21
69440,TechCorp,Search,Men 18-24,45 days,Website,0.03,"$12,221.00",3.82,Chicago,German,761,3026,2,Foodies,2021-03-31
69472,NexGen Systems,Influencer,Women 25-34,15 days,Google Ads,0.02,"$17,236.00",3.0,New York,French,636,5120,10,Health & Wellness,2021-05-02
69487,Alpha Innovations,Display,Men 25-34,15 days,YouTube,0.06,"$18,218.00",3.26,Chicago,German,947,4493,1,Outdoor Adventurers,2021-05-17
69492,DataTech Solutions,Search,Women 25-34,60 days,Email,0.08,"$19,571.00",6.59,Miami,French,887,5159,8,Fashionistas,2021-05-22
69532,DataTech Solutions,Email,Men 18-24,45 days,Google Ads,0.05,"$7,438.00",3.67,Miami,English,457,4519,2,Foodies,2021-07-01
69537,NexGen Systems,Social Media,Women 25-34,30 days,Facebook,0.02,"$7,892.00",6.63,Los Angeles,French,718,7490,3,Fashionistas,2021-07-06
69572,Innovate Industries,Email,Men 25-34,45 days,Instagram,0.02,"$5,587.00",5.87,New York,Spanish,785,2252,6,Health & Wellness,2021-08-10
69576,Alpha Innovations,Social Media,Women 35-44,15 days,Facebook,0.12,"$7,772.00",6.56,Chicago,German,120,2019,8,Tech Enthusiasts,2021-08-14
69733,NexGen Systems,Search,Women 25-34,60 days,Website,0.07,"$19,028.00",7.58,Chicago,English,681,3440,6,Outdoor Adventurers,2021-01-18
69778,NexGen Systems,Display,Men 18-24,45 days,Website,0.07,"$15,449.00",2.1,Los Angeles,German,956,1130,1,Health & Wellness,2021-03-04
69812,NexGen Systems,Display,All Ages,30 days,Google Ads,0.11,"$14,302.00",3.47,New York,English,729,7088,3,Tech Enthusiasts,2021-04-07
69821,Innovate Industries,Search,Men 18-24,30 days,Instagram,0.1,"$5,992.00",4.81,Houston,English,264,8155,4,Outdoor Adventurers,2021-04-16
69971,NexGen Systems,Email,All Ages,60 days,Email,0.11,"$13,602.00",7.29,Chicago,French,740,3073,1,Tech Enthusiasts,2021-09-13
69989,DataTech Solutions,Email,All Ages,15 days,Facebook,0.1,"$7,941.00",3.63,Los Angeles,German,587,5136,6,Foodies,2021-10-01
69995,Innovate Industries,Influencer,Women 35-44,30 days,Email,0.12,"$7,475.00",3.52,Houston,French,715,9830,7,Tech Enthusiasts,2021-10-07
69996,Innovate Industries,Display,Women 25-34,45 days,Email,0.05,"$10,842.00",5.39,Houston,English,577,3410,8,Health & Wellness,2021-10-08
70025,Alpha Innovations,Influencer,Women 35-44,30 days,Website,0.06,"$13,626.00",6.86,Houston,Spanish,196,4251,5,Outdoor Adventurers,2021-11-06
70026,TechCorp,Search,Women 35-44,60 days,Email,0.13,"$10,329.00",7.33,New York,French,580,8909,9,Foodies,2021-11-07
70027,TechCorp,Social Media,All Ages,45 days,YouTube,0.05,"$6,269.00",4.24,Houston,Spanish,467,6064,7,Health & Wellness,2021-11-08
70036,NexGen Systems,Influencer,Men 18-24,30 days,Google Ads,0.08,"$5,109.00",2.23,Miami,Spanish,987,5950,5,Outdoor Adventurers,2021-11-17
70037,NexGen Systems,Email,Men 18-24,60 days,Instagram,0.07,"$15,900.00",5.86,Houston,Mandarin,231,1920,6,Outdoor Adventurers,2021-11-18
70052,Alpha Innovations,Email,All Ages,45 days,Instagram,0.13,"$17,834.00",4.57,Miami,German,817,9703,4,Foodies,2021-12-03
70104,Alpha Innovations,Display,Men 18-24,30 days,Google Ads,0.04,"$18,755.00",3.77,Chicago,Mandarin,801,1722,2,Health & Wellness,2021-01-24
70134,DataTech Solutions,Influencer,Women 35-44,60 days,Google Ads,0.1,"$9,745.00",3.13,Los Angeles,Spanish,446,1094,8,Outdoor Adventurers,2021-02-23
70141,NexGen Systems,Search,All Ages,45 days,Website,0.08,"$7,950.00",2.22,Miami,German,216,6575,4,Health & Wellness,2021-03-02
70147,Innovate Industries,Search,All Ages,60 days,Google Ads,0.05,"$5,895.00",7.99,Los Angeles,German,611,4719,1,Outdoor Adventurers,2021-03-08
70197,Innovate Industries,Influencer,Men 25-34,60 days,Google Ads,0.11,"$9,840.00",7.2,New York,German,754,7959,1,Foodies,2021-04-27
70233,TechCorp,Search,All Ages,45 days,Email,0.13,"$17,192.00",6.86,Miami,French,159,5415,2,Outdoor Adventurers,2021-06-02
70236,TechCorp,Influencer,Men 25-34,60 days,Website,0.1,"$6,682.00",8.0,Miami,Mandarin,767,9350,5,Fashionistas,2021-06-05
70303,DataTech Solutions,Search,Men 25-34,60 days,Email,0.13,"$15,807.00",3.8,Houston,Mandarin,675,8314,3,Foodies,2021-08-11
70358,Alpha Innovations,Email,Women 35-44,60 days,YouTube,0.04,"$18,849.00",7.04,Houston,German,284,8775,3,Outdoor Adventurers,2021-10-05
70385,DataTech Solutions,Email,Women 25-34,15 days,Instagram,0.1,"$11,940.00",4.17,Houston,French,811,1782,6,Tech Enthusiasts,2021-11-01
70427,Alpha Innovations,Email,Men 25-34,30 days,Instagram,0.1,"$17,774.00",7.3,New York,Mandarin,832,1433,3,Tech Enthusiasts,2021-12-13
70505,TechCorp,Email,Women 35-44,45 days,Website,0.02,"$8,672.00",5.1,Chicago,English,508,7949,8,Outdoor Adventurers,2021-03-01
70514,Alpha Innovations,Display,Women 25-34,60 days,Facebook,0.05,"$14,005.00",4.45,Los Angeles,French,194,2061,3,Outdoor Adventurers,2021-03-10
70568,NexGen Systems,Display,Men 25-34,60 days,Website,0.03,"$18,196.00",7.63,New York,French,717,6241,10,Tech Enthusiasts,2021-05-03
70580,Alpha Innovations,Social Media,All Ages,15 days,Instagram,0.11,"$13,467.00",2.41,Chicago,Spanish,135,1275,3,Health & Wellness,2021-05-15
70584,DataTech Solutions,Display,Women 25-34,15 days,YouTube,0.02,"$9,965.00",6.37,New York,Mandarin,755,9913,10,Health & Wellness,2021-05-19
70588,Alpha Innovations,Social Media,All Ages,45 days,YouTube,0.07,"$15,661.00",6.56,Miami,French,536,2205,4,Health & Wellness,2021-05-23
70620,TechCorp,Search,All Ages,15 days,Email,0.05,"$16,166.00",3.75,New York,Mandarin,428,4258,7,Fashionistas,2021-06-24
70683,DataTech Solutions,Email,Men 25-34,30 days,YouTube,0.1,"$16,072.00",7.58,New York,French,815,3441,7,Tech Enthusiasts,2021-08-26
70694,DataTech Solutions,Social Media,Men 25-34,15 days,YouTube,0.03,"$7,513.00",6.98,Houston,Mandarin,927,4005,6,Tech Enthusiasts,2021-09-06
70699,TechCorp,Email,All Ages,30 days,Google Ads,0.01,"$19,726.00",3.48,Houston,English,778,5824,7,Fashionistas,2021-09-11
70770,Innovate Industries,Search,All Ages,45 days,Google Ads,0.04,"$17,412.00",6.43,Miami,Spanish,612,9298,3,Health & Wellness,2021-11-21
70891,Innovate Industries,Display,Women 35-44,60 days,YouTube,0.1,"$14,080.00",4.17,Miami,Spanish,277,8862,9,Outdoor Adventurers,2021-03-22
70897,NexGen Systems,Influencer,Men 25-34,45 days,Email,0.12,"$12,267.00",2.55,Los Angeles,Spanish,678,7070,10,Fashionistas,2021-03-28
70901,TechCorp,Social Media,Women 35-44,15 days,YouTube,0.03,"$6,812.00",6.71,Los Angeles,Spanish,420,5007,10,Foodies,2021-04-01
70946,Innovate Industries,Display,All Ages,30 days,Email,0.08,"$10,170.00",4.32,Miami,English,324,5144,1,Tech Enthusiasts,2021-05-16
70956,TechCorp,Social Media,Women 35-44,30 days,YouTube,0.12,"$11,266.00",3.96,Miami,French,517,4185,6,Tech Enthusiasts,2021-05-26
70970,Innovate Industries,Social Media,All Ages,15 days,Email,0.14,"$17,173.00",5.58,Chicago,French,684,4585,5,Health & Wellness,2021-06-09
71005,Innovate Industries,Search,Women 25-34,45 days,Email,0.1,"$17,773.00",2.57,Miami,German,912,8554,8,Foodies,2021-07-14
71050,TechCorp,Display,Women 35-44,60 days,YouTube,0.09,"$19,840.00",6.46,Miami,German,291,9071,6,Tech Enthusiasts,2021-08-28
71068,NexGen Systems,Influencer,Women 25-34,60 days,Facebook,0.07,"$7,079.00",6.76,Los Angeles,Spanish,146,8703,1,Fashionistas,2021-09-15
71070,NexGen Systems,Display,Men 25-34,60 days,YouTube,0.14,"$14,875.00",7.78,Miami,Mandarin,654,4323,9,Fashionistas,2021-09-17
71085,Alpha Innovations,Influencer,Men 18-24,15 days,YouTube,0.05,"$9,636.00",3.35,New York,Mandarin,664,5663,5,Tech Enthusiasts,2021-10-02
71104,NexGen Systems,Display,Men 25-34,15 days,Instagram,0.07,"$15,486.00",5.23,Chicago,English,409,5112,5,Tech Enthusiasts,2021-10-21
71146,Innovate Industries,Influencer,Men 18-24,60 days,Website,0.06,"$14,024.00",7.15,New York,Mandarin,465,2753,5,Outdoor Adventurers,2021-12-02
71163,NexGen Systems,Display,Women 25-34,15 days,Email,0.12,"$10,606.00",2.9,Miami,Spanish,828,7630,2,Outdoor Adventurers,2021-12-19
71185,NexGen Systems,Influencer,Women 35-44,45 days,Instagram,0.09,"$10,136.00",4.98,Los Angeles,Mandarin,587,7676,8,Outdoor Adventurers,2021-01-10
71294,TechCorp,Social Media,Women 35-44,15 days,Website,0.09,"$14,269.00",3.23,Los Angeles,German,160,4747,7,Foodies,2021-04-29
71361,Innovate Industries,Email,Men 25-34,45 days,Email,0.13,"$14,375.00",2.04,Miami,Mandarin,884,8825,4,Outdoor Adventurers,2021-07-05
71364,Innovate Industries,Email,Women 35-44,15 days,Facebook,0.02,"$5,471.00",2.67,Miami,English,711,7713,1,Tech Enthusiasts,2021-07-08
71375,Innovate Industries,Search,All Ages,60 days,YouTube,0.05,"$8,924.00",2.83,Los Angeles,Mandarin,241,7748,5,Tech Enthusiasts,2021-07-19
71399,NexGen Systems,Email,Men 25-34,30 days,Email,0.03,"$15,182.00",2.71,Los Angeles,Spanish,322,4240,2,Outdoor Adventurers,2021-08-12
71451,TechCorp,Display,Women 35-44,30 days,Facebook,0.07,"$11,424.00",5.77,New York,German,352,1336,6,Health & Wellness,2021-10-03
71453,NexGen Systems,Influencer,Women 25-34,30 days,Website,0.04,"$8,973.00",3.4,Houston,English,893,3594,1,Tech Enthusiasts,2021-10-05
71572,DataTech Solutions,Display,Men 18-24,60 days,Google Ads,0.05,"$18,893.00",4.78,Houston,French,316,6978,7,Foodies,2021-02-01
71640,TechCorp,Email,Men 18-24,60 days,Website,0.13,"$16,410.00",7.77,Houston,English,518,4327,10,Outdoor Adventurers,2021-04-10
71730,NexGen Systems,Email,Men 18-24,15 days,YouTube,0.03,"$15,474.00",3.25,Houston,German,157,5679,4,Health & Wellness,2021-07-09
71733,Alpha Innovations,Social Media,All Ages,45 days,Instagram,0.09,"$14,319.00",7.59,New York,Mandarin,570,8997,1,Fashionistas,2021-07-12
71739,TechCorp,Email,Women 35-44,45 days,Instagram,0.06,"$6,521.00",4.82,Los Angeles,French,640,2010,4,Health & Wellness,2021-07-18
71778,Innovate Industries,Social Media,Men 18-24,15 days,Google Ads,0.03,"$7,563.00",3.96,Houston,Mandarin,819,5738,6,Health & Wellness,2021-08-26
71846,Innovate Industries,Influencer,Men 18-24,60 days,Google Ads,0.02,"$16,958.00",5.94,Los Angeles,Mandarin,988,4164,2,Foodies,2021-11-02
71990,DataTech Solutions,Email,All Ages,45 days,Email,0.1,"$8,662.00",3.82,Los Angeles,French,922,6126,2,Foodies,2021-03-26
72026,Alpha Innovations,Social Media,Men 18-24,15 days,Instagram,0.06,"$9,508.00",4.11,Miami,German,275,7654,5,Fashionistas,2021-05-01
72050,NexGen Systems,Email,Men 25-34,45 days,YouTube,0.04,"$9,926.00",6.9,Miami,German,323,4718,4,Foodies,2021-05-25
72111,Alpha Innovations,Social Media,Women 35-44,60 days,Facebook,0.02,"$15,718.00",7.65,Miami,English,314,4867,8,Fashionistas,2021-07-25
72155,Alpha Innovations,Influencer,Women 25-34,30 days,Google Ads,0.03,"$6,361.00",7.7,Chicago,English,228,6463,4,Fashionistas,2021-09-07
72200,NexGen Systems,Social Media,Men 18-24,30 days,YouTube,0.01,"$6,244.00",3.21,Houston,English,554,3898,10,Foodies,2021-10-22
72215,DataTech Solutions,Search,Women 25-34,15 days,Website,0.06,"$16,340.00",7.14,New York,German,268,1072,9,Outdoor Adventurers,2021-11-06
72273,TechCorp,Influencer,Women 25-34,60 days,Email,0.03,"$13,500.00",2.75,Los Angeles,German,269,8825,4,Foodies,2021-01-03
72343,NexGen Systems,Email,All Ages,45 days,YouTube,0.14,"$11,591.00",6.92,Houston,English,304,4364,6,Tech Enthusiasts,2021-03-14
72385,NexGen Systems,Influencer,All Ages,15 days,YouTube,0.03,"$6,928.00",6.76,Los Angeles,French,887,4246,5,Health & Wellness,2021-04-25
72391,TechCorp,Influencer,Women 25-34,45 days,YouTube,0.13,"$18,725.00",5.18,Miami,German,954,4895,9,Fashionistas,2021-05-01
72430,DataTech Solutions,Influencer,All Ages,30 days,YouTube,0.12,"$12,523.00",4.51,Chicago,Spanish,973,7176,6,Tech Enthusiasts,2021-06-09
72452,Alpha Innovations,Display,Men 18-24,30 days,Facebook,0.12,"$17,123.00",2.25,Los Angeles,Mandarin,414,3624,4,Health & Wellness,2021-07-01
72465,TechCorp,Search,All Ages,15 days,Instagram,0.05,"$15,255.00",6.1,New York,English,226,5061,5,Tech Enthusiasts,2021-07-14
72480,TechCorp,Search,Women 35-44,45 days,Google Ads,0.15,"$17,710.00",2.05,Houston,German,242,2520,7,Foodies,2021-07-29
72493,Innovate Industries,Influencer,Men 18-24,45 days,Instagram,0.02,"$13,473.00",2.49,Los Angeles,German,979,1142,10,Foodies,2021-08-11
72513,TechCorp,Email,All Ages,30 days,Instagram,0.03,"$9,346.00",6.06,Houston,English,595,6632,2,Health & Wellness,2021-08-31
72544,TechCorp,Display,Women 35-44,15 days,Website,0.07,"$9,922.00",3.47,Houston,Spanish,141,7674,1,Foodies,2021-10-01
72588,Alpha Innovations,Email,Women 35-44,15 days,Instagram,0.11,"$5,064.00",5.84,Chicago,French,570,8482,2,Tech Enthusiasts,2021-11-14
72606,DataTech Solutions,Email,Men 18-24,45 days,Instagram,0.12,"$13,114.00",6.47,Los Angeles,French,902,2223,8,Foodies,2021-12-02
72616,NexGen Systems,Email,Men 18-24,45 days,Instagram,0.12,"$7,819.00",2.03,Los Angeles,Mandarin,542,8262,6,Health & Wellness,2021-12-12
72679,TechCorp,Influencer,Women 35-44,60 days,Website,0.09,"$6,565.00",2.55,Los Angeles,German,584,5358,1,Foodies,2021-02-13
72714,DataTech Solutions,Influencer,All Ages,45 days,Website,0.1,"$9,188.00",2.53,Houston,German,848,2245,6,Foodies,2021-03-20
72719,NexGen Systems,Social Media,Men 25-34,60 days,Facebook,0.15,"$5,855.00",3.0,Houston,English,727,5189,7,Tech Enthusiasts,2021-03-25
72817,DataTech Solutions,Email,Men 25-34,60 days,Instagram,0.03,"$9,597.00",4.23,Houston,English,320,1219,7,Outdoor Adventurers,2021-07-01
72820,Alpha Innovations,Social Media,All Ages,45 days,Email,0.14,"$14,575.00",5.34,Chicago,Spanish,946,3934,8,Health & Wellness,2021-07-04
72836,DataTech Solutions,Email,Men 25-34,60 days,Google Ads,0.1,"$7,229.00",2.69,Los Angeles,English,577,5122,3,Foodies,2021-07-20
72876,Alpha Innovations,Search,All Ages,45 days,YouTube,0.02,"$9,656.00",6.33,New York,Mandarin,349,1791,7,Health & Wellness,2021-08-29
72891,DataTech Solutions,Display,Women 35-44,45 days,YouTube,0.07,"$7,567.00",4.53,Los Angeles,French,448,7080,10,Foodies,2021-09-13
72896,DataTech Solutions,Search,Men 25-34,30 days,Facebook,0.05,"$8,042.00",5.04,Chicago,German,365,3683,10,Tech Enthusiasts,2021-09-18
72900,TechCorp,Search,Women 35-44,60 days,Email,0.01,"$18,913.00",4.13,Los Angeles,German,871,1736,8,Fashionistas,2021-09-22
72913,TechCorp,Search,All Ages,60 days,Instagram,0.15,"$8,129.00",4.8,New York,Mandarin,930,7108,1,Health & Wellness,2021-10-05
72954,TechCorp,Social Media,Men 25-34,45 days,Instagram,0.07,"$19,418.00",5.44,Chicago,English,557,4842,3,Tech Enthusiasts,2021-11-15
72961,TechCorp,Social Media,All Ages,45 days,YouTube,0.05,"$9,484.00",3.42,Los Angeles,Spanish,919,6018,3,Foodies,2021-11-22
73019,TechCorp,Search,Women 25-34,60 days,Instagram,0.03,"$5,654.00",4.98,Los Angeles,Mandarin,197,5081,1,Fashionistas,2021-01-19
73061,NexGen Systems,Influencer,Women 35-44,30 days,Facebook,0.03,"$9,886.00",4.38,Miami,Spanish,209,2135,8,Health & Wellness,2021-03-02
73088,TechCorp,Email,All Ages,15 days,Instagram,0.08,"$6,488.00",4.5,Miami,French,521,6189,7,Foodies,2021-03-29
73090,Innovate Industries,Social Media,Women 25-34,30 days,Website,0.14,"$13,740.00",3.64,Chicago,Mandarin,381,4014,8,Fashionistas,2021-03-31
73189,TechCorp,Display,All Ages,60 days,Email,0.05,"$7,192.00",4.34,Los Angeles,English,299,1593,4,Tech Enthusiasts,2021-07-08
73215,Innovate Industries,Email,Women 25-34,45 days,Website,0.14,"$7,345.00",6.42,New York,English,214,9858,4,Outdoor Adventurers,2021-08-03
73268,DataTech Solutions,Influencer,All Ages,45 days,Google Ads,0.11,"$19,582.00",2.6,Chicago,French,183,7204,9,Health & Wellness,2021-09-25
73296,NexGen Systems,Display,Men 25-34,60 days,Google Ads,0.08,"$9,785.00",3.8,Los Angeles,Spanish,204,3351,9,Tech Enthusiasts,2021-10-23
73346,Innovate Industries,Influencer,Men 18-24,45 days,Website,0.09,"$15,166.00",3.48,Chicago,Mandarin,711,8586,6,Tech Enthusiasts,2021-12-12
73363,DataTech Solutions,Influencer,Men 18-24,30 days,Google Ads,0.08,"$16,583.00",2.93,Chicago,English,570,3170,1,Tech Enthusiasts,2021-12-29
73365,Innovate Industries,Display,Men 25-34,15 days,Website,0.15,"$5,277.00",8.0,New York,Spanish,511,6270,5,Foodies,2021-12-31
73441,DataTech Solutions,Search,Men 25-34,30 days,Instagram,0.05,"$14,403.00",6.55,Chicago,English,991,9638,10,Fashionistas,2021-03-17
73442,DataTech Solutions,Display,Women 25-34,60 days,Instagram,0.02,"$8,934.00",7.5,Miami,Spanish,211,8486,6,Tech Enthusiasts,2021-03-18
73500,DataTech Solutions,Social Media,Men 18-24,15 days,Google Ads,0.11,"$15,387.00",5.7,Miami,Spanish,817,5809,2,Tech Enthusiasts,2021-05-15
73709,DataTech Solutions,Social Media,All Ages,15 days,Email,0.04,"$19,855.00",7.78,Miami,Mandarin,771,1238,3,Foodies,2021-12-10
73766,Alpha Innovations,Display,Men 25-34,45 days,Website,0.11,"$11,302.00",6.88,New York,Mandarin,628,7324,7,Outdoor Adventurers,2021-02-05
73844,Innovate Industries,Email,Men 18-24,60 days,Website,0.14,"$5,304.00",3.93,Chicago,Spanish,652,6303,3,Foodies,2021-04-24
73971,Innovate Industries,Search,Men 18-24,30 days,Facebook,0.06,"$9,313.00",2.78,New York,English,557,7865,4,Fashionistas,2021-08-29
74057,TechCorp,Email,Men 25-34,15 days,YouTube,0.15,"$14,997.00",6.02,Chicago,French,911,1259,9,Tech Enthusiasts,2021-11-23
74066,NexGen Systems,Influencer,Men 18-24,60 days,Google Ads,0.09,"$7,718.00",2.53,New York,Spanish,668,6149,3,Outdoor Adventurers,2021-12-02
74106,Innovate Industries,Display,Women 25-34,15 days,Google Ads,0.01,"$6,587.00",5.0,Houston,German,982,2261,9,Tech Enthusiasts,2021-01-11
74174,Alpha Innovations,Social Media,Women 35-44,30 days,Instagram,0.1,"$19,251.00",5.87,Houston,Mandarin,380,7269,1,Foodies,2021-03-20
74204,Alpha Innovations,Email,Women 35-44,15 days,Facebook,0.03,"$13,093.00",3.86,Chicago,English,396,9737,4,Outdoor Adventurers,2021-04-19
74215,NexGen Systems,Display,All Ages,15 days,Instagram,0.08,"$18,439.00",6.12,New York,English,957,7427,5,Foodies,2021-04-30
74231,Alpha Innovations,Email,Women 25-34,45 days,Google Ads,0.1,"$15,659.00",2.54,Chicago,Spanish,953,3357,9,Outdoor Adventurers,2021-05-16
74277,DataTech Solutions,Display,Women 35-44,45 days,Website,0.04,"$5,620.00",5.71,Houston,English,131,3455,1,Foodies,2021-07-01
74285,Innovate Industries,Display,Men 25-34,45 days,Facebook,0.1,"$19,929.00",5.52,Houston,English,193,9397,2,Fashionistas,2021-07-09
74329,NexGen Systems,Email,Women 25-34,60 days,Facebook,0.13,"$15,653.00",4.33,Los Angeles,Mandarin,469,7292,5,Foodies,2021-08-22
74356,TechCorp,Influencer,Women 25-34,15 days,Google Ads,0.07,"$9,730.00",7.76,New York,German,332,9173,10,Foodies,2021-09-18
74457,NexGen Systems,Influencer,Men 18-24,45 days,Google Ads,0.1,"$19,442.00",2.21,New York,Spanish,995,7204,6,Health & Wellness,2021-12-28
74595,TechCorp,Search,Men 25-34,45 days,Google Ads,0.15,"$14,424.00",5.18,Houston,Mandarin,659,9298,9,Outdoor Adventurers,2021-05-15
74654,TechCorp,Influencer,Women 35-44,60 days,Google Ads,0.14,"$17,147.00",4.71,Miami,English,444,9638,1,Outdoor Adventurers,2021-07-13
74789,NexGen Systems,Social Media,Women 35-44,30 days,YouTube,0.14,"$16,789.00",3.22,Houston,English,345,8967,5,Fashionistas,2021-11-25
74902,Innovate Industries,Search,Women 25-34,45 days,Instagram,0.05,"$15,282.00",6.59,Chicago,Spanish,530,5600,1,Foodies,2021-03-18
74922,TechCorp,Social Media,Women 25-34,30 days,Email,0.07,"$10,547.00",7.58,Miami,German,651,1930,3,Outdoor Adventurers,2021-04-07
74947,NexGen Systems,Influencer,Women 25-34,60 days,Google Ads,0.13,"$8,224.00",5.75,Chicago,French,557,2101,8,Outdoor Adventurers,2021-05-02
75001,Innovate Industries,Social Media,Women 25-34,60 days,Instagram,0.08,"$11,335.00",4.56,Los Angeles,English,217,4742,1,Foodies,2021-06-25
75083,Alpha Innovations,Social Media,Women 35-44,15 days,Email,0.13,"$16,599.00",3.24,Chicago,Mandarin,244,5438,10,Tech Enthusiasts,2021-09-15
75111,NexGen Systems,Influencer,Women 25-34,15 days,Facebook,0.13,"$18,017.00",7.38,Los Angeles,French,757,1242,1,Tech Enthusiasts,2021-10-13
75133,Alpha Innovations,Search,Men 25-34,45 days,YouTube,0.1,"$5,014.00",6.49,New York,Mandarin,719,9950,9,Health & Wellness,2021-11-04
75222,Innovate Industries,Search,Men 18-24,15 days,Instagram,0.07,"$6,213.00",2.32,Chicago,Spanish,594,1929,9,Outdoor Adventurers,2021-02-01
75228,Alpha Innovations,Influencer,Women 25-34,60 days,Instagram,0.07,"$14,541.00",6.26,Los Angeles,German,829,2432,5,Tech Enthusiasts,2021-02-07
75236,TechCorp,Social Media,Men 18-24,60 days,Website,0.05,"$11,429.00",3.15,New York,German,849,5354,6,Outdoor Adventurers,2021-02-15
75359,NexGen Systems,Search,Men 25-34,60 days,Facebook,0.15,"$16,205.00",7.6,Houston,Spanish,828,8633,6,Health & Wellness,2021-06-18
75375,TechCorp,Social Media,Women 25-34,60 days,Facebook,0.11,"$16,396.00",5.79,New York,German,387,9815,9,Fashionistas,2021-07-04
75431,TechCorp,Display,Women 25-34,30 days,Instagram,0.14,"$7,790.00",3.87,New York,English,418,3773,9,Outdoor Adventurers,2021-08-29
75453,Innovate Industries,Social Media,Men 18-24,60 days,Instagram,0.02,"$11,265.00",4.9,Los Angeles,German,501,5768,7,Tech Enthusiasts,2021-09-20
75456,NexGen Systems,Email,All Ages,45 days,Google Ads,0.08,"$18,099.00",3.63,Miami,Mandarin,724,5534,2,Tech Enthusiasts,2021-09-23
75493,Innovate Industries,Email,Women 35-44,45 days,Instagram,0.14,"$18,187.00",3.73,New York,English,297,1763,8,Fashionistas,2021-10-30
75510,NexGen Systems,Influencer,Men 25-34,45 days,Facebook,0.03,"$6,260.00",7.32,Los Angeles,French,886,1339,6,Tech Enthusiasts,2021-11-16
75527,Innovate Industries,Search,Women 35-44,45 days,YouTube,0.13,"$17,604.00",3.23,New York,Spanish,807,2057,9,Foodies,2021-12-03
75566,DataTech Solutions,Display,Women 35-44,45 days,Instagram,0.12,"$8,580.00",2.69,Chicago,English,564,2857,2,Outdoor Adventurers,2021-01-11
75584,Innovate Industries,Search,Men 18-24,60 days,Facebook,0.04,"$16,812.00",7.1,Chicago,Mandarin,246,7351,8,Fashionistas,2021-01-29
75614,Innovate Industries,Social Media,Women 25-34,60 days,Google Ads,0.06,"$11,315.00",3.6,Miami,Spanish,867,6644,10,Foodies,2021-02-28
75660,Innovate Industries,Social Media,All Ages,15 days,Instagram,0.1,"$12,229.00",6.08,New York,French,199,4865,9,Fashionistas,2021-04-15
75666,TechCorp,Search,Men 25-34,60 days,Email,0.14,"$6,513.00",6.46,Miami,German,615,8283,5,Outdoor Adventurers,2021-04-21
75672,TechCorp,Social Media,Men 18-24,30 days,Google Ads,0.08,"$17,014.00",4.52,New York,English,337,1313,1,Tech Enthusiasts,2021-04-27
75722,NexGen Systems,Search,Women 35-44,60 days,Facebook,0.1,"$19,766.00",5.65,Houston,French,931,1859,9,Foodies,2021-06-16
75764,Innovate Industries,Social Media,Men 25-34,30 days,Instagram,0.13,"$10,293.00",2.22,Houston,Spanish,524,6520,1,Fashionistas,2021-07-28
75807,TechCorp,Influencer,Men 25-34,30 days,Google Ads,0.14,"$10,321.00",7.25,Miami,German,229,8981,5,Outdoor Adventurers,2021-09-09
75937,Innovate Industries,Email,Men 18-24,30 days,Website,0.05,"$5,731.00",5.81,New York,French,859,4130,7,Health & Wellness,2021-01-17
75968,Innovate Industries,Search,Men 25-34,45 days,YouTube,0.07,"$10,146.00",4.44,New York,English,980,2621,10,Foodies,2021-02-17
75986,Innovate Industries,Display,Men 18-24,15 days,Google Ads,0.07,"$8,589.00",4.14,Houston,German,362,7558,3,Tech Enthusiasts,2021-03-07
76092,NexGen Systems,Display,Men 25-34,45 days,Website,0.15,"$19,041.00",3.13,Miami,French,402,7317,10,Foodies,2021-06-21
76148,DataTech Solutions,Display,All Ages,45 days,Website,0.14,"$10,042.00",5.51,New York,German,879,3697,1,Fashionistas,2021-08-16
76153,NexGen Systems,Display,All Ages,60 days,Instagram,0.05,"$12,798.00",6.48,Miami,French,889,9728,10,Tech Enthusiasts,2021-08-21
76157,NexGen Systems,Email,Women 25-34,60 days,Email,0.05,"$11,939.00",2.23,Houston,German,149,3875,4,Fashionistas,2021-08-25
76197,TechCorp,Display,Men 25-34,60 days,YouTube,0.04,"$5,068.00",4.15,Chicago,English,677,6540,9,Fashionistas,2021-10-04
76213,DataTech Solutions,Email,All Ages,30 days,Email,0.01,"$5,699.00",2.13,Los Angeles,English,310,4899,1,Health & Wellness,2021-10-20
76260,Innovate Industries,Influencer,Men 25-34,30 days,Email,0.06,"$14,634.00",6.54,Houston,Spanish,375,4738,9,Foodies,2021-12-06
76302,TechCorp,Search,Women 25-34,45 days,Instagram,0.08,"$15,192.00",2.96,Houston,Mandarin,157,4462,10,Foodies,2021-01-17
76305,Alpha Innovations,Search,Men 25-34,60 days,Website,0.05,"$7,019.00",2.13,New York,Spanish,453,3401,1,Health & Wellness,2021-01-20
76310,Innovate Industries,Email,All Ages,45 days,Facebook,0.12,"$5,392.00",6.48,Miami,Mandarin,384,2543,1,Health & Wellness,2021-01-25
76317,DataTech Solutions,Social Media,Men 18-24,45 days,Google Ads,0.02,"$14,810.00",6.0,Chicago,English,803,7550,10,Tech Enthusiasts,2021-02-01
76418,Alpha Innovations,Social Media,Women 35-44,60 days,YouTube,0.08,"$14,001.00",3.29,Los Angeles,French,753,6554,7,Outdoor Adventurers,2021-05-13
76424,NexGen Systems,Display,Men 25-34,45 days,Email,0.13,"$14,836.00",5.68,Los Angeles,German,674,9128,8,Foodies,2021-05-19
76456,NexGen Systems,Influencer,All Ages,45 days,Email,0.01,"$18,551.00",7.34,Miami,Mandarin,714,3277,8,Outdoor Adventurers,2021-06-20
76500,NexGen Systems,Display,Men 18-24,15 days,Website,0.05,"$10,368.00",6.76,Los Angeles,French,720,9619,6,Foodies,2021-08-03
76501,TechCorp,Influencer,Women 25-34,45 days,Google Ads,0.02,"$9,433.00",2.9,Chicago,English,625,9192,4,Foodies,2021-08-04
76602,TechCorp,Email,Women 35-44,30 days,YouTube,0.13,"$14,009.00",3.18,Miami,English,511,5255,4,Tech Enthusiasts,2021-11-13
76706,DataTech Solutions,Email,Men 18-24,30 days,Google Ads,0.04,"$5,368.00",2.45,New York,Mandarin,409,8420,1,Health & Wellness,2021-02-25
76761,Innovate Industries,Search,Women 35-44,15 days,YouTube,0.09,"$16,814.00",5.37,Los Angeles,English,300,1831,1,Fashionistas,2021-04-21
76803,TechCorp,Display,Women 25-34,30 days,YouTube,0.09,"$19,417.00",6.54,Miami,Spanish,694,3691,8,Foodies,2021-06-02
77095,Innovate Industries,Search,Men 18-24,15 days,Google Ads,0.07,"$13,537.00",2.74,Houston,English,684,9821,4,Outdoor Adventurers,2021-03-21
77136,Alpha Innovations,Search,Women 25-34,45 days,Facebook,0.05,"$5,802.00",3.27,Chicago,English,115,5000,2,Outdoor Adventurers,2021-05-01
77162,Innovate Industries,Social Media,All Ages,30 days,Facebook,0.14,"$17,499.00",6.05,Chicago,Mandarin,503,4244,9,Foodies,2021-05-27
77199,TechCorp,Display,Men 25-34,30 days,YouTube,0.12,"$5,927.00",6.26,Los Angeles,English,941,6463,2,Fashionistas,2021-07-03
77206,Alpha Innovations,Influencer,Men 25-34,45 days,YouTube,0.02,"$8,725.00",7.92,Los Angeles,German,104,1602,3,Outdoor Adventurers,2021-07-10
77331,Alpha Innovations,Social Media,Women 35-44,45 days,Facebook,0.11,"$13,925.00",7.65,Los Angeles,French,386,1322,1,Foodies,2021-11-12
77359,DataTech Solutions,Display,All Ages,45 days,Email,0.13,"$13,032.00",7.85,Los Angeles,German,993,8714,5,Outdoor Adventurers,2021-12-10
77373,TechCorp,Influencer,Men 25-34,15 days,YouTube,0.05,"$8,669.00",3.41,Los Angeles,German,855,3731,4,Outdoor Adventurers,2021-12-24
77387,Alpha Innovations,Influencer,Women 35-44,60 days,Google Ads,0.12,"$12,860.00",5.53,Houston,English,505,7516,9,Health & Wellness,2021-01-07
77393,TechCorp,Email,Women 35-44,30 days,Instagram,0.04,"$8,859.00",6.93,Los Angeles,German,636,4787,6,Fashionistas,2021-01-13
77404,DataTech Solutions,Influencer,All Ages,60 days,Instagram,0.06,"$5,380.00",6.12,Chicago,Spanish,507,2685,9,Foodies,2021-01-24
77520,DataTech Solutions,Search,All Ages,60 days,Email,0.03,"$9,596.00",2.84,New York,Mandarin,830,8340,10,Outdoor Adventurers,2021-05-20
77571,Alpha Innovations,Email,Women 25-34,30 days,Google Ads,0.02,"$12,752.00",6.72,Houston,French,1000,9446,3,Health & Wellness,2021-07-10
77578,TechCorp,Search,Women 25-34,60 days,YouTube,0.14,"$14,753.00",4.77,Los Angeles,French,152,3078,9,Outdoor Adventurers,2021-07-17
77722,Innovate Industries,Influencer,Men 18-24,60 days,Google Ads,0.05,"$18,302.00",3.89,Houston,English,152,3332,9,Outdoor Adventurers,2021-12-08
77727,NexGen Systems,Email,Men 18-24,30 days,Facebook,0.07,"$9,572.00",7.41,Los Angeles,Mandarin,869,3671,6,Outdoor Adventurers,2021-12-13
77778,DataTech Solutions,Social Media,All Ages,60 days,Instagram,0.07,"$16,190.00",6.18,Los Angeles,Mandarin,202,8579,4,Health & Wellness,2021-02-02
77794,Alpha Innovations,Search,Women 35-44,45 days,Instagram,0.14,"$17,567.00",2.78,Los Angeles,French,483,6064,8,Tech Enthusiasts,2021-02-18
77799,Alpha Innovations,Social Media,Men 25-34,30 days,YouTube,0.08,"$13,268.00",7.98,Houston,German,916,7788,8,Fashionistas,2021-02-23
77802,NexGen Systems,Social Media,Men 25-34,45 days,Instagram,0.13,"$6,165.00",7.71,Houston,French,244,7567,3,Foodies,2021-02-26
77883,Alpha Innovations,Email,Men 25-34,60 days,YouTube,0.13,"$5,568.00",6.82,Los Angeles,French,860,7613,6,Tech Enthusiasts,2021-05-18
77902,Alpha Innovations,Social Media,Women 25-34,15 days,Facebook,0.08,"$9,231.00",4.54,Houston,German,542,2963,3,Outdoor Adventurers,2021-06-06
77916,NexGen Systems,Influencer,Men 25-34,30 days,Google Ads,0.11,"$14,871.00",2.49,Houston,German,150,1780,3,Foodies,2021-06-20
77969,DataTech Solutions,Email,Women 25-34,30 days,Website,0.03,"$15,893.00",4.43,Houston,Spanish,602,8293,8,Tech Enthusiasts,2021-08-12
77979,NexGen Systems,Social Media,Women 25-34,30 days,Email,0.12,"$18,368.00",7.34,Miami,English,524,4180,8,Tech Enthusiasts,2021-08-22
78018,TechCorp,Social Media,Women 25-34,30 days,YouTube,0.14,"$8,804.00",3.25,Houston,Spanish,267,9811,4,Fashionistas,2021-09-30
78058,TechCorp,Email,Women 35-44,45 days,Facebook,0.02,"$18,271.00",3.08,New York,German,448,2891,8,Outdoor Adventurers,2021-11-09
78082,Innovate Industries,Influencer,Women 35-44,15 days,Google Ads,0.07,"$8,522.00",3.85,Miami,Mandarin,774,3111,5,Fashionistas,2021-12-03
78308,Alpha Innovations,Social Media,Men 18-24,15 days,Email,0.04,"$10,051.00",2.14,New York,Spanish,237,5712,5,Outdoor Adventurers,2021-07-17
78339,NexGen Systems,Social Media,Men 18-24,15 days,Website,0.1,"$10,347.00",2.42,New York,English,697,7312,6,Tech Enthusiasts,2021-08-17
78365,Innovate Industries,Social Media,Women 25-34,15 days,Instagram,0.09,"$13,868.00",2.08,Miami,English,212,7233,7,Health & Wellness,2021-09-12
78370,TechCorp,Search,Men 25-34,45 days,Google Ads,0.08,"$19,224.00",3.53,New York,Spanish,495,4800,6,Outdoor Adventurers,2021-09-17
78426,Alpha Innovations,Social Media,Women 25-34,15 days,Email,0.11,"$19,688.00",7.53,Houston,Spanish,262,8080,10,Foodies,2021-11-12
78429,Alpha Innovations,Email,Women 35-44,30 days,Facebook,0.14,"$7,497.00",7.97,Chicago,French,526,9255,2,Tech Enthusiasts,2021-11-15
78447,Alpha Innovations,Search,Women 35-44,60 days,Website,0.02,"$12,527.00",4.7,New York,Spanish,663,3044,7,Fashionistas,2021-12-03
78448,TechCorp,Influencer,All Ages,30 days,Facebook,0.03,"$12,160.00",4.94,New York,English,378,4063,6,Health & Wellness,2021-12-04
78459,Innovate Industries,Search,Men 18-24,30 days,YouTube,0.03,"$8,301.00",2.93,Chicago,Mandarin,493,9481,9,Outdoor Adventurers,2021-12-15
78474,DataTech Solutions,Influencer,Women 35-44,60 days,Instagram,0.1,"$17,090.00",4.97,Chicago,French,332,9110,6,Outdoor Adventurers,2021-12-30
78483,TechCorp,Influencer,All Ages,15 days,Facebook,0.09,"$15,369.00",4.87,Miami,English,408,2067,3,Outdoor Adventurers,2021-01-08
78492,NexGen Systems,Email,Women 35-44,15 days,Website,0.14,"$15,715.00",4.95,Miami,German,440,2154,5,Foodies,2021-01-17
78520,NexGen Systems,Social Media,Men 18-24,30 days,Google Ads,0.05,"$5,516.00",6.11,Houston,German,129,6804,1,Foodies,2021-02-14
78521,Alpha Innovations,Email,Women 25-34,60 days,Instagram,0.11,"$18,146.00",6.08,Los Angeles,English,246,7531,2,Tech Enthusiasts,2021-02-15
78525,Alpha Innovations,Search,Men 25-34,45 days,Google Ads,0.07,"$15,293.00",7.21,Miami,German,122,3125,10,Foodies,2021-02-19
78563,Innovate Industries,Email,Men 25-34,30 days,Facebook,0.07,"$10,399.00",2.87,Miami,Mandarin,608,1163,3,Fashionistas,2021-03-29
78583,NexGen Systems,Social Media,All Ages,45 days,Website,0.1,"$14,846.00",5.21,Chicago,English,249,5733,8,Outdoor Adventurers,2021-04-18
78584,Innovate Industries,Influencer,Men 25-34,15 days,Instagram,0.13,"$11,977.00",2.88,New York,Spanish,683,1425,5,Foodies,2021-04-19
78623,TechCorp,Social Media,Women 35-44,30 days,Email,0.09,"$6,152.00",7.33,Los Angeles,French,783,6712,5,Foodies,2021-05-28
78631,NexGen Systems,Social Media,Men 25-34,60 days,YouTube,0.14,"$18,885.00",7.18,Los Angeles,German,635,8771,3,Health & Wellness,2021-06-05
78666,DataTech Solutions,Email,Men 18-24,15 days,Facebook,0.08,"$14,726.00",5.92,Los Angeles,Mandarin,268,7513,7,Foodies,2021-07-10
78802,NexGen Systems,Email,Women 35-44,15 days,Website,0.08,"$16,601.00",7.28,New York,Spanish,492,3928,5,Fashionistas,2021-11-23
78814,Alpha Innovations,Influencer,All Ages,15 days,Facebook,0.03,"$8,621.00",2.63,Los Angeles,Spanish,377,7337,10,Tech Enthusiasts,2021-12-05
78998,DataTech Solutions,Social Media,Men 25-34,30 days,Instagram,0.12,"$14,831.00",7.27,Chicago,Mandarin,574,6086,4,Foodies,2021-06-07
79013,Alpha Innovations,Display,Women 25-34,60 days,Email,0.08,"$17,427.00",6.03,Houston,English,705,1847,4,Foodies,2021-06-22
79017,Alpha Innovations,Influencer,All Ages,30 days,Email,0.01,"$15,682.00",3.95,Los Angeles,German,556,1328,8,Tech Enthusiasts,2021-06-26
79021,DataTech Solutions,Search,Women 25-34,15 days,Instagram,0.1,"$11,906.00",3.99,New York,English,110,4307,1,Fashionistas,2021-06-30
79094,Innovate Industries,Email,Women 25-34,45 days,Google Ads,0.12,"$14,235.00",5.8,Houston,German,572,9698,6,Outdoor Adventurers,2021-09-11
79127,Alpha Innovations,Social Media,All Ages,60 days,Google Ads,0.03,"$9,162.00",2.57,Chicago,French,893,8374,7,Tech Enthusiasts,2021-10-14
79131,TechCorp,Email,Women 25-34,30 days,Email,0.03,"$6,895.00",6.56,Chicago,French,693,5887,5,Tech Enthusiasts,2021-10-18
79137,DataTech Solutions,Influencer,Men 25-34,30 days,Facebook,0.13,"$7,614.00",5.67,Los Angeles,Mandarin,507,7520,4,Tech Enthusiasts,2021-10-24
79161,NexGen Systems,Email,Women 25-34,45 days,Website,0.11,"$5,926.00",2.62,Houston,Mandarin,663,6963,1,Fashionistas,2021-11-17
79182,Alpha Innovations,Search,Men 25-34,15 days,YouTube,0.15,"$9,879.00",5.22,Miami,German,324,6664,6,Foodies,2021-12-08
79249,DataTech Solutions,Social Media,Men 25-34,45 days,Google Ads,0.11,"$5,659.00",2.89,New York,German,322,7757,8,Fashionistas,2021-02-13
79288,Alpha Innovations,Social Media,All Ages,15 days,Instagram,0.1,"$12,037.00",5.14,New York,Mandarin,214,1446,3,Fashionistas,2021-03-24
79355,NexGen Systems,Email,Men 18-24,60 days,Website,0.11,"$12,335.00",2.1,Houston,Spanish,850,8930,8,Health & Wellness,2021-05-30
79379,NexGen Systems,Display,Women 25-34,45 days,Website,0.05,"$7,941.00",5.63,Chicago,Mandarin,391,9347,10,Foodies,2021-06-23
79485,NexGen Systems,Display,All Ages,30 days,Facebook,0.05,"$14,500.00",2.58,Chicago,German,870,1584,10,Outdoor Adventurers,2021-10-07
79537,Innovate Industries,Email,Men 18-24,60 days,Email,0.12,"$8,222.00",7.8,Houston,French,122,8602,6,Foodies,2021-11-28
79577,DataTech Solutions,Social Media,Women 25-34,15 days,YouTube,0.1,"$9,384.00",6.5,Houston,Spanish,718,6130,9,Outdoor Adventurers,2021-01-07
79578,Innovate Industries,Email,All Ages,15 days,YouTube,0.09,"$13,725.00",7.38,New York,English,662,9314,2,Outdoor Adventurers,2021-01-08
79590,TechCorp,Influencer,All Ages,60 days,Facebook,0.12,"$6,786.00",6.9,Los Angeles,English,687,7357,3,Health & Wellness,2021-01-20
79596,Alpha Innovations,Influencer,All Ages,30 days,Google Ads,0.01,"$11,050.00",6.87,Houston,German,200,5560,9,Outdoor Adventurers,2021-01-26
79639,TechCorp,Display,Men 18-24,60 days,Instagram,0.03,"$17,938.00",7.63,Chicago,French,702,8728,9,Outdoor Adventurers,2021-03-10
79648,Alpha Innovations,Display,Women 25-34,60 days,Google Ads,0.03,"$7,836.00",5.32,Chicago,English,593,7286,5,Tech Enthusiasts,2021-03-19
79688,Alpha Innovations,Social Media,Women 25-34,15 days,Instagram,0.02,"$6,984.00",7.59,New York,English,946,6351,6,Fashionistas,2021-04-28
79694,Innovate Industries,Email,Men 18-24,60 days,YouTube,0.1,"$10,408.00",6.36,Chicago,Spanish,790,1906,1,Tech Enthusiasts,2021-05-04
79714,NexGen Systems,Influencer,Men 18-24,60 days,Facebook,0.12,"$15,435.00",2.38,New York,Mandarin,281,4689,5,Foodies,2021-05-24
79760,Alpha Innovations,Influencer,Men 25-34,30 days,Website,0.02,"$5,799.00",2.61,Los Angeles,German,514,7402,10,Fashionistas,2021-07-09
79784,NexGen Systems,Display,Women 35-44,15 days,Google Ads,0.03,"$16,801.00",6.14,Chicago,German,682,8227,8,Health & Wellness,2021-08-02
79813,NexGen Systems,Search,Women 35-44,60 days,Google Ads,0.03,"$12,282.00",3.87,Chicago,Spanish,264,5652,1,Health & Wellness,2021-08-31
79858,DataTech Solutions,Email,Men 18-24,30 days,YouTube,0.02,"$5,190.00",4.01,Miami,German,952,8263,6,Health & Wellness,2021-10-15
79876,TechCorp,Social Media,Men 25-34,45 days,Google Ads,0.06,"$15,454.00",6.89,Chicago,German,114,1092,3,Foodies,2021-11-02
79899,Innovate Industries,Email,Women 25-34,60 days,Google Ads,0.15,"$11,080.00",6.27,New York,Mandarin,634,7082,9,Outdoor Adventurers,2021-11-25
79959,NexGen Systems,Email,All Ages,30 days,Facebook,0.07,"$7,264.00",3.57,New York,French,131,2039,6,Fashionistas,2021-01-24
79963,NexGen Systems,Display,Men 25-34,60 days,Website,0.11,"$16,640.00",7.15,Chicago,French,540,6930,6,Health & Wellness,2021-01-28
79983,NexGen Systems,Influencer,Men 25-34,45 days,YouTube,0.11,"$5,801.00",5.37,New York,French,125,2649,5,Health & Wellness,2021-02-17
79991,Innovate Industries,Display,Men 25-34,30 days,Email,0.14,"$17,040.00",5.57,Miami,English,186,1902,1,Outdoor Adventurers,2021-02-25
80052,TechCorp,Search,Men 18-24,60 days,Facebook,0.11,"$15,765.00",3.54,Miami,German,332,5908,8,Health & Wellness,2021-04-27
80082,DataTech Solutions,Display,Men 18-24,30 days,Facebook,0.12,"$18,162.00",7.68,Miami,Spanish,138,5996,5,Tech Enthusiasts,2021-05-27
80101,TechCorp,Influencer,Men 25-34,15 days,Facebook,0.05,"$14,124.00",6.65,Houston,German,338,9266,8,Foodies,2021-06-15
80106,Innovate Industries,Search,Women 35-44,45 days,Google Ads,0.12,"$17,802.00",7.23,Los Angeles,Spanish,334,6989,3,Outdoor Adventurers,2021-06-20
80119,NexGen Systems,Search,Women 25-34,60 days,Facebook,0.09,"$5,589.00",4.83,Miami,Mandarin,587,5247,8,Foodies,2021-07-03
80173,DataTech Solutions,Search,Women 35-44,45 days,Instagram,0.05,"$16,163.00",4.26,Miami,Mandarin,310,5855,5,Health & Wellness,2021-08-26
80183,NexGen Systems,Search,Women 35-44,45 days,Instagram,0.03,"$10,054.00",2.34,Chicago,German,518,2989,2,Outdoor Adventurers,2021-09-05
80187,NexGen Systems,Search,All Ages,60 days,YouTube,0.13,"$6,415.00",3.31,Houston,Mandarin,562,3204,8,Foodies,2021-09-09
80299,DataTech Solutions,Influencer,Men 18-24,30 days,Google Ads,0.14,"$13,728.00",6.84,Miami,French,203,1676,7,Foodies,2021-12-30
80324,NexGen Systems,Social Media,Women 35-44,30 days,Instagram,0.06,"$14,925.00",2.51,Los Angeles,Mandarin,590,2430,5,Fashionistas,2021-01-24
80448,TechCorp,Email,Men 25-34,60 days,Google Ads,0.12,"$11,035.00",3.99,New York,French,574,1191,10,Health & Wellness,2021-05-28
80570,NexGen Systems,Influencer,Women 25-34,15 days,Website,0.06,"$13,003.00",5.35,New York,English,766,3750,5,Foodies,2021-09-27
80591,Alpha Innovations,Search,Men 25-34,60 days,Instagram,0.13,"$8,924.00",3.67,Chicago,German,627,1499,10,Foodies,2021-10-18
80603,TechCorp,Display,Women 25-34,15 days,Google Ads,0.14,"$8,762.00",2.45,New York,Mandarin,346,6216,10,Tech Enthusiasts,2021-10-30
80662,Alpha Innovations,Email,Women 35-44,30 days,Instagram,0.12,"$18,902.00",6.42,Miami,English,435,1074,10,Outdoor Adventurers,2021-12-28
80664,TechCorp,Social Media,All Ages,45 days,YouTube,0.1,"$17,753.00",5.93,Miami,French,374,7449,7,Tech Enthusiasts,2021-12-30
80684,DataTech Solutions,Social Media,Women 25-34,15 days,YouTube,0.04,"$9,639.00",5.62,Miami,Spanish,321,4031,2,Health & Wellness,2021-01-19
80729,Innovate Industries,Search,All Ages,45 days,YouTube,0.07,"$19,211.00",7.56,New York,French,871,4313,3,Health & Wellness,2021-03-05
80763,Innovate Industries,Influencer,Men 18-24,15 days,YouTube,0.05,"$12,089.00",4.69,Los Angeles,French,143,8031,3,Foodies,2021-04-08
80919,DataTech Solutions,Display,All Ages,15 days,Website,0.11,"$15,803.00",7.91,Chicago,English,667,8345,3,Tech Enthusiasts,2021-09-11
80927,DataTech Solutions,Email,All Ages,60 days,Facebook,0.11,"$9,532.00",7.75,New York,Spanish,610,8029,2,Tech Enthusiasts,2021-09-19
81024,Alpha Innovations,Search,Men 18-24,15 days,Facebook,0.14,"$19,988.00",5.45,Houston,English,136,6594,1,Outdoor Adventurers,2021-12-25
81091,NexGen Systems,Social Media,Men 18-24,60 days,Email,0.01,"$12,310.00",5.53,Chicago,Spanish,992,6473,4,Outdoor Adventurers,2021-03-02
81237,Alpha Innovations,Influencer,Men 25-34,45 days,YouTube,0.12,"$9,581.00",4.77,Los Angeles,French,103,5409,7,Outdoor Adventurers,2021-07-26
81240,Alpha Innovations,Social Media,Men 25-34,45 days,YouTube,0.12,"$18,362.00",5.32,Chicago,French,581,4653,6,Health & Wellness,2021-07-29
81253,DataTech Solutions,Social Media,Women 35-44,15 days,YouTube,0.14,"$8,201.00",4.92,Houston,Mandarin,935,9159,10,Fashionistas,2021-08-11
81336,NexGen Systems,Social Media,All Ages,60 days,Email,0.07,"$6,649.00",7.34,Chicago,French,593,1606,6,Outdoor Adventurers,2021-11-02
81409,NexGen Systems,Social Media,Women 35-44,30 days,Facebook,0.02,"$17,423.00",6.92,Miami,German,192,1079,7,Foodies,2021-01-14
81414,DataTech Solutions,Email,Women 25-34,45 days,Instagram,0.11,"$8,778.00",3.68,Miami,French,874,7531,10,Tech Enthusiasts,2021-01-19
81505,NexGen Systems,Social Media,All Ages,45 days,Website,0.05,"$16,366.00",7.76,Los Angeles,German,252,3756,1,Outdoor Adventurers,2021-04-20
81529,TechCorp,Display,Women 35-44,30 days,Instagram,0.02,"$7,903.00",2.22,Chicago,French,218,3253,1,Tech Enthusiasts,2021-05-14
81612,DataTech Solutions,Social Media,Women 25-34,60 days,Email,0.04,"$15,518.00",4.41,New York,English,222,6966,8,Fashionistas,2021-08-05
81624,Innovate Industries,Influencer,All Ages,15 days,Instagram,0.02,"$16,993.00",7.73,Houston,Spanish,156,4276,9,Health & Wellness,2021-08-17
81628,Innovate Industries,Search,Women 25-34,45 days,Website,0.11,"$9,114.00",3.4,Chicago,Mandarin,502,2053,6,Foodies,2021-08-21
81660,Alpha Innovations,Search,All Ages,15 days,YouTube,0.09,"$11,556.00",3.29,New York,Mandarin,874,8677,3,Foodies,2021-09-22
81676,NexGen Systems,Display,Men 25-34,60 days,Instagram,0.02,"$5,598.00",6.69,Houston,French,194,1332,2,Foodies,2021-10-08
81714,DataTech Solutions,Email,Men 25-34,30 days,Instagram,0.05,"$10,935.00",4.96,Houston,French,776,4128,8,Outdoor Adventurers,2021-11-15
81730,Innovate Industries,Display,All Ages,30 days,Website,0.02,"$9,898.00",6.08,Chicago,German,225,1455,9,Health & Wellness,2021-12-01
81805,Innovate Industries,Social Media,Men 25-34,60 days,Instagram,0.01,"$19,737.00",6.13,Miami,French,412,6080,7,Fashionistas,2021-02-14
81821,TechCorp,Search,Men 18-24,30 days,Google Ads,0.09,"$15,258.00",7.65,Miami,Spanish,773,3019,4,Fashionistas,2021-03-02
81831,DataTech Solutions,Influencer,Men 25-34,45 days,Instagram,0.01,"$15,298.00",4.71,Los Angeles,German,481,1239,10,Tech Enthusiasts,2021-03-12
81858,NexGen Systems,Email,Women 25-34,15 days,Facebook,0.07,"$7,760.00",3.98,Chicago,French,285,6323,5,Tech Enthusiasts,2021-04-08
81909,NexGen Systems,Display,Men 18-24,15 days,Instagram,0.01,"$7,183.00",4.84,Houston,German,852,7721,6,Foodies,2021-05-29
81916,Innovate Industries,Search,Women 25-34,15 days,YouTube,0.02,"$18,447.00",2.13,Chicago,French,465,9991,9,Health & Wellness,2021-06-05
81919,Alpha Innovations,Search,All Ages,30 days,Website,0.06,"$14,123.00",4.97,New York,Spanish,524,3573,10,Foodies,2021-06-08
81937,NexGen Systems,Display,Men 18-24,45 days,Email,0.02,"$13,218.00",6.94,Houston,English,546,9395,2,Tech Enthusiasts,2021-06-26
82020,DataTech Solutions,Search,Men 25-34,15 days,Email,0.11,"$7,012.00",4.66,Los Angeles,German,138,1067,10,Fashionistas,2021-09-17
82176,NexGen Systems,Email,Women 35-44,30 days,Facebook,0.12,"$5,522.00",4.56,Chicago,French,243,3328,3,Foodies,2021-02-20
82309,Alpha Innovations,Email,Women 25-34,45 days,Instagram,0.14,"$12,851.00",6.67,Houston,German,156,6383,7,Outdoor Adventurers,2021-07-03
82322,TechCorp,Influencer,All Ages,30 days,Instagram,0.02,"$19,095.00",3.73,Miami,Mandarin,172,6544,9,Tech Enthusiasts,2021-07-16
82375,TechCorp,Display,All Ages,15 days,Instagram,0.15,"$18,480.00",6.74,New York,German,889,3537,6,Foodies,2021-09-07
82556,TechCorp,Display,Men 25-34,15 days,YouTube,0.05,"$10,298.00",4.54,Houston,Spanish,990,8159,5,Fashionistas,2021-03-07
82708,Innovate Industries,Influencer,Men 25-34,60 days,Google Ads,0.01,"$14,812.00",3.06,Miami,English,358,1319,7,Fashionistas,2021-08-06
82711,Alpha Innovations,Display,Women 25-34,15 days,Instagram,0.02,"$17,796.00",5.03,Houston,Mandarin,998,6418,9,Foodies,2021-08-09
82715,TechCorp,Search,Women 25-34,30 days,Website,0.02,"$11,416.00",4.77,Chicago,German,317,7533,4,Tech Enthusiasts,2021-08-13
82778,NexGen Systems,Influencer,Men 18-24,30 days,Website,0.05,"$10,366.00",5.51,Los Angeles,French,990,9914,5,Tech Enthusiasts,2021-10-15
82784,DataTech Solutions,Email,Women 25-34,15 days,Website,0.05,"$19,941.00",5.54,Chicago,German,467,5890,4,Tech Enthusiasts,2021-10-21
82798,Innovate Industries,Social Media,Men 25-34,15 days,Instagram,0.13,"$16,930.00",2.21,Los Angeles,Spanish,931,7216,8,Foodies,2021-11-04
82828,NexGen Systems,Email,All Ages,60 days,Email,0.08,"$6,843.00",5.69,New York,English,721,9988,10,Foodies,2021-12-04
82872,DataTech Solutions,Search,Men 25-34,15 days,Google Ads,0.07,"$8,372.00",5.36,Houston,German,611,7600,3,Foodies,2021-01-17
82903,Innovate Industries,Email,Men 25-34,60 days,Instagram,0.05,"$6,163.00",4.19,Los Angeles,German,949,7051,9,Foodies,2021-02-17
82942,NexGen Systems,Influencer,All Ages,15 days,YouTube,0.01,"$16,239.00",5.85,Miami,French,261,8053,5,Outdoor Adventurers,2021-03-28
82977,Innovate Industries,Influencer,All Ages,60 days,Email,0.02,"$17,092.00",7.15,Houston,Mandarin,839,7866,2,Foodies,2021-05-02
83011,Alpha Innovations,Display,Men 25-34,30 days,YouTube,0.03,"$16,100.00",7.04,New York,Spanish,104,2804,8,Tech Enthusiasts,2021-06-05
83120,NexGen Systems,Influencer,Men 25-34,15 days,Email,0.13,"$12,328.00",5.73,Miami,Mandarin,469,5096,9,Fashionistas,2021-09-22
83129,Innovate Industries,Social Media,Women 25-34,45 days,Email,0.02,"$12,339.00",2.76,New York,English,360,5497,4,Outdoor Adventurers,2021-10-01
83160,Alpha Innovations,Social Media,Women 35-44,15 days,Instagram,0.12,"$12,648.00",5.01,Chicago,English,833,8639,8,Outdoor Adventurers,2021-11-01
83228,TechCorp,Email,Women 25-34,30 days,Facebook,0.11,"$5,571.00",3.76,Houston,Spanish,548,5674,5,Tech Enthusiasts,2021-01-08
83267,NexGen Systems,Search,Men 18-24,30 days,Instagram,0.04,"$8,293.00",2.69,Los Angeles,English,313,1067,3,Health & Wellness,2021-02-16
83331,TechCorp,Search,Men 25-34,60 days,Facebook,0.14,"$16,368.00",4.82,Houston,Spanish,836,1714,10,Tech Enthusiasts,2021-04-21
83374,TechCorp,Social Media,Women 25-34,15 days,Google Ads,0.03,"$9,881.00",7.68,Los Angeles,Spanish,251,4247,4,Fashionistas,2021-06-03
83417,TechCorp,Search,Men 18-24,60 days,Email,0.04,"$9,648.00",6.11,Los Angeles,English,352,5546,2,Tech Enthusiasts,2021-07-16
83429,Alpha Innovations,Search,Men 18-24,45 days,Email,0.14,"$6,877.00",6.49,New York,German,571,6146,2,Foodies,2021-07-28
83445,TechCorp,Search,Men 25-34,15 days,Email,0.08,"$13,255.00",2.25,Miami,German,514,5797,2,Health & Wellness,2021-08-13
83467,NexGen Systems,Social Media,Women 25-34,45 days,Instagram,0.1,"$9,221.00",4.78,Chicago,German,618,9738,1,Tech Enthusiasts,2021-09-04
83579,Innovate Industries,Search,Women 35-44,15 days,Google Ads,0.04,"$11,183.00",6.33,New York,German,966,2865,8,Health & Wellness,2021-12-25
83593,Innovate Industries,Search,Women 35-44,15 days,YouTube,0.06,"$15,660.00",4.23,Houston,German,590,6040,7,Tech Enthusiasts,2021-01-08
83668,TechCorp,Display,Men 18-24,60 days,YouTube,0.1,"$18,079.00",4.16,Houston,French,192,6261,3,Fashionistas,2021-03-24
83679,Alpha Innovations,Display,Men 25-34,30 days,Instagram,0.08,"$15,626.00",6.15,Chicago,German,438,7494,6,Outdoor Adventurers,2021-04-04
83702,NexGen Systems,Display,Women 35-44,30 days,Facebook,0.12,"$17,703.00",5.8,Houston,Spanish,960,4479,2,Tech Enthusiasts,2021-04-27
83719,Alpha Innovations,Social Media,Women 25-34,30 days,Facebook,0.07,"$8,872.00",3.67,Miami,Mandarin,109,8477,3,Outdoor Adventurers,2021-05-14
83743,DataTech Solutions,Display,All Ages,60 days,Google Ads,0.15,"$18,784.00",7.09,Chicago,French,120,9827,4,Health & Wellness,2021-06-07
83775,NexGen Systems,Influencer,Men 25-34,30 days,YouTube,0.14,"$11,301.00",4.13,New York,French,570,7127,2,Outdoor Adventurers,2021-07-09
83790,Innovate Industries,Email,Men 25-34,30 days,Google Ads,0.02,"$6,377.00",5.07,Miami,Spanish,503,9878,4,Foodies,2021-07-24
83812,Innovate Industries,Email,Men 25-34,45 days,Google Ads,0.07,"$19,370.00",2.54,Los Angeles,Mandarin,103,7496,2,Health & Wellness,2021-08-15
83879,Innovate Industries,Display,All Ages,30 days,Instagram,0.08,"$13,993.00",4.82,Los Angeles,English,348,2975,8,Foodies,2021-10-21
83926,NexGen Systems,Search,Men 18-24,30 days,Instagram,0.05,"$17,673.00",5.37,Houston,German,311,1258,4,Fashionistas,2021-12-07
83966,DataTech Solutions,Influencer,Women 25-34,30 days,YouTube,0.11,"$17,178.00",3.7,Chicago,German,284,5143,10,Outdoor Adventurers,2021-01-16
83979,Innovate Industries,Social Media,Men 25-34,15 days,Email,0.02,"$17,504.00",5.28,Chicago,English,569,7006,6,Tech Enthusiasts,2021-01-29
84022,NexGen Systems,Display,All Ages,15 days,YouTube,0.09,"$9,794.00",7.71,Chicago,German,921,2194,5,Health & Wellness,2021-03-13
84027,Alpha Innovations,Social Media,Men 18-24,60 days,YouTube,0.15,"$9,563.00",5.33,Houston,Mandarin,315,3434,2,Outdoor Adventurers,2021-03-18
84049,Alpha Innovations,Social Media,All Ages,15 days,Google Ads,0.07,"$19,301.00",7.2,Miami,German,521,6514,10,Tech Enthusiasts,2021-04-09
84072,Innovate Industries,Social Media,Women 35-44,60 days,Google Ads,0.06,"$14,460.00",6.69,Chicago,Mandarin,696,6347,1,Foodies,2021-05-02
84079,NexGen Systems,Influencer,All Ages,60 days,Instagram,0.14,"$5,126.00",6.57,New York,French,192,1812,4,Tech Enthusiasts,2021-05-09
84138,Alpha Innovations,Social Media,Men 25-34,15 days,Website,0.12,"$19,318.00",5.59,Houston,Mandarin,622,4466,8,Foodies,2021-07-07
84146,Innovate Industries,Search,Men 25-34,30 days,Facebook,0.1,"$12,061.00",2.95,New York,Mandarin,316,3223,4,Tech Enthusiasts,2021-07-15
84190,Innovate Industries,Search,Women 35-44,45 days,Website,0.11,"$15,117.00",4.09,Los Angeles,French,966,1002,10,Foodies,2021-08-28
84237,DataTech Solutions,Social Media,Men 25-34,15 days,Email,0.12,"$14,075.00",7.89,Houston,English,637,6239,6,Fashionistas,2021-10-14
84371,Innovate Industries,Display,Men 18-24,60 days,Facebook,0.15,"$18,780.00",5.88,Chicago,French,797,1752,2,Tech Enthusiasts,2021-02-25
84380,Alpha Innovations,Influencer,Men 18-24,15 days,Email,0.12,"$15,982.00",2.5,Miami,English,687,6065,7,Tech Enthusiasts,2021-03-06
84387,DataTech Solutions,Email,Women 35-44,45 days,YouTube,0.11,"$11,152.00",4.59,Chicago,French,296,3787,6,Outdoor Adventurers,2021-03-13
84402,NexGen Systems,Influencer,Men 18-24,15 days,YouTube,0.02,"$17,786.00",5.17,New York,German,182,8698,6,Foodies,2021-03-28
84456,Alpha Innovations,Email,All Ages,30 days,Email,0.06,"$15,177.00",6.77,Miami,Spanish,364,5531,4,Health & Wellness,2021-05-21
84480,TechCorp,Social Media,Women 25-34,60 days,YouTube,0.01,"$6,549.00",3.48,Houston,German,897,6194,5,Outdoor Adventurers,2021-06-14
84505,DataTech Solutions,Influencer,Women 25-34,30 days,Email,0.06,"$8,715.00",6.86,Miami,Mandarin,266,2003,10,Outdoor Adventurers,2021-07-09
84526,Innovate Industries,Social Media,Men 18-24,45 days,Website,0.07,"$19,212.00",2.68,Miami,Spanish,123,1383,10,Health & Wellness,2021-07-30
84620,DataTech Solutions,Email,Women 35-44,30 days,Google Ads,0.07,"$14,243.00",6.42,New York,Spanish,665,1978,2,Foodies,2021-11-01
84641,NexGen Systems,Email,Women 35-44,45 days,Website,0.14,"$11,297.00",2.23,New York,German,185,8915,4,Outdoor Adventurers,2021-11-22
84661,NexGen Systems,Search,Women 35-44,30 days,Instagram,0.1,"$15,029.00",2.65,New York,German,354,5044,5,Health & Wellness,2021-12-12
84682,DataTech Solutions,Influencer,All Ages,30 days,Google Ads,0.05,"$17,836.00",2.92,New York,English,550,8073,2,Foodies,2021-01-02
84706,TechCorp,Influencer,All Ages,45 days,Instagram,0.05,"$12,970.00",6.0,Miami,Mandarin,587,8476,3,Outdoor Adventurers,2021-01-26
84749,Innovate Industries,Display,Men 25-34,30 days,Instagram,0.14,"$11,772.00",6.9,Los Angeles,English,937,6373,7,Health & Wellness,2021-03-10
84750,NexGen Systems,Influencer,Men 25-34,45 days,Facebook,0.1,"$7,277.00",4.58,New York,French,511,6136,3,Outdoor Adventurers,2021-03-11
84761,TechCorp,Email,Women 25-34,15 days,Instagram,0.11,"$11,126.00",5.76,Miami,French,696,8683,3,Tech Enthusiasts,2021-03-22
84862,DataTech Solutions,Search,All Ages,60 days,Email,0.13,"$19,596.00",6.18,Miami,Spanish,587,6833,9,Health & Wellness,2021-07-01
84930,DataTech Solutions,Search,All Ages,15 days,YouTube,0.14,"$10,291.00",3.26,Chicago,Spanish,361,4631,3,Fashionistas,2021-09-07
84960,NexGen Systems,Email,All Ages,45 days,Email,0.09,"$10,639.00",4.15,Chicago,English,867,5902,4,Foodies,2021-10-07
85004,DataTech Solutions,Email,Men 18-24,15 days,Google Ads,0.02,"$19,568.00",5.96,Chicago,German,382,3773,2,Health & Wellness,2021-11-20
85058,Innovate Industries,Social Media,All Ages,45 days,Website,0.07,"$17,839.00",7.81,New York,Spanish,689,5567,3,Health & Wellness,2021-01-13
85255,TechCorp,Social Media,All Ages,60 days,Email,0.14,"$12,616.00",6.6,Chicago,Spanish,827,9726,6,Health & Wellness,2021-07-29
85274,NexGen Systems,Social Media,Women 25-34,45 days,Email,0.05,"$12,981.00",4.97,Houston,Mandarin,612,6867,5,Foodies,2021-08-17
85278,DataTech Solutions,Search,Men 25-34,15 days,Facebook,0.06,"$11,130.00",6.45,Miami,German,475,1968,2,Fashionistas,2021-08-21
85320,Innovate Industries,Social Media,All Ages,60 days,Website,0.08,"$17,784.00",6.26,New York,Mandarin,189,9631,5,Outdoor Adventurers,2021-10-02
85347,Alpha Innovations,Influencer,Women 25-34,15 days,Website,0.05,"$5,280.00",5.84,Los Angeles,Spanish,721,9027,7,Tech Enthusiasts,2021-10-29
85391,DataTech Solutions,Display,Women 25-34,45 days,Facebook,0.03,"$11,119.00",4.73,New York,German,289,6924,3,Fashionistas,2021-12-12
85451,TechCorp,Search,Women 25-34,45 days,Instagram,0.01,"$19,636.00",2.09,Miami,French,391,5481,5,Health & Wellness,2021-02-10
85452,NexGen Systems,Social Media,Women 35-44,45 days,Email,0.14,"$11,647.00",2.9,New York,German,891,8742,7,Foodies,2021-02-11
85494,Alpha Innovations,Search,Women 25-34,30 days,Google Ads,0.11,"$9,688.00",3.0,Miami,Spanish,289,5038,9,Outdoor Adventurers,2021-03-25
85504,NexGen Systems,Display,Men 18-24,60 days,Facebook,0.02,"$7,344.00",4.31,New York,Spanish,319,9077,8,Health & Wellness,2021-04-04
85587,NexGen Systems,Influencer,Men 25-34,15 days,Facebook,0.1,"$14,912.00",4.47,Los Angeles,Spanish,963,5649,3,Tech Enthusiasts,2021-06-26
85617,TechCorp,Search,Women 25-34,15 days,Email,0.13,"$17,245.00",5.53,Chicago,German,421,5924,6,Outdoor Adventurers,2021-07-26
85670,Alpha Innovations,Search,Men 18-24,45 days,Email,0.07,"$19,551.00",3.16,Los Angeles,English,533,1117,9,Health & Wellness,2021-09-17
85713,TechCorp,Influencer,Women 25-34,15 days,Google Ads,0.02,"$16,326.00",2.65,Chicago,Mandarin,273,2087,7,Fashionistas,2021-10-30
85731,TechCorp,Search,Men 25-34,60 days,Facebook,0.13,"$14,767.00",5.25,Houston,Mandarin,494,1743,9,Tech Enthusiasts,2021-11-17
85759,DataTech Solutions,Search,Women 25-34,60 days,Website,0.03,"$18,957.00",7.84,Chicago,Spanish,797,1894,9,Foodies,2021-12-15
85763,Alpha Innovations,Search,Men 25-34,45 days,Website,0.08,"$8,735.00",4.25,Miami,French,290,3146,6,Fashionistas,2021-12-19
85810,Alpha Innovations,Display,All Ages,45 days,YouTube,0.1,"$17,334.00",4.63,Miami,Spanish,992,9072,1,Health & Wellness,2021-02-04
85839,Innovate Industries,Influencer,Women 25-34,45 days,Google Ads,0.04,"$10,166.00",4.83,Miami,German,496,8475,3,Foodies,2021-03-05
85849,Alpha Innovations,Email,Women 35-44,30 days,Website,0.11,"$19,716.00",3.13,Chicago,German,402,2866,6,Outdoor Adventurers,2021-03-15
85866,Alpha Innovations,Influencer,Men 18-24,15 days,Facebook,0.02,"$11,267.00",6.33,Miami,German,286,5725,3,Health & Wellness,2021-04-01
85886,Alpha Innovations,Social Media,Women 35-44,45 days,Google Ads,0.03,"$5,128.00",5.82,Chicago,German,612,5262,8,Tech Enthusiasts,2021-04-21
85892,Alpha Innovations,Social Media,All Ages,45 days,Instagram,0.03,"$14,670.00",6.65,Los Angeles,French,964,5631,2,Tech Enthusiasts,2021-04-27
86023,Innovate Industries,Social Media,All Ages,30 days,Google Ads,0.02,"$14,084.00",4.99,New York,Mandarin,889,1753,7,Foodies,2021-09-05
86047,DataTech Solutions,Email,Men 18-24,15 days,Website,0.14,"$8,198.00",7.7,New York,English,679,7055,1,Fashionistas,2021-09-29
86104,NexGen Systems,Influencer,All Ages,60 days,Google Ads,0.13,"$5,976.00",4.07,Houston,French,902,5734,6,Outdoor Adventurers,2021-11-25
86107,TechCorp,Email,Women 25-34,60 days,Website,0.03,"$7,938.00",5.52,New York,English,745,9059,6,Outdoor Adventurers,2021-11-28
86198,NexGen Systems,Display,Women 35-44,45 days,YouTube,0.02,"$6,561.00",2.24,Chicago,English,381,8670,9,Foodies,2021-02-27
86213,DataTech Solutions,Email,Men 25-34,15 days,Google Ads,0.04,"$6,713.00",5.21,Houston,Mandarin,107,7243,1,Health & Wellness,2021-03-14
86217,DataTech Solutions,Display,All Ages,15 days,Website,0.02,"$11,039.00",2.58,New York,French,353,3740,3,Tech Enthusiasts,2021-03-18
86237,TechCorp,Social Media,Women 35-44,30 days,Facebook,0.1,"$14,289.00",4.13,Los Angeles,Mandarin,792,1461,6,Health & Wellness,2021-04-07
86257,Alpha Innovations,Influencer,All Ages,15 days,Instagram,0.04,"$12,549.00",7.93,Miami,Spanish,751,7874,1,Fashionistas,2021-04-27
86284,TechCorp,Search,Men 18-24,60 days,Email,0.01,"$19,510.00",2.07,Miami,Spanish,949,5644,6,Foodies,2021-05-24
86303,Innovate Industries,Email,All Ages,30 days,Instagram,0.14,"$6,718.00",6.51,Houston,Mandarin,173,9947,8,Outdoor Adventurers,2021-06-12
86330,TechCorp,Display,Men 18-24,15 days,Google Ads,0.13,"$11,151.00",6.84,Los Angeles,Spanish,298,8168,10,Foodies,2021-07-09
86483,Innovate Industries,Influencer,Men 25-34,30 days,Email,0.11,"$13,713.00",4.58,New York,German,479,6940,8,Outdoor Adventurers,2021-12-09
86621,NexGen Systems,Search,All Ages,15 days,Facebook,0.03,"$7,345.00",4.97,Houston,French,391,9863,6,Health & Wellness,2021-04-26
86622,TechCorp,Email,Men 25-34,15 days,Email,0.08,"$11,883.00",2.06,Los Angeles,English,557,5262,8,Tech Enthusiasts,2021-04-27
86696,NexGen Systems,Email,Men 18-24,30 days,Email,0.1,"$17,603.00",3.73,Chicago,English,673,6722,2,Tech Enthusiasts,2021-07-10
86700,DataTech Solutions,Search,Men 18-24,15 days,YouTube,0.11,"$7,464.00",4.17,New York,French,951,8320,1,Health & Wellness,2021-07-14
86720,Alpha Innovations,Influencer,Women 25-34,45 days,YouTube,0.07,"$8,149.00",4.66,Miami,Spanish,536,4400,1,Tech Enthusiasts,2021-08-03
86739,Innovate Industries,Email,Women 35-44,45 days,Email,0.1,"$19,358.00",3.17,Houston,Spanish,661,9494,1,Health & Wellness,2021-08-22
86818,NexGen Systems,Search,Women 25-34,60 days,Facebook,0.1,"$13,625.00",7.29,Chicago,Spanish,962,2933,7,Fashionistas,2021-11-09
86823,NexGen Systems,Search,Men 18-24,30 days,Email,0.14,"$8,008.00",5.19,Chicago,French,324,5502,6,Tech Enthusiasts,2021-11-14
86827,NexGen Systems,Search,Men 18-24,15 days,Google Ads,0.06,"$12,696.00",2.84,New York,German,751,6230,9,Foodies,2021-11-18
86831,NexGen Systems,Influencer,Men 18-24,15 days,Google Ads,0.09,"$15,750.00",6.59,Miami,Mandarin,396,3615,4,Tech Enthusiasts,2021-11-22
86870,Innovate Industries,Search,Men 18-24,60 days,Website,0.1,"$8,442.00",5.03,Chicago,German,104,6658,5,Outdoor Adventurers,2021-12-31
86909,TechCorp,Search,Women 35-44,15 days,Instagram,0.1,"$9,282.00",2.62,New York,German,772,7179,4,Fashionistas,2021-02-08
86928,Alpha Innovations,Social Media,Women 35-44,15 days,Google Ads,0.14,"$6,820.00",2.09,Houston,English,308,1175,6,Tech Enthusiasts,2021-02-27
86944,Alpha Innovations,Social Media,Women 35-44,30 days,Google Ads,0.04,"$12,803.00",3.15,Los Angeles,French,294,9677,4,Foodies,2021-03-15
86961,TechCorp,Search,All Ages,45 days,Website,0.13,"$7,583.00",6.63,Houston,Mandarin,693,3454,4,Foodies,2021-04-01
86962,Innovate Industries,Search,All Ages,30 days,Google Ads,0.08,"$9,767.00",6.54,Miami,Spanish,631,2031,4,Tech Enthusiasts,2021-04-02
86980,Alpha Innovations,Social Media,All Ages,30 days,Instagram,0.09,"$19,905.00",4.21,Chicago,Spanish,158,2881,6,Tech Enthusiasts,2021-04-20
86997,DataTech Solutions,Influencer,Women 35-44,45 days,Google Ads,0.12,"$16,760.00",4.58,Los Angeles,French,789,1031,6,Outdoor Adventurers,2021-05-07
87095,Alpha Innovations,Display,All Ages,60 days,Email,0.01,"$17,304.00",2.56,Los Angeles,German,819,3451,3,Foodies,2021-08-13
87191,NexGen Systems,Search,Men 18-24,15 days,Email,0.06,"$9,491.00",5.69,Chicago,English,564,4620,3,Outdoor Adventurers,2021-11-17
87307,TechCorp,Influencer,Women 35-44,15 days,Instagram,0.05,"$11,346.00",4.8,Houston,Spanish,994,1071,10,Outdoor Adventurers,2021-03-13
87442,TechCorp,Search,Men 25-34,60 days,Instagram,0.06,"$7,118.00",5.75,Chicago,Mandarin,608,8304,6,Health & Wellness,2021-07-26
87445,Alpha Innovations,Search,Men 18-24,45 days,Facebook,0.02,"$11,171.00",4.29,Chicago,German,547,9224,4,Outdoor Adventurers,2021-07-29
87531,Innovate Industries,Social Media,Women 35-44,60 days,YouTube,0.04,"$18,595.00",5.86,Los Angeles,Mandarin,703,6137,8,Tech Enthusiasts,2021-10-23
87537,Alpha Innovations,Email,All Ages,60 days,Google Ads,0.02,"$17,624.00",2.27,Los Angeles,German,778,6944,1,Tech Enthusiasts,2021-10-29
87552,Innovate Industries,Search,Men 18-24,15 days,YouTube,0.11,"$16,261.00",6.64,Los Angeles,Mandarin,982,9368,7,Fashionistas,2021-11-13
87555,Alpha Innovations,Influencer,Men 18-24,30 days,Facebook,0.14,"$10,832.00",3.71,Houston,Mandarin,636,1090,10,Health & Wellness,2021-11-16
87675,DataTech Solutions,Influencer,Men 18-24,30 days,YouTube,0.08,"$11,039.00",4.36,Miami,Spanish,222,3164,3,Outdoor Adventurers,2021-03-16
87690,Alpha Innovations,Display,All Ages,15 days,Email,0.1,"$12,944.00",4.22,Los Angeles,Mandarin,674,3731,10,Health & Wellness,2021-03-31
87712,Innovate Industries,Social Media,Men 18-24,45 days,Google Ads,0.03,"$8,700.00",2.76,Los Angeles,English,634,7055,7,Foodies,2021-04-22
87811,TechCorp,Email,Women 35-44,60 days,Facebook,0.11,"$10,058.00",6.86,Los Angeles,English,280,1792,7,Health & Wellness,2021-07-30
87817,NexGen Systems,Search,Women 25-34,15 days,Google Ads,0.06,"$19,139.00",5.45,New York,Mandarin,357,8060,10,Foodies,2021-08-05
87866,NexGen Systems,Influencer,Women 25-34,15 days,Google Ads,0.15,"$13,943.00",7.95,Chicago,English,485,7992,6,Tech Enthusiasts,2021-09-23
87882,Innovate Industries,Influencer,Women 25-34,45 days,Facebook,0.02,"$12,767.00",6.45,Miami,Spanish,337,3007,4,Health & Wellness,2021-10-09
87901,Alpha Innovations,Display,Men 18-24,60 days,YouTube,0.1,"$10,909.00",3.78,Chicago,Mandarin,146,2947,2,Fashionistas,2021-10-28
87935,NexGen Systems,Email,Men 25-34,60 days,YouTube,0.13,"$11,565.00",2.73,Houston,Mandarin,866,7195,8,Outdoor Adventurers,2021-12-01
87967,Innovate Industries,Display,Men 25-34,45 days,Facebook,0.14,"$9,838.00",7.72,Los Angeles,French,595,7914,1,Health & Wellness,2021-01-02
87982,TechCorp,Display,Men 18-24,60 days,Instagram,0.12,"$9,645.00",6.2,Miami,Mandarin,549,1062,4,Foodies,2021-01-17
87988,TechCorp,Social Media,All Ages,45 days,Google Ads,0.12,"$12,709.00",2.16,Los Angeles,Mandarin,974,5533,1,Foodies,2021-01-23
87998,Innovate Industries,Search,Men 25-34,60 days,Google Ads,0.01,"$17,812.00",6.17,Houston,Mandarin,269,7652,7,Fashionistas,2021-02-02
88037,Innovate Industries,Search,All Ages,45 days,Google Ads,0.1,"$8,176.00",6.38,Chicago,Spanish,638,3458,2,Outdoor Adventurers,2021-03-13
88118,TechCorp,Search,Women 35-44,60 days,Website,0.04,"$9,040.00",7.91,Houston,English,348,3230,3,Outdoor Adventurers,2021-06-02
88183,Alpha Innovations,Email,All Ages,15 days,Email,0.13,"$17,466.00",5.28,Miami,French,543,5509,9,Health & Wellness,2021-08-06
88214,Innovate Industries,Email,Men 25-34,30 days,Email,0.1,"$18,636.00",5.65,Los Angeles,German,343,6985,7,Outdoor Adventurers,2021-09-06
88222,NexGen Systems,Search,All Ages,60 days,Email,0.06,"$10,773.00",4.56,New York,German,568,6325,10,Health & Wellness,2021-09-14
88312,DataTech Solutions,Search,All Ages,60 days,Website,0.04,"$15,513.00",6.33,Miami,English,874,2232,4,Tech Enthusiasts,2021-12-13
88335,DataTech Solutions,Display,Women 25-34,15 days,Email,0.1,"$19,635.00",2.41,Houston,Mandarin,976,8975,1,Fashionistas,2021-01-05
88538,DataTech Solutions,Social Media,Women 25-34,45 days,Facebook,0.04,"$9,716.00",2.78,Los Angeles,French,159,5977,6,Outdoor Adventurers,2021-07-27
88552,DataTech Solutions,Email,Men 18-24,45 days,Email,0.13,"$7,833.00",7.38,Houston,English,155,5424,1,Foodies,2021-08-10
88582,DataTech Solutions,Social Media,Men 18-24,45 days,Email,0.12,"$7,409.00",7.31,Los Angeles,Spanish,857,9130,5,Tech Enthusiasts,2021-09-09
88633,NexGen Systems,Search,Women 35-44,15 days,Facebook,0.06,"$7,107.00",2.14,Los Angeles,German,670,2468,10,Tech Enthusiasts,2021-10-30
88652,DataTech Solutions,Search,Men 18-24,45 days,Instagram,0.04,"$7,781.00",5.71,Houston,Spanish,696,1949,6,Health & Wellness,2021-11-18
88722,DataTech Solutions,Email,Men 18-24,30 days,Google Ads,0.1,"$5,747.00",6.83,Miami,German,278,5952,2,Health & Wellness,2021-01-27
88740,Alpha Innovations,Search,Men 18-24,15 days,YouTube,0.09,"$8,652.00",2.35,Chicago,Spanish,785,4373,3,Foodies,2021-02-14
88859,NexGen Systems,Email,Men 25-34,15 days,Google Ads,0.13,"$5,776.00",3.61,Chicago,English,418,4545,3,Fashionistas,2021-06-13
88871,DataTech Solutions,Influencer,All Ages,30 days,YouTube,0.03,"$14,909.00",4.85,Miami,French,501,8544,6,Tech Enthusiasts,2021-06-25
88879,NexGen Systems,Email,All Ages,30 days,Instagram,0.13,"$13,173.00",5.81,Houston,English,986,7801,4,Fashionistas,2021-07-03
88881,NexGen Systems,Influencer,Women 35-44,15 days,Instagram,0.02,"$19,081.00",7.66,Chicago,English,429,2973,9,Outdoor Adventurers,2021-07-05
88987,NexGen Systems,Social Media,All Ages,60 days,Instagram,0.12,"$19,041.00",4.08,Miami,German,979,5905,3,Fashionistas,2021-10-19
89015,Innovate Industries,Search,Women 25-34,60 days,Website,0.14,"$6,843.00",6.12,Los Angeles,English,252,5758,7,Tech Enthusiasts,2021-11-16
89028,DataTech Solutions,Display,Men 25-34,30 days,YouTube,0.13,"$9,453.00",3.17,Miami,Mandarin,496,6099,10,Fashionistas,2021-11-29
89108,Alpha Innovations,Email,Men 18-24,45 days,Google Ads,0.04,"$19,833.00",5.37,New York,French,887,2417,10,Foodies,2021-02-17
89124,Innovate Industries,Display,Women 25-34,45 days,Email,0.02,"$16,821.00",7.38,Los Angeles,German,606,5868,5,Health & Wellness,2021-03-05
89175,Innovate Industries,Display,Men 25-34,30 days,Google Ads,0.05,"$14,636.00",2.46,Los Angeles,English,352,5425,9,Outdoor Adventurers,2021-04-25
89209,Innovate Industries,Email,Women 25-34,45 days,YouTube,0.04,"$7,262.00",3.18,New York,English,581,4870,10,Outdoor Adventurers,2021-05-29
89212,Innovate Industries,Social Media,Women 35-44,15 days,Instagram,0.1,"$18,210.00",3.78,Chicago,French,221,8095,7,Fashionistas,2021-06-01
89276,NexGen Systems,Search,Men 25-34,30 days,Email,0.1,"$14,759.00",6.62,Los Angeles,Spanish,159,2054,5,Outdoor Adventurers,2021-08-04
89288,NexGen Systems,Email,All Ages,45 days,Instagram,0.07,"$19,647.00",2.61,Miami,English,762,4891,2,Foodies,2021-08-16
89318,TechCorp,Email,All Ages,60 days,Google Ads,0.02,"$8,425.00",3.2,New York,German,597,8318,3,Health & Wellness,2021-09-15
89329,Innovate Industries,Social Media,Women 25-34,30 days,YouTube,0.11,"$19,964.00",7.31,Los Angeles,English,285,3730,3,Foodies,2021-09-26
89393,DataTech Solutions,Influencer,Women 25-34,45 days,YouTube,0.05,"$9,953.00",4.3,New York,French,902,6127,2,Foodies,2021-11-29
89410,TechCorp,Email,All Ages,15 days,Instagram,0.07,"$12,478.00",5.04,Miami,German,345,7511,7,Outdoor Adventurers,2021-12-16
89478,Innovate Industries,Social Media,Women 35-44,60 days,YouTube,0.05,"$6,486.00",5.89,Miami,Mandarin,823,1773,8,Foodies,2021-02-22
89504,DataTech Solutions,Influencer,Women 35-44,45 days,Facebook,0.02,"$10,028.00",2.47,Houston,German,322,3846,8,Tech Enthusiasts,2021-03-20
89513,DataTech Solutions,Influencer,Women 35-44,60 days,Website,0.02,"$19,977.00",4.59,Houston,Mandarin,174,9442,4,Tech Enthusiasts,2021-03-29
89532,TechCorp,Email,Women 25-34,45 days,Google Ads,0.12,"$12,520.00",6.65,Houston,German,463,2729,7,Outdoor Adventurers,2021-04-17
89540,NexGen Systems,Social Media,Men 18-24,45 days,Email,0.13,"$5,804.00",7.45,Houston,Mandarin,117,8684,10,Foodies,2021-04-25
89594,Alpha Innovations,Influencer,Men 18-24,30 days,Website,0.13,"$12,456.00",6.79,Houston,Mandarin,461,7343,8,Tech Enthusiasts,2021-06-18
89625,Alpha Innovations,Influencer,Women 25-34,15 days,Facebook,0.06,"$16,820.00",3.41,Miami,French,505,2256,6,Foodies,2021-07-19
89637,DataTech Solutions,Email,Women 25-34,30 days,Email,0.07,"$16,916.00",3.01,Chicago,French,466,7572,10,Health & Wellness,2021-07-31
89651,TechCorp,Email,Women 25-34,45 days,YouTube,0.08,"$7,080.00",4.07,Los Angeles,Mandarin,419,2941,10,Tech Enthusiasts,2021-08-14
89661,DataTech Solutions,Email,Men 18-24,15 days,Facebook,0.07,"$7,189.00",6.15,Houston,Spanish,225,2785,7,Tech Enthusiasts,2021-08-24
89686,TechCorp,Influencer,Women 25-34,15 days,Google Ads,0.06,"$16,582.00",6.44,Chicago,German,959,8469,9,Outdoor Adventurers,2021-09-18
89771,DataTech Solutions,Display,Men 25-34,30 days,YouTube,0.09,"$17,355.00",3.35,Miami,French,705,6447,10,Fashionistas,2021-12-12
89803,TechCorp,Email,Men 25-34,45 days,Facebook,0.06,"$11,860.00",7.67,New York,German,295,7362,6,Fashionistas,2021-01-13
89828,TechCorp,Social Media,Women 25-34,15 days,Google Ads,0.14,"$6,099.00",5.53,Miami,French,194,8169,2,Outdoor Adventurers,2021-02-07
89858,Innovate Industries,Influencer,Women 25-34,30 days,Email,0.08,"$6,019.00",2.08,Chicago,Mandarin,448,5160,10,Fashionistas,2021-03-09
89893,Alpha Innovations,Influencer,All Ages,60 days,Email,0.05,"$11,187.00",6.64,Houston,Mandarin,467,5695,4,Foodies,2021-04-13
89906,Alpha Innovations,Display,Women 25-34,45 days,Instagram,0.01,"$11,224.00",7.11,Houston,Spanish,391,1715,10,Foodies,2021-04-26
89908,Innovate Industries,Search,Women 35-44,15 days,YouTube,0.13,"$8,841.00",6.25,Houston,German,321,6316,4,Fashionistas,2021-04-28
89957,TechCorp,Search,Women 35-44,45 days,Instagram,0.04,"$8,379.00",2.85,Los Angeles,Spanish,672,4317,4,Foodies,2021-06-16
89975,TechCorp,Display,All Ages,15 days,YouTube,0.03,"$18,806.00",2.5,New York,Mandarin,687,3125,9,Tech Enthusiasts,2021-07-04
89979,TechCorp,Email,Women 25-34,30 days,Email,0.03,"$6,148.00",7.82,New York,Spanish,585,3095,2,Tech Enthusiasts,2021-07-08
89987,NexGen Systems,Influencer,Women 25-34,30 days,Instagram,0.05,"$11,898.00",2.83,Chicago,French,977,4064,10,Health & Wellness,2021-07-16
90029,Alpha Innovations,Display,Men 18-24,15 days,Google Ads,0.14,"$18,955.00",6.23,New York,Spanish,836,6645,4,Foodies,2021-08-27
90104,Innovate Industries,Influencer,Women 25-34,15 days,Website,0.04,"$14,524.00",4.89,Chicago,German,882,5635,10,Tech Enthusiasts,2021-11-10
90254,DataTech Solutions,Display,Men 25-34,30 days,Website,0.09,"$18,109.00",6.54,Los Angeles,German,506,1770,9,Outdoor Adventurers,2021-04-09
90312,Innovate Industries,Social Media,All Ages,60 days,YouTube,0.04,"$7,100.00",4.3,Houston,Mandarin,716,6217,3,Outdoor Adventurers,2021-06-06
90319,Alpha Innovations,Email,Women 25-34,60 days,Facebook,0.07,"$15,461.00",5.34,Houston,English,304,4407,8,Fashionistas,2021-06-13
90392,DataTech Solutions,Search,Women 35-44,45 days,Email,0.08,"$8,080.00",6.36,Chicago,Mandarin,436,3501,9,Tech Enthusiasts,2021-08-25
90419,NexGen Systems,Social Media,Men 25-34,30 days,Email,0.04,"$8,145.00",3.64,New York,German,868,1802,1,Tech Enthusiasts,2021-09-21
90449,Alpha Innovations,Social Media,All Ages,60 days,Email,0.08,"$9,599.00",7.59,Houston,Mandarin,835,3950,9,Foodies,2021-10-21
90491,DataTech Solutions,Display,Women 35-44,45 days,Google Ads,0.03,"$13,737.00",3.46,Miami,German,132,4815,1,Tech Enthusiasts,2021-12-02
90498,Alpha Innovations,Display,Men 25-34,15 days,Facebook,0.03,"$7,651.00",5.69,Miami,German,563,1260,3,Fashionistas,2021-12-09
90500,Innovate Industries,Email,All Ages,15 days,YouTube,0.01,"$5,746.00",3.41,New York,Mandarin,418,2707,1,Health & Wellness,2021-12-11
90513,NexGen Systems,Influencer,Men 25-34,60 days,Google Ads,0.14,"$11,804.00",7.62,New York,English,113,4917,10,Tech Enthusiasts,2021-12-24
90560,TechCorp,Search,Men 18-24,30 days,Instagram,0.08,"$12,725.00",3.33,New York,Spanish,810,5208,5,Tech Enthusiasts,2021-02-09
90625,Innovate Industries,Email,Men 25-34,15 days,Instagram,0.05,"$9,645.00",6.62,Chicago,English,580,8690,6,Fashionistas,2021-04-15
90704,Innovate Industries,Search,Women 25-34,60 days,Website,0.07,"$11,571.00",2.18,Miami,German,814,8326,7,Health & Wellness,2021-07-03
90763,Innovate Industries,Search,Women 25-34,15 days,Facebook,0.02,"$11,997.00",7.79,Houston,English,657,3590,6,Foodies,2021-08-31
90858,DataTech Solutions,Influencer,Women 35-44,15 days,Facebook,0.07,"$7,362.00",3.18,Los Angeles,German,832,8934,8,Tech Enthusiasts,2021-12-04
90859,Alpha Innovations,Social Media,Men 18-24,45 days,YouTube,0.01,"$7,668.00",2.26,Houston,Mandarin,879,1743,7,Foodies,2021-12-05
90870,Innovate Industries,Influencer,Men 18-24,60 days,Facebook,0.05,"$6,078.00",6.24,Miami,German,841,2183,4,Tech Enthusiasts,2021-12-16
90878,DataTech Solutions,Influencer,Women 25-34,30 days,Facebook,0.12,"$14,146.00",4.87,Chicago,German,911,6529,9,Foodies,2021-12-24
90907,Alpha Innovations,Social Media,All Ages,45 days,Google Ads,0.12,"$17,197.00",6.68,Chicago,Mandarin,222,6877,3,Foodies,2021-01-22
90924,TechCorp,Social Media,Men 25-34,60 days,Google Ads,0.04,"$14,030.00",4.02,Miami,English,128,1177,9,Fashionistas,2021-02-08
90958,DataTech Solutions,Influencer,All Ages,30 days,Email,0.04,"$5,828.00",4.49,Los Angeles,Mandarin,558,7079,3,Outdoor Adventurers,2021-03-14
90962,NexGen Systems,Search,Women 35-44,30 days,Instagram,0.05,"$15,161.00",7.23,Miami,French,675,6914,6,Outdoor Adventurers,2021-03-18
90982,Alpha Innovations,Social Media,Women 35-44,60 days,YouTube,0.13,"$19,144.00",4.38,Miami,German,866,2691,5,Health & Wellness,2021-04-07
90993,Innovate Industries,Social Media,Women 25-34,30 days,Instagram,0.02,"$10,921.00",6.62,New York,French,970,2549,1,Health & Wellness,2021-04-18
91002,NexGen Systems,Display,Women 35-44,30 days,Google Ads,0.11,"$19,374.00",2.28,New York,English,543,1214,9,Foodies,2021-04-27
91084,Alpha Innovations,Influencer,Women 35-44,30 days,Facebook,0.04,"$10,966.00",7.39,New York,French,540,9300,5,Health & Wellness,2021-07-18
91113,Innovate Industries,Email,Men 18-24,30 days,Instagram,0.14,"$17,072.00",7.45,New York,Spanish,524,8920,4,Foodies,2021-08-16
91143,DataTech Solutions,Social Media,Women 25-34,15 days,YouTube,0.12,"$15,330.00",4.28,Houston,French,847,9200,8,Outdoor Adventurers,2021-09-15
91207,Innovate Industries,Social Media,Men 25-34,30 days,Website,0.07,"$19,776.00",3.71,Houston,English,856,5707,1,Health & Wellness,2021-11-18
91224,Innovate Industries,Search,Women 35-44,30 days,Email,0.1,"$10,740.00",6.95,New York,German,692,4285,7,Outdoor Adventurers,2021-12-05
91228,Alpha Innovations,Email,Women 35-44,45 days,Facebook,0.14,"$19,356.00",2.9,Miami,English,646,7435,10,Fashionistas,2021-12-09
91324,Innovate Industries,Search,Men 18-24,60 days,Website,0.06,"$15,970.00",6.84,Los Angeles,English,159,3281,8,Fashionistas,2021-03-15
91350,DataTech Solutions,Search,Women 25-34,30 days,Instagram,0.06,"$5,616.00",6.47,Chicago,Mandarin,297,9356,8,Outdoor Adventurers,2021-04-10
91506,TechCorp,Influencer,All Ages,30 days,Email,0.1,"$8,650.00",4.74,Los Angeles,Spanish,456,8852,8,Tech Enthusiasts,2021-09-13
91591,DataTech Solutions,Display,All Ages,15 days,YouTube,0.05,"$18,785.00",7.19,Chicago,Spanish,531,9390,9,Tech Enthusiasts,2021-12-07
91633,TechCorp,Display,Men 18-24,60 days,Website,0.13,"$19,449.00",7.73,Los Angeles,Mandarin,264,2699,2,Tech Enthusiasts,2021-01-18
91662,NexGen Systems,Influencer,Women 25-34,45 days,Google Ads,0.09,"$7,607.00",3.77,Los Angeles,Spanish,542,1673,10,Tech Enthusiasts,2021-02-16
91665,DataTech Solutions,Display,Men 18-24,60 days,Google Ads,0.03,"$5,405.00",3.58,Los Angeles,Mandarin,486,9753,1,Fashionistas,2021-02-19
91690,Innovate Industries,Influencer,Women 35-44,30 days,Facebook,0.02,"$14,092.00",4.53,New York,Spanish,696,6877,6,Foodies,2021-03-16
91720,Innovate Industries,Influencer,All Ages,60 days,Instagram,0.07,"$15,240.00",5.15,Chicago,English,556,3697,10,Outdoor Adventurers,2021-04-15
91742,NexGen Systems,Influencer,Women 35-44,30 days,Google Ads,0.08,"$13,080.00",7.05,New York,German,276,1480,1,Health & Wellness,2021-05-07
91817,Innovate Industries,Influencer,All Ages,30 days,Facebook,0.01,"$14,101.00",3.08,Miami,Spanish,844,4264,8,Outdoor Adventurers,2021-07-21
91844,Alpha Innovations,Display,All Ages,15 days,Instagram,0.1,"$19,724.00",7.1,Chicago,Mandarin,795,3639,9,Foodies,2021-08-17
91847,Alpha Innovations,Influencer,Women 35-44,15 days,Email,0.11,"$9,860.00",2.54,New York,Mandarin,188,7021,9,Foodies,2021-08-20
91877,DataTech Solutions,Influencer,Men 25-34,15 days,Google Ads,0.13,"$12,391.00",4.57,Houston,English,912,8494,10,Foodies,2021-09-19
91894,Alpha Innovations,Influencer,Men 18-24,60 days,Website,0.09,"$14,314.00",5.49,New York,Spanish,677,3076,10,Foodies,2021-10-06
91936,NexGen Systems,Search,Women 25-34,30 days,YouTube,0.09,"$14,643.00",2.67,Los Angeles,English,734,3306,1,Health & Wellness,2021-11-17
91977,Alpha Innovations,Search,Men 25-34,30 days,Google Ads,0.07,"$12,828.00",2.89,Miami,English,890,6722,5,Fashionistas,2021-12-28
92019,DataTech Solutions,Social Media,All Ages,30 days,Website,0.11,"$5,212.00",2.17,Chicago,Spanish,526,4078,9,Health & Wellness,2021-02-08
92030,Alpha Innovations,Email,All Ages,30 days,Email,0.05,"$13,845.00",7.69,Miami,French,793,1965,8,Foodies,2021-02-19
92083,NexGen Systems,Display,All Ages,45 days,Website,0.07,"$18,397.00",7.72,Houston,Spanish,234,7111,6,Health & Wellness,2021-04-13
92102,DataTech Solutions,Search,Men 18-24,60 days,Website,0.05,"$10,330.00",4.81,Houston,French,889,1571,10,Foodies,2021-05-02
92119,DataTech Solutions,Email,Men 18-24,45 days,Website,0.04,"$9,694.00",7.61,Miami,Spanish,298,4994,2,Outdoor Adventurers,2021-05-19
92136,NexGen Systems,Display,Men 18-24,60 days,YouTube,0.08,"$7,836.00",5.34,Chicago,Spanish,420,5773,4,Foodies,2021-06-05
92220,Alpha Innovations,Email,Women 25-34,15 days,Email,0.02,"$5,769.00",6.73,Miami,English,638,6672,8,Health & Wellness,2021-08-28
92254,TechCorp,Email,Men 25-34,45 days,Instagram,0.02,"$18,493.00",3.04,New York,English,530,8092,7,Tech Enthusiasts,2021-10-01
92268,NexGen Systems,Influencer,Men 18-24,60 days,Facebook,0.02,"$10,416.00",6.71,Houston,Spanish,662,6341,3,Foodies,2021-10-15
92280,Alpha Innovations,Email,Men 18-24,15 days,Email,0.06,"$11,944.00",2.07,Miami,English,839,5625,10,Health & Wellness,2021-10-27
92287,Innovate Industries,Social Media,Men 25-34,30 days,Instagram,0.08,"$6,087.00",2.14,Los Angeles,English,896,3068,5,Fashionistas,2021-11-03
92292,Alpha Innovations,Search,Men 18-24,45 days,Google Ads,0.12,"$11,586.00",4.65,Houston,German,189,3609,9,Health & Wellness,2021-11-08
92369,Innovate Industries,Display,Women 25-34,45 days,Instagram,0.07,"$10,446.00",4.83,Miami,Spanish,449,5208,10,Outdoor Adventurers,2021-01-24
92451,TechCorp,Influencer,All Ages,60 days,Facebook,0.06,"$6,803.00",5.79,New York,Mandarin,849,8386,7,Fashionistas,2021-04-16
92458,Innovate Industries,Influencer,All Ages,15 days,Email,0.1,"$12,630.00",2.47,Houston,German,663,2975,9,Outdoor Adventurers,2021-04-23
92491,DataTech Solutions,Social Media,Women 25-34,45 days,YouTube,0.03,"$18,141.00",5.4,Miami,Spanish,771,5511,10,Fashionistas,2021-05-26
92560,NexGen Systems,Display,Men 18-24,15 days,Google Ads,0.09,"$12,625.00",2.0,Miami,French,265,8471,5,Foodies,2021-08-03
92597,Alpha Innovations,Influencer,Men 25-34,15 days,Google Ads,0.09,"$12,530.00",2.53,Houston,English,942,4026,8,Outdoor Adventurers,2021-09-09
92611,TechCorp,Search,Women 25-34,15 days,Google Ads,0.09,"$14,202.00",3.95,Miami,Spanish,499,1372,6,Tech Enthusiasts,2021-09-23
92621,DataTech Solutions,Search,Women 25-34,45 days,Facebook,0.02,"$18,570.00",7.05,Miami,Spanish,447,2592,6,Health & Wellness,2021-10-03
92626,DataTech Solutions,Search,All Ages,15 days,Website,0.13,"$11,431.00",4.72,Miami,French,747,3341,9,Tech Enthusiasts,2021-10-08
92661,Alpha Innovations,Search,Men 18-24,60 days,Instagram,0.01,"$15,555.00",6.48,Houston,German,316,1800,3,Outdoor Adventurers,2021-11-12
92668,Innovate Industries,Social Media,Men 25-34,15 days,YouTube,0.15,"$18,534.00",5.81,Los Angeles,German,238,8821,2,Foodies,2021-11-19
92981,DataTech Solutions,Display,Women 35-44,15 days,Facebook,0.05,"$14,029.00",3.7,Los Angeles,French,419,3677,5,Outdoor Adventurers,2021-09-28
92992,DataTech Solutions,Influencer,Women 25-34,15 days,YouTube,0.07,"$10,405.00",3.69,New York,English,844,2888,4,Tech Enthusiasts,2021-10-09
93003,Alpha Innovations,Social Media,Women 25-34,60 days,Website,0.15,"$7,747.00",7.36,New York,Mandarin,992,9685,7,Health & Wellness,2021-10-20
93011,NexGen Systems,Display,Men 18-24,15 days,Google Ads,0.02,"$5,647.00",6.21,Chicago,Spanish,356,9775,1,Health & Wellness,2021-10-28
93037,DataTech Solutions,Email,All Ages,45 days,Google Ads,0.05,"$9,048.00",3.45,Los Angeles,French,334,2654,5,Tech Enthusiasts,2021-11-23
93044,DataTech Solutions,Email,All Ages,60 days,Website,0.14,"$17,081.00",4.26,Chicago,Spanish,340,4570,7,Tech Enthusiasts,2021-11-30
93088,TechCorp,Display,Men 18-24,30 days,Google Ads,0.09,"$13,365.00",5.93,Miami,German,309,6497,1,Tech Enthusiasts,2021-01-13
93155,Innovate Industries,Influencer,Women 35-44,30 days,YouTube,0.1,"$6,248.00",7.11,New York,Mandarin,113,1242,8,Tech Enthusiasts,2021-03-21
93159,Innovate Industries,Social Media,Women 35-44,15 days,Instagram,0.1,"$12,016.00",4.91,Miami,Mandarin,821,9389,10,Tech Enthusiasts,2021-03-25
93216,Alpha Innovations,Display,Men 18-24,30 days,Google Ads,0.13,"$13,556.00",6.63,Los Angeles,German,240,2371,1,Foodies,2021-05-21
93240,Innovate Industries,Email,Women 25-34,60 days,Website,0.11,"$14,778.00",2.67,New York,French,113,5200,7,Health & Wellness,2021-06-14
93260,Alpha Innovations,Email,Women 35-44,60 days,Facebook,0.09,"$6,409.00",3.32,Houston,French,650,2153,4,Outdoor Adventurers,2021-07-04
93328,DataTech Solutions,Email,Men 18-24,45 days,Email,0.1,"$6,840.00",7.43,Houston,French,860,5042,3,Foodies,2021-09-10
93371,NexGen Systems,Search,Women 35-44,45 days,Website,0.01,"$17,065.00",5.44,New York,French,138,6369,3,Tech Enthusiasts,2021-10-23
93379,Innovate Industries,Social Media,Women 25-34,15 days,Website,0.02,"$12,247.00",2.01,Houston,French,509,4406,9,Tech Enthusiasts,2021-10-31
93430,NexGen Systems,Display,Men 18-24,30 days,Instagram,0.08,"$8,728.00",7.33,Miami,Spanish,348,9820,7,Foodies,2021-12-21
93462,NexGen Systems,Search,Women 35-44,60 days,Facebook,0.01,"$14,828.00",4.86,New York,Mandarin,608,7103,3,Health & Wellness,2021-01-22
93505,NexGen Systems,Email,All Ages,15 days,YouTube,0.04,"$10,380.00",2.43,Miami,Spanish,614,5501,3,Tech Enthusiasts,2021-03-06
93580,Alpha Innovations,Influencer,Men 18-24,45 days,Facebook,0.09,"$9,885.00",5.44,New York,Spanish,265,1786,7,Health & Wellness,2021-05-20
93587,DataTech Solutions,Social Media,Men 25-34,30 days,Website,0.02,"$19,157.00",4.88,Chicago,French,149,8051,5,Tech Enthusiasts,2021-05-27
93605,NexGen Systems,Display,All Ages,15 days,Google Ads,0.04,"$18,263.00",2.25,Los Angeles,Mandarin,948,3285,9,Outdoor Adventurers,2021-06-14
93613,Alpha Innovations,Search,Women 25-34,45 days,Website,0.08,"$7,804.00",3.0,Chicago,German,128,5114,2,Health & Wellness,2021-06-22
93634,Innovate Industries,Display,Women 25-34,60 days,Facebook,0.07,"$14,572.00",3.27,Los Angeles,French,611,7427,4,Tech Enthusiasts,2021-07-13
93635,DataTech Solutions,Display,Men 25-34,60 days,Instagram,0.03,"$15,971.00",3.26,Houston,English,519,4037,9,Tech Enthusiasts,2021-07-14
93713,Innovate Industries,Influencer,Men 18-24,30 days,YouTube,0.12,"$10,239.00",7.85,Houston,Mandarin,528,7276,4,Outdoor Adventurers,2021-09-30
93732,Alpha Innovations,Social Media,Men 18-24,30 days,Website,0.04,"$18,680.00",2.38,Los Angeles,English,115,9088,4,Fashionistas,2021-10-19
93811,NexGen Systems,Display,Women 25-34,45 days,YouTube,0.1,"$19,467.00",7.39,Miami,French,847,4861,7,Health & Wellness,2021-01-06
93868,Alpha Innovations,Influencer,Men 18-24,30 days,Instagram,0.13,"$16,417.00",3.41,Los Angeles,German,176,5431,7,Fashionistas,2021-03-04
93873,DataTech Solutions,Search,Men 25-34,30 days,Facebook,0.03,"$8,353.00",4.86,Houston,English,783,5442,6,Fashionistas,2021-03-09
93884,Alpha Innovations,Search,Women 35-44,45 days,Website,0.09,"$6,477.00",3.77,Chicago,Spanish,336,8646,9,Tech Enthusiasts,2021-03-20
93948,TechCorp,Influencer,Women 25-34,45 days,Facebook,0.08,"$10,022.00",3.77,Chicago,German,409,3410,1,Fashionistas,2021-05-23
93965,Alpha Innovations,Social Media,Men 25-34,60 days,Instagram,0.12,"$11,337.00",3.86,Houston,German,630,6189,6,Health & Wellness,2021-06-09
94123,DataTech Solutions,Influencer,All Ages,30 days,Instagram,0.12,"$18,520.00",2.22,Houston,Mandarin,771,3588,3,Fashionistas,2021-11-14
94126,DataTech Solutions,Display,Men 18-24,45 days,Website,0.11,"$5,976.00",2.17,Los Angeles,German,539,7696,3,Foodies,2021-11-17
94226,TechCorp,Email,Women 35-44,45 days,YouTube,0.03,"$10,170.00",7.82,Houston,Mandarin,488,5924,7,Foodies,2021-02-25
94268,Innovate Industries,Influencer,Women 35-44,30 days,Instagram,0.01,"$19,648.00",7.54,Los Angeles,Mandarin,503,8821,8,Foodies,2021-04-08
94406,TechCorp,Influencer,Men 18-24,30 days,Instagram,0.01,"$5,013.00",2.49,Los Angeles,English,556,2470,4,Outdoor Adventurers,2021-08-24
94428,Alpha Innovations,Social Media,Women 35-44,30 days,Instagram,0.05,"$5,904.00",4.71,Houston,Mandarin,764,7075,6,Health & Wellness,2021-09-15
94434,Innovate Industries,Influencer,Women 25-34,15 days,Website,0.14,"$19,052.00",5.47,Los Angeles,Spanish,487,4768,1,Outdoor Adventurers,2021-09-21
94460,NexGen Systems,Social Media,Men 18-24,30 days,Google Ads,0.14,"$9,664.00",2.49,Chicago,German,972,6750,5,Outdoor Adventurers,2021-10-17
94493,TechCorp,Display,Men 25-34,60 days,Email,0.02,"$19,796.00",6.73,Miami,Mandarin,859,7863,7,Health & Wellness,2021-11-19
94608,NexGen Systems,Display,Women 35-44,30 days,Instagram,0.03,"$6,022.00",4.99,Houston,German,670,1884,10,Tech Enthusiasts,2021-03-14
94643,Innovate Industries,Display,Men 25-34,45 days,Website,0.12,"$12,956.00",7.74,Miami,French,235,1257,1,Fashionistas,2021-04-18
94652,Alpha Innovations,Search,Women 25-34,30 days,YouTube,0.12,"$7,936.00",2.24,New York,Spanish,367,6533,6,Health & Wellness,2021-04-27
94671,TechCorp,Search,Women 25-34,30 days,Email,0.02,"$19,530.00",6.65,Los Angeles,French,914,7759,10,Fashionistas,2021-05-16
94672,DataTech Solutions,Influencer,All Ages,30 days,YouTube,0.04,"$8,944.00",4.52,Los Angeles,German,212,5332,6,Tech Enthusiasts,2021-05-17
94685,DataTech Solutions,Display,Men 25-34,60 days,Google Ads,0.05,"$14,204.00",4.96,Chicago,Spanish,117,7048,1,Health & Wellness,2021-05-30
94697,Alpha Innovations,Display,Women 35-44,45 days,Facebook,0.06,"$11,962.00",5.51,New York,French,643,3119,7,Foodies,2021-06-11
94747,NexGen Systems,Display,Women 35-44,60 days,Facebook,0.11,"$17,738.00",7.55,Miami,Spanish,165,9940,7,Tech Enthusiasts,2021-07-31
94751,DataTech Solutions,Influencer,Women 35-44,30 days,Google Ads,0.14,"$18,164.00",3.17,Los Angeles,German,391,8584,5,Foodies,2021-08-04
94753,DataTech Solutions,Search,All Ages,15 days,Google Ads,0.04,"$5,588.00",4.73,Miami,Spanish,892,7050,3,Fashionistas,2021-08-06
94888,Innovate Industries,Search,Men 25-34,45 days,YouTube,0.06,"$8,871.00",5.51,New York,Mandarin,197,5355,1,Outdoor Adventurers,2021-12-19
94889,DataTech Solutions,Influencer,Men 18-24,15 days,Email,0.12,"$8,936.00",5.78,Houston,French,138,8851,10,Health & Wellness,2021-12-20
94983,DataTech Solutions,Influencer,Men 18-24,60 days,Email,0.08,"$10,406.00",6.92,New York,Spanish,924,5547,3,Tech Enthusiasts,2021-03-24
95061,Alpha Innovations,Social Media,All Ages,45 days,Instagram,0.11,"$10,343.00",7.03,Chicago,French,378,5188,1,Health & Wellness,2021-06-10
95146,Innovate Industries,Influencer,Men 25-34,45 days,YouTube,0.05,"$17,150.00",7.38,New York,Spanish,111,7400,4,Tech Enthusiasts,2021-09-03
95330,DataTech Solutions,Social Media,Men 18-24,15 days,YouTube,0.11,"$13,831.00",6.79,Miami,Mandarin,754,9786,8,Foodies,2021-03-06
95347,Alpha Innovations,Search,Men 18-24,30 days,Facebook,0.1,"$17,288.00",3.89,Chicago,French,642,3982,10,Outdoor Adventurers,2021-03-23
95479,Innovate Industries,Display,All Ages,30 days,Facebook,0.04,"$14,313.00",6.33,Houston,English,882,4771,2,Outdoor Adventurers,2021-08-02
95489,Innovate Industries,Display,All Ages,60 days,YouTube,0.08,"$16,350.00",6.47,New York,Spanish,451,4722,8,Foodies,2021-08-12
95499,NexGen Systems,Social Media,Men 25-34,45 days,Instagram,0.01,"$11,000.00",2.8,Los Angeles,German,331,9849,10,Tech Enthusiasts,2021-08-22
95515,NexGen Systems,Influencer,All Ages,60 days,Website,0.05,"$18,379.00",2.1,Chicago,French,456,8184,2,Health & Wellness,2021-09-07
95543,DataTech Solutions,Display,Women 25-34,60 days,Website,0.05,"$14,363.00",3.5,Houston,French,663,1732,6,Tech Enthusiasts,2021-10-05
95549,Alpha Innovations,Search,Men 18-24,60 days,Facebook,0.02,"$16,308.00",6.25,Houston,Mandarin,775,2947,5,Health & Wellness,2021-10-11
95589,Innovate Industries,Email,Women 25-34,30 days,Facebook,0.07,"$14,373.00",7.69,Houston,German,622,5023,8,Fashionistas,2021-11-20
95683,DataTech Solutions,Display,Women 25-34,30 days,YouTube,0.06,"$18,360.00",6.07,Los Angeles,Mandarin,180,6681,7,Foodies,2021-02-22
95706,NexGen Systems,Email,Men 18-24,60 days,Google Ads,0.04,"$17,527.00",5.4,Houston,Spanish,414,1795,1,Foodies,2021-03-17
95721,NexGen Systems,Search,Women 25-34,60 days,Facebook,0.06,"$5,993.00",4.45,New York,French,680,7571,2,Health & Wellness,2021-04-01
95750,Alpha Innovations,Display,All Ages,45 days,Facebook,0.04,"$12,184.00",3.36,Los Angeles,German,938,6595,9,Health & Wellness,2021-04-30
95771,Innovate Industries,Social Media,Women 35-44,15 days,Email,0.09,"$12,782.00",2.56,Miami,Spanish,239,7355,6,Health & Wellness,2021-05-21
95979,Alpha Innovations,Email,Men 18-24,30 days,YouTube,0.11,"$13,591.00",4.57,New York,Mandarin,221,5226,8,Foodies,2021-12-15
96016,DataTech Solutions,Display,Women 25-34,45 days,Website,0.09,"$19,448.00",6.93,Miami,Mandarin,160,8888,8,Outdoor Adventurers,2021-01-21
96043,Alpha Innovations,Search,Women 25-34,45 days,Google Ads,0.09,"$9,753.00",6.08,Los Angeles,Spanish,339,7092,5,Health & Wellness,2021-02-17
96083,NexGen Systems,Email,Men 18-24,15 days,Google Ads,0.13,"$6,287.00",6.83,Chicago,French,524,7069,3,Foodies,2021-03-29
96098,Innovate Industries,Influencer,Men 18-24,45 days,Google Ads,0.09,"$7,960.00",2.52,Miami,English,968,6003,2,Tech Enthusiasts,2021-04-13
96289,Innovate Industries,Display,Women 35-44,45 days,Google Ads,0.01,"$6,767.00",5.49,Los Angeles,English,795,9399,5,Tech Enthusiasts,2021-10-21
96307,Alpha Innovations,Display,Women 35-44,45 days,Website,0.1,"$7,531.00",4.5,Houston,Mandarin,858,2180,2,Health & Wellness,2021-11-08
96313,Innovate Industries,Influencer,Women 35-44,30 days,Website,0.14,"$14,220.00",6.53,New York,Mandarin,919,2492,6,Tech Enthusiasts,2021-11-14
96355,DataTech Solutions,Display,Women 35-44,30 days,Google Ads,0.06,"$6,382.00",5.63,Houston,German,255,7844,5,Outdoor Adventurers,2021-12-26
96370,DataTech Solutions,Email,Women 35-44,45 days,Email,0.12,"$13,504.00",4.1,Chicago,English,184,5855,6,Outdoor Adventurers,2021-01-10
96406,NexGen Systems,Social Media,Men 25-34,45 days,YouTube,0.12,"$7,956.00",7.43,Chicago,French,343,2324,2,Outdoor Adventurers,2021-02-15
96424,DataTech Solutions,Email,Women 25-34,30 days,Google Ads,0.12,"$18,682.00",4.49,Los Angeles,French,487,3485,9,Tech Enthusiasts,2021-03-05
96435,TechCorp,Influencer,All Ages,60 days,Website,0.14,"$12,950.00",6.69,Miami,German,471,1167,1,Health & Wellness,2021-03-16
96472,Innovate Industries,Email,Women 25-34,60 days,Website,0.1,"$13,851.00",6.67,New York,English,409,3399,9,Foodies,2021-04-22
96508,DataTech Solutions,Display,Women 25-34,45 days,Google Ads,0.06,"$18,054.00",5.82,Houston,English,363,3387,10,Fashionistas,2021-05-28
96511,DataTech Solutions,Social Media,Women 25-34,15 days,Instagram,0.02,"$13,553.00",2.09,Chicago,English,225,6400,1,Fashionistas,2021-05-31
96564,TechCorp,Influencer,Men 25-34,15 days,Website,0.12,"$19,813.00",4.6,Miami,English,629,7471,2,Health & Wellness,2021-07-23
96569,NexGen Systems,Influencer,Men 18-24,60 days,Instagram,0.07,"$6,453.00",6.93,Chicago,English,515,7086,7,Tech Enthusiasts,2021-07-28
96578,NexGen Systems,Social Media,Men 18-24,60 days,Website,0.06,"$17,613.00",5.82,New York,Spanish,383,2717,7,Tech Enthusiasts,2021-08-06
96643,Alpha Innovations,Display,Women 35-44,15 days,Email,0.12,"$19,773.00",6.42,Miami,Spanish,600,6022,4,Fashionistas,2021-10-10
96762,DataTech Solutions,Social Media,Women 35-44,30 days,Instagram,0.15,"$5,011.00",3.16,New York,Spanish,639,2439,9,Outdoor Adventurers,2021-02-06
96797,DataTech Solutions,Social Media,Men 18-24,45 days,Email,0.09,"$5,385.00",6.79,New York,Mandarin,261,8251,9,Health & Wellness,2021-03-13
96808,TechCorp,Search,Men 25-34,45 days,Email,0.02,"$17,511.00",2.86,New York,Mandarin,702,5908,3,Fashionistas,2021-03-24
96913,Innovate Industries,Social Media,Men 18-24,15 days,YouTube,0.1,"$7,442.00",7.88,Chicago,English,735,2632,3,Outdoor Adventurers,2021-07-07
96970,DataTech Solutions,Email,Men 18-24,15 days,Google Ads,0.12,"$12,436.00",2.48,Chicago,Mandarin,188,2413,3,Fashionistas,2021-09-02
97062,DataTech Solutions,Social Media,Men 25-34,45 days,Email,0.08,"$9,123.00",3.97,Miami,German,541,6582,2,Tech Enthusiasts,2021-12-03
97076,DataTech Solutions,Social Media,All Ages,45 days,Instagram,0.01,"$6,860.00",7.23,Los Angeles,Spanish,455,7613,3,Health & Wellness,2021-12-17
97254,Alpha Innovations,Email,Women 25-34,60 days,Website,0.12,"$5,137.00",5.38,New York,English,377,4162,8,Tech Enthusiasts,2021-06-13
97385,DataTech Solutions,Influencer,Men 18-24,15 days,Website,0.13,"$8,313.00",3.69,Chicago,Spanish,705,3537,9,Tech Enthusiasts,2021-10-22
97434,Innovate Industries,Email,Women 25-34,45 days,Facebook,0.1,"$13,818.00",3.29,Chicago,English,547,8886,3,Fashionistas,2021-12-10
97464,NexGen Systems,Email,Women 35-44,60 days,Email,0.04,"$15,902.00",5.81,Los Angeles,French,387,3187,9,Fashionistas,2021-01-09
97527,TechCorp,Email,All Ages,15 days,YouTube,0.11,"$7,064.00",6.19,Chicago,Mandarin,539,5212,3,Foodies,2021-03-13
97539,DataTech Solutions,Influencer,Women 35-44,30 days,Google Ads,0.02,"$11,769.00",3.72,Houston,English,659,9752,9,Tech Enthusiasts,2021-03-25
97554,Alpha Innovations,Search,Men 25-34,60 days,Instagram,0.1,"$8,064.00",5.57,Los Angeles,French,862,4352,8,Tech Enthusiasts,2021-04-09
97603,Alpha Innovations,Email,Women 35-44,15 days,Google Ads,0.07,"$19,313.00",7.0,Chicago,Spanish,659,7581,1,Fashionistas,2021-05-28
97614,Alpha Innovations,Display,All Ages,15 days,Facebook,0.01,"$15,573.00",2.4,New York,French,798,4646,5,Fashionistas,2021-06-08
97623,DataTech Solutions,Influencer,Men 18-24,15 days,Instagram,0.1,"$11,089.00",4.89,Miami,French,441,3101,10,Health & Wellness,2021-06-17
97661,Alpha Innovations,Influencer,Men 25-34,45 days,Email,0.03,"$19,467.00",5.21,Los Angeles,German,556,2554,5,Health & Wellness,2021-07-25
97713,DataTech Solutions,Search,Women 25-34,30 days,Instagram,0.11,"$9,441.00",5.61,Houston,Spanish,943,9184,9,Outdoor Adventurers,2021-09-15
97715,NexGen Systems,Search,Men 18-24,15 days,Facebook,0.08,"$7,062.00",2.75,New York,Mandarin,213,6253,8,Health & Wellness,2021-09-17
97728,Innovate Industries,Social Media,Men 18-24,30 days,Google Ads,0.14,"$8,296.00",6.26,Chicago,Spanish,164,3043,1,Fashionistas,2021-09-30
97737,DataTech Solutions,Social Media,Women 25-34,60 days,Website,0.1,"$7,940.00",6.06,New York,French,595,4110,4,Outdoor Adventurers,2021-10-09
97783,TechCorp,Email,Men 25-34,30 days,Instagram,0.09,"$5,410.00",4.98,Chicago,English,957,6551,3,Tech Enthusiasts,2021-11-24
97852,TechCorp,Influencer,Men 18-24,15 days,Google Ads,0.03,"$17,390.00",7.22,Miami,French,472,6306,1,Outdoor Adventurers,2021-02-01
97862,Innovate Industries,Influencer,Women 35-44,60 days,Google Ads,0.13,"$18,489.00",7.12,New York,English,642,5638,8,Health & Wellness,2021-02-11
97863,Innovate Industries,Email,Men 18-24,60 days,Facebook,0.08,"$19,073.00",7.63,Chicago,English,699,1816,4,Health & Wellness,2021-02-12
97878,DataTech Solutions,Search,Men 18-24,30 days,Facebook,0.05,"$10,007.00",6.95,Los Angeles,Mandarin,352,9898,10,Outdoor Adventurers,2021-02-27
97887,DataTech Solutions,Email,Women 35-44,60 days,Instagram,0.09,"$5,657.00",2.98,Miami,Spanish,539,8228,8,Health & Wellness,2021-03-08
97941,NexGen Systems,Display,Women 35-44,45 days,Website,0.11,"$14,209.00",5.48,Houston,Spanish,863,7955,8,Foodies,2021-05-01
97971,TechCorp,Display,Women 35-44,30 days,Email,0.07,"$7,962.00",5.86,Miami,Spanish,404,8999,2,Fashionistas,2021-05-31
97986,NexGen Systems,Email,Men 25-34,60 days,Facebook,0.12,"$7,469.00",3.43,Chicago,English,238,7139,5,Fashionistas,2021-06-15
98064,Alpha Innovations,Display,Women 35-44,30 days,Website,0.13,"$9,101.00",6.32,Miami,German,676,8546,10,Outdoor Adventurers,2021-09-01
98086,DataTech Solutions,Influencer,Men 18-24,45 days,Facebook,0.07,"$14,182.00",2.33,Houston,Mandarin,512,9558,1,Outdoor Adventurers,2021-09-23
98130,Alpha Innovations,Social Media,Women 25-34,30 days,Email,0.13,"$13,844.00",2.56,Miami,German,470,7437,6,Health & Wellness,2021-11-06
98158,Innovate Industries,Social Media,Women 35-44,30 days,Instagram,0.15,"$6,496.00",2.97,New York,Spanish,348,2308,2,Tech Enthusiasts,2021-12-04
98280,TechCorp,Search,All Ages,45 days,Email,0.11,"$19,119.00",6.06,Chicago,French,371,8155,2,Outdoor Adventurers,2021-04-05
98424,NexGen Systems,Email,Men 25-34,60 days,Google Ads,0.03,"$8,792.00",4.38,Houston,Mandarin,400,8226,8,Outdoor Adventurers,2021-08-27
98432,Innovate Industries,Display,Men 18-24,30 days,Instagram,0.1,"$15,395.00",5.12,New York,French,535,5637,3,Tech Enthusiasts,2021-09-04
98439,NexGen Systems,Social Media,All Ages,45 days,Instagram,0.08,"$19,652.00",7.65,New York,English,201,7999,2,Foodies,2021-09-11
98495,Innovate Industries,Influencer,All Ages,60 days,YouTube,0.14,"$5,188.00",6.82,Houston,Mandarin,936,2221,5,Foodies,2021-11-06
98578,NexGen Systems,Search,Women 25-34,15 days,YouTube,0.09,"$15,434.00",5.44,Los Angeles,German,748,8953,5,Fashionistas,2021-01-28
98626,NexGen Systems,Email,Women 35-44,45 days,YouTube,0.09,"$16,178.00",3.39,Miami,Mandarin,437,8375,6,Health & Wellness,2021-03-17
98640,NexGen Systems,Email,Women 25-34,30 days,Email,0.06,"$5,995.00",7.26,Los Angeles,French,337,5748,6,Foodies,2021-03-31
98647,TechCorp,Search,Men 25-34,45 days,YouTube,0.06,"$15,954.00",8.0,Los Angeles,French,142,9711,4,Foodies,2021-04-07
98652,TechCorp,Email,Women 35-44,60 days,Website,0.09,"$6,728.00",2.34,Chicago,Mandarin,463,7320,5,Health & Wellness,2021-04-12
98678,DataTech Solutions,Display,Men 18-24,15 days,Facebook,0.02,"$17,162.00",2.31,Los Angeles,Mandarin,668,2544,7,Outdoor Adventurers,2021-05-08
98780,NexGen Systems,Social Media,All Ages,60 days,Facebook,0.02,"$5,677.00",3.9,Houston,English,179,4982,1,Foodies,2021-08-18
98852,Innovate Industries,Social Media,Men 25-34,60 days,YouTube,0.05,"$9,893.00",3.72,Miami,English,326,1731,5,Outdoor Adventurers,2021-10-29
98853,Alpha Innovations,Social Media,Women 25-34,30 days,Website,0.11,"$5,165.00",2.15,Los Angeles,Spanish,535,6634,7,Health & Wellness,2021-10-30
98915,TechCorp,Email,All Ages,45 days,Instagram,0.12,"$18,787.00",7.28,Houston,Mandarin,987,1808,4,Foodies,2021-12-31
98929,TechCorp,Social Media,Men 18-24,15 days,Facebook,0.07,"$10,742.00",6.1,Miami,Mandarin,434,1429,1,Fashionistas,2021-01-14
98954,TechCorp,Email,All Ages,45 days,Facebook,0.04,"$6,386.00",2.32,Miami,French,703,9308,2,Health & Wellness,2021-02-08
98988,DataTech Solutions,Display,All Ages,30 days,Facebook,0.15,"$12,044.00",4.39,Chicago,French,464,3807,2,Health & Wellness,2021-03-14
99006,NexGen Systems,Email,All Ages,30 days,Email,0.04,"$11,949.00",6.94,Miami,French,590,1506,3,Fashionistas,2021-04-01
99047,NexGen Systems,Email,Women 35-44,45 days,Website,0.11,"$12,742.00",6.22,Miami,French,669,8687,10,Health & Wellness,2021-05-12
99081,TechCorp,Display,Women 25-34,15 days,Google Ads,0.05,"$17,301.00",6.51,Chicago,French,801,3759,6,Fashionistas,2021-06-15
99095,DataTech Solutions,Display,Women 35-44,60 days,YouTube,0.07,"$18,863.00",6.27,Houston,French,872,3590,4,Foodies,2021-06-29
99104,DataTech Solutions,Display,All Ages,60 days,YouTube,0.06,"$14,380.00",4.94,Miami,Spanish,230,1309,2,Health & Wellness,2021-07-08
99111,Innovate Industries,Influencer,Men 25-34,15 days,Instagram,0.13,"$7,349.00",2.08,Miami,Mandarin,668,5875,10,Outdoor Adventurers,2021-07-15
99128,TechCorp,Social Media,Women 25-34,30 days,YouTube,0.09,"$11,336.00",2.62,Los Angeles,Spanish,677,4388,4,Outdoor Adventurers,2021-08-01
99140,TechCorp,Influencer,All Ages,30 days,Website,0.07,"$17,844.00",7.39,New York,English,805,2215,4,Outdoor Adventurers,2021-08-13
99219,NexGen Systems,Search,Men 18-24,45 days,Email,0.15,"$19,955.00",6.02,New York,English,938,7552,10,Foodies,2021-10-31
99280,DataTech Solutions,Social Media,Women 25-34,45 days,Email,0.11,"$6,856.00",3.69,Houston,Mandarin,613,1947,9,Tech Enthusiasts,2021-12-31
99289,Alpha Innovations,Influencer,Women 35-44,60 days,YouTube,0.14,"$16,225.00",3.46,Houston,Spanish,510,5268,2,Outdoor Adventurers,2021-01-09
99338,Alpha Innovations,Display,Men 25-34,30 days,Website,0.01,"$5,786.00",5.02,Miami,Spanish,327,9244,7,Health & Wellness,2021-02-27
99481,NexGen Systems,Search,Men 18-24,15 days,YouTube,0.02,"$12,599.00",4.25,Chicago,Spanish,753,7442,1,Health & Wellness,2021-07-20
99487,DataTech Solutions,Search,Men 25-34,15 days,Facebook,0.07,"$12,947.00",5.87,Los Angeles,Spanish,658,7411,3,Fashionistas,2021-07-26
99504,DataTech Solutions,Search,All Ages,30 days,Google Ads,0.07,"$7,166.00",3.55,Chicago,English,722,7192,1,Health & Wellness,2021-08-12
99538,DataTech Solutions,Social Media,Women 35-44,15 days,Instagram,0.03,"$19,355.00",2.45,Chicago,English,865,2903,2,Fashionistas,2021-09-15
99544,NexGen Systems,Influencer,Women 25-34,15 days,Instagram,0.01,"$7,276.00",5.01,Los Angeles,German,679,3700,5,Foodies,2021-09-21
99578,NexGen Systems,Influencer,Women 25-34,15 days,Facebook,0.01,"$9,504.00",2.54,Chicago,English,984,4237,3,Fashionistas,2021-10-25
99620,NexGen Systems,Display,Women 35-44,15 days,Facebook,0.15,"$8,410.00",3.51,Los Angeles,Mandarin,489,6225,6,Health & Wellness,2021-12-06
99637,Alpha Innovations,Influencer,Women 35-44,45 days,Facebook,0.06,"$16,002.00",6.91,Houston,French,174,5053,3,Outdoor Adventurers,2021-12-23
99699,Alpha Innovations,Influencer,Women 35-44,45 days,Instagram,0.09,"$17,306.00",6.54,Chicago,English,297,4072,7,Health & Wellness,2021-02-23
99706,TechCorp,Email,Women 25-34,60 days,Email,0.1,"$19,405.00",7.6,Miami,Mandarin,441,5025,5,Tech Enthusiasts,2021-03-02
99716,DataTech Solutions,Display,All Ages,60 days,Website,0.03,"$10,448.00",5.86,Chicago,Mandarin,707,5436,10,Outdoor Adventurers,2021-03-12
99805,NexGen Systems,Display,Women 25-34,30 days,Facebook,0.03,"$6,957.00",2.17,Chicago,German,367,9332,1,Foodies,2021-06-09
99817,Alpha Innovations,Display,Men 18-24,15 days,Facebook,0.15,"$5,502.00",3.45,New York,Mandarin,919,2313,8,Outdoor Adventurers,2021-06-21
99849,NexGen Systems,Display,Women 25-34,15 days,Instagram,0.12,"$16,017.00",5.12,Miami,French,137,5181,3,Health & Wellness,2021-07-23
99893,NexGen Systems,Email,Men 25-34,45 days,Website,0.04,"$17,949.00",3.85,Chicago,Mandarin,982,9877,9,Outdoor Adventurers,2021-09-05
99937,NexGen Systems,Email,Women 25-34,30 days,Website,0.06,"$6,699.00",5.38,Houston,German,148,8575,8,Foodies,2021-10-19
100000,NexGen Systems,Email,Women 25-34,15 days,YouTube,0.05,"$14,683.00",6.96,Miami,Spanish,321,2848,2,Fashionistas,2021-12-21
100034,Alpha Innovations,Search,Women 25-34,45 days,Instagram,0.02,"$12,122.00",2.98,New York,German,684,7419,5,Tech Enthusiasts,2021-01-24
100088,Alpha Innovations,Email,Men 25-34,30 days,Website,0.03,"$11,661.00",6.21,Houston,English,870,6130,10,Tech Enthusiasts,2021-03-19
100164,Alpha Innovations,Social Media,Men 18-24,45 days,YouTube,0.09,"$15,097.00",6.06,Los Angeles,Spanish,333,1359,8,Fashionistas,2021-06-03
100198,TechCorp,Influencer,Men 25-34,30 days,Google Ads,0.02,"$17,238.00",7.05,Houston,French,558,8588,7,Fashionistas,2021-07-07
100234,TechCorp,Display,Women 35-44,60 days,Google Ads,0.09,"$9,499.00",2.82,New York,English,734,1431,5,Outdoor Adventurers,2021-08-12
100250,Alpha Innovations,Display,Men 18-24,30 days,Google Ads,0.06,"$14,991.00",7.48,Los Angeles,Spanish,693,7588,4,Foodies,2021-08-28
100260,Alpha Innovations,Search,All Ages,15 days,Website,0.12,"$14,953.00",5.74,Houston,Mandarin,290,2857,5,Health & Wellness,2021-09-07
100309,DataTech Solutions,Display,Women 25-34,60 days,Facebook,0.02,"$13,203.00",3.94,New York,German,874,7281,9,Health & Wellness,2021-10-26
100363,NexGen Systems,Display,Women 25-34,15 days,YouTube,0.03,"$6,063.00",6.52,Chicago,Mandarin,971,9810,3,Health & Wellness,2021-12-19
100374,DataTech Solutions,Search,All Ages,45 days,Instagram,0.02,"$14,662.00",3.44,Miami,German,640,7098,10,Fashionistas,2021-12-30
100619,NexGen Systems,Influencer,Men 18-24,30 days,Facebook,0.06,"$13,513.00",5.66,Los Angeles,German,298,2824,7,Outdoor Adventurers,2021-09-01
100678,Innovate Industries,Social Media,Men 18-24,15 days,Email,0.09,"$14,995.00",6.41,New York,French,566,6686,9,Tech Enthusiasts,2021-10-30
100687,DataTech Solutions,Influencer,Men 18-24,60 days,YouTube,0.05,"$8,575.00",4.84,Houston,Mandarin,966,4281,7,Tech Enthusiasts,2021-11-08
100715,NexGen Systems,Social Media,All Ages,15 days,Instagram,0.02,"$9,879.00",4.84,Miami,German,501,1860,10,Health & Wellness,2021-12-06
100718,Alpha Innovations,Influencer,Women 25-34,60 days,Website,0.04,"$18,286.00",3.37,Miami,French,735,2195,10,Foodies,2021-12-09
100889,DataTech Solutions,Display,Women 25-34,60 days,Google Ads,0.12,"$19,878.00",2.14,Miami,English,472,2953,8,Tech Enthusiasts,2021-05-29
100939,DataTech Solutions,Search,All Ages,45 days,Website,0.01,"$18,357.00",2.46,Chicago,Spanish,897,9289,2,Outdoor Adventurers,2021-07-18
100998,NexGen Systems,Email,Men 25-34,45 days,Website,0.1,"$11,070.00",6.4,Chicago,English,209,3486,8,Health & Wellness,2021-09-15
101012,NexGen Systems,Search,Men 18-24,45 days,YouTube,0.05,"$17,380.00",4.96,Miami,German,228,6549,1,Fashionistas,2021-09-29
101073,NexGen Systems,Search,All Ages,60 days,Facebook,0.14,"$11,590.00",3.52,New York,French,152,1217,1,Tech Enthusiasts,2021-11-29
101080,DataTech Solutions,Social Media,Men 25-34,60 days,Email,0.13,"$7,506.00",7.29,Chicago,English,178,3523,10,Outdoor Adventurers,2021-12-06
101130,Innovate Industries,Influencer,Men 18-24,45 days,Instagram,0.04,"$16,319.00",7.22,Miami,English,457,9818,10,Outdoor Adventurers,2021-01-25
101161,TechCorp,Social Media,Women 25-34,15 days,Facebook,0.1,"$15,234.00",7.05,Los Angeles,English,906,4047,2,Tech Enthusiasts,2021-02-25
101188,NexGen Systems,Display,Women 35-44,60 days,Website,0.13,"$17,385.00",3.44,Los Angeles,German,193,6682,10,Outdoor Adventurers,2021-03-24
101239,TechCorp,Email,Men 18-24,15 days,Google Ads,0.14,"$11,275.00",7.85,Houston,Spanish,245,2345,10,Health & Wellness,2021-05-14
101282,Alpha Innovations,Social Media,Women 35-44,45 days,Website,0.05,"$9,599.00",5.69,Houston,English,270,2138,8,Health & Wellness,2021-06-26
101296,DataTech Solutions,Search,All Ages,60 days,Google Ads,0.15,"$17,034.00",3.6,Los Angeles,German,493,6314,10,Fashionistas,2021-07-10
101378,Alpha Innovations,Search,Women 35-44,60 days,Instagram,0.04,"$19,269.00",6.47,Houston,English,666,9372,8,Health & Wellness,2021-09-30
101406,TechCorp,Search,All Ages,30 days,Website,0.06,"$16,025.00",2.78,Houston,French,512,9103,7,Health & Wellness,2021-10-28
101515,DataTech Solutions,Search,All Ages,60 days,Google Ads,0.11,"$5,940.00",3.48,Los Angeles,English,370,1042,3,Foodies,2021-02-14
101556,TechCorp,Display,Men 18-24,30 days,Email,0.12,"$18,258.00",2.06,Los Angeles,Spanish,649,3416,9,Outdoor Adventurers,2021-03-27
101567,Innovate Industries,Display,All Ages,45 days,YouTube,0.12,"$12,877.00",6.75,New York,English,170,4602,1,Health & Wellness,2021-04-07
101602,Alpha Innovations,Email,Men 18-24,15 days,Facebook,0.05,"$17,368.00",3.79,Miami,Spanish,398,5575,5,Tech Enthusiasts,2021-05-12
101608,Alpha Innovations,Search,Women 25-34,60 days,Google Ads,0.14,"$9,616.00",2.07,Houston,Mandarin,937,5282,5,Health & Wellness,2021-05-18
101627,NexGen Systems,Search,All Ages,15 days,YouTube,0.02,"$13,005.00",3.96,Miami,German,300,1949,10,Foodies,2021-06-06
101644,NexGen Systems,Influencer,Men 18-24,60 days,Facebook,0.07,"$19,570.00",2.71,Chicago,French,792,4392,4,Fashionistas,2021-06-23
101669,Alpha Innovations,Display,Women 25-34,45 days,Email,0.06,"$11,488.00",2.57,New York,German,251,4994,8,Health & Wellness,2021-07-18
101675,TechCorp,Influencer,All Ages,60 days,Facebook,0.14,"$18,203.00",7.88,Chicago,Mandarin,330,2046,5,Foodies,2021-07-24
101743,DataTech Solutions,Search,All Ages,60 days,Facebook,0.11,"$7,788.00",2.45,Houston,French,774,2641,8,Health & Wellness,2021-09-30
101774,Innovate Industries,Influencer,Women 35-44,15 days,Website,0.11,"$7,253.00",6.46,Miami,German,795,2233,9,Outdoor Adventurers,2021-10-31
101798,Alpha Innovations,Search,Men 25-34,30 days,Email,0.06,"$15,395.00",3.4,New York,German,562,8951,8,Foodies,2021-11-24
101834,DataTech Solutions,Email,Men 25-34,15 days,YouTube,0.05,"$16,646.00",6.35,Chicago,French,320,3274,2,Fashionistas,2021-12-30
101856,Alpha Innovations,Display,Women 35-44,30 days,Facebook,0.11,"$10,440.00",4.33,New York,Spanish,702,8334,7,Foodies,2021-01-21
101874,Innovate Industries,Social Media,Men 18-24,15 days,Google Ads,0.06,"$5,399.00",2.74,Chicago,Spanish,716,2310,3,Tech Enthusiasts,2021-02-08
101888,TechCorp,Social Media,Men 18-24,30 days,YouTube,0.07,"$16,237.00",4.82,Chicago,German,681,1274,4,Outdoor Adventurers,2021-02-22
101896,DataTech Solutions,Influencer,Women 35-44,45 days,YouTube,0.02,"$10,424.00",3.11,Miami,Mandarin,308,6446,8,Health & Wellness,2021-03-02
101932,TechCorp,Social Media,Men 25-34,15 days,Google Ads,0.13,"$17,268.00",4.74,Houston,French,698,4238,3,Health & Wellness,2021-04-07
101933,Innovate Industries,Social Media,Men 18-24,45 days,Instagram,0.15,"$14,878.00",2.43,New York,German,827,4532,2,Health & Wellness,2021-04-08
101936,Alpha Innovations,Email,Women 25-34,15 days,Facebook,0.03,"$11,449.00",3.21,Miami,English,105,4445,5,Fashionistas,2021-04-11
101942,Alpha Innovations,Email,Women 35-44,30 days,Website,0.06,"$10,101.00",5.02,New York,French,754,9976,5,Outdoor Adventurers,2021-04-17
101943,Innovate Industries,Social Media,All Ages,30 days,Instagram,0.04,"$9,595.00",7.95,Los Angeles,German,849,8562,8,Fashionistas,2021-04-18
101950,Alpha Innovations,Display,Men 25-34,45 days,Facebook,0.02,"$8,773.00",4.2,Houston,English,434,6526,7,Fashionistas,2021-04-25
101999,Alpha Innovations,Email,Women 35-44,45 days,Facebook,0.12,"$10,331.00",5.09,New York,Mandarin,126,6498,3,Foodies,2021-06-13
102039,Innovate Industries,Email,Women 25-34,60 days,Email,0.02,"$6,544.00",5.65,Miami,Spanish,939,5236,1,Health & Wellness,2021-07-23
102089,NexGen Systems,Search,All Ages,45 days,Google Ads,0.13,"$18,058.00",2.21,Miami,French,920,7595,8,Health & Wellness,2021-09-11
102137,Alpha Innovations,Social Media,Women 35-44,45 days,Google Ads,0.02,"$11,533.00",4.85,Chicago,French,933,5514,3,Outdoor Adventurers,2021-10-29
102138,DataTech Solutions,Display,Women 35-44,60 days,Website,0.05,"$16,347.00",2.83,New York,German,168,5840,6,Health & Wellness,2021-10-30
102205,Innovate Industries,Email,Women 25-34,15 days,Instagram,0.07,"$6,012.00",3.88,Chicago,English,816,7794,8,Health & Wellness,2021-01-05
102326,Innovate Industries,Search,Women 25-34,30 days,Google Ads,0.08,"$15,455.00",2.99,New York,German,948,7324,5,Outdoor Adventurers,2021-05-06
102426,Innovate Industries,Search,All Ages,45 days,Email,0.07,"$6,336.00",7.07,Miami,English,875,7512,3,Tech Enthusiasts,2021-08-14
102431,NexGen Systems,Social Media,Women 35-44,60 days,Google Ads,0.05,"$13,415.00",2.0,Miami,English,718,3819,9,Foodies,2021-08-19
102481,DataTech Solutions,Social Media,All Ages,45 days,Google Ads,0.1,"$16,702.00",3.93,New York,Mandarin,550,9802,2,Tech Enthusiasts,2021-10-08
102497,NexGen Systems,Influencer,Men 18-24,30 days,YouTube,0.1,"$13,402.00",3.77,Chicago,English,426,9797,10,Foodies,2021-10-24
102610,NexGen Systems,Email,Men 25-34,60 days,YouTube,0.13,"$18,926.00",4.85,Houston,German,909,7832,7,Health & Wellness,2021-02-14
102636,NexGen Systems,Influencer,Men 18-24,30 days,Instagram,0.04,"$19,917.00",4.62,New York,English,957,2178,3,Outdoor Adventurers,2021-03-12
102672,NexGen Systems,Email,Women 25-34,60 days,Email,0.01,"$6,377.00",4.52,Chicago,French,154,2687,3,Foodies,2021-04-17
102762,NexGen Systems,Social Media,Women 25-34,60 days,YouTube,0.03,"$13,551.00",4.67,New York,French,728,5455,9,Foodies,2021-07-16
102791,NexGen Systems,Influencer,Women 25-34,30 days,Website,0.03,"$6,842.00",5.7,Chicago,German,134,5896,3,Outdoor Adventurers,2021-08-14
102858,DataTech Solutions,Email,Women 35-44,45 days,YouTube,0.05,"$11,169.00",5.17,Chicago,Mandarin,940,8378,5,Foodies,2021-10-20
102880,Innovate Industries,Influencer,Women 35-44,45 days,Instagram,0.11,"$9,534.00",7.06,Chicago,German,888,1117,5,Fashionistas,2021-11-11
102897,TechCorp,Search,Women 25-34,45 days,Email,0.05,"$13,264.00",7.62,New York,Spanish,667,4617,10,Health & Wellness,2021-11-28
102920,DataTech Solutions,Display,Women 25-34,60 days,Email,0.05,"$13,858.00",2.63,New York,German,226,4729,2,Foodies,2021-12-21
102931,DataTech Solutions,Influencer,Men 25-34,15 days,Instagram,0.13,"$11,888.00",2.08,Los Angeles,Mandarin,307,1792,1,Fashionistas,2021-01-01
102962,TechCorp,Search,Women 35-44,45 days,Google Ads,0.12,"$6,710.00",6.52,Chicago,German,224,8148,6,Outdoor Adventurers,2021-02-01
102963,Innovate Industries,Search,Women 25-34,15 days,YouTube,0.12,"$12,877.00",2.67,Miami,German,383,9186,7,Health & Wellness,2021-02-02
103058,Innovate Industries,Influencer,Men 25-34,60 days,Website,0.13,"$16,771.00",5.29,Houston,French,472,6884,8,Outdoor Adventurers,2021-05-08
103079,TechCorp,Social Media,Women 35-44,30 days,YouTube,0.1,"$18,922.00",7.95,Chicago,English,961,2274,3,Health & Wellness,2021-05-29
103092,NexGen Systems,Email,All Ages,15 days,YouTube,0.01,"$7,593.00",7.85,Miami,French,438,4072,6,Health & Wellness,2021-06-11
103133,TechCorp,Influencer,Men 25-34,15 days,Website,0.03,"$8,665.00",7.89,New York,German,917,7211,2,Outdoor Adventurers,2021-07-22
103159,TechCorp,Search,All Ages,15 days,Google Ads,0.08,"$9,004.00",4.89,Miami,Spanish,141,5006,10,Outdoor Adventurers,2021-08-17
103180,Innovate Industries,Search,Men 25-34,60 days,Website,0.11,"$5,570.00",2.57,Los Angeles,Mandarin,657,2007,3,Fashionistas,2021-09-07
103281,DataTech Solutions,Influencer,Men 18-24,15 days,Google Ads,0.09,"$5,797.00",2.26,Houston,Mandarin,144,3263,10,Tech Enthusiasts,2021-12-17
103289,Innovate Industries,Display,Men 18-24,15 days,Facebook,0.1,"$17,571.00",2.7,New York,German,479,7419,6,Health & Wellness,2021-12-25
103299,TechCorp,Email,Men 25-34,60 days,Email,0.03,"$11,314.00",7.44,Chicago,French,122,3178,4,Fashionistas,2021-01-04
103337,Innovate Industries,Influencer,Women 35-44,60 days,Google Ads,0.09,"$17,020.00",2.76,New York,Mandarin,119,8730,10,Tech Enthusiasts,2021-02-11
103421,Alpha Innovations,Search,Men 25-34,45 days,Facebook,0.06,"$6,846.00",5.48,Los Angeles,English,321,7438,2,Tech Enthusiasts,2021-05-06
103518,Innovate Industries,Search,All Ages,30 days,Email,0.07,"$16,777.00",5.8,Miami,Spanish,763,7426,9,Tech Enthusiasts,2021-08-11
103547,NexGen Systems,Social Media,All Ages,15 days,YouTube,0.09,"$16,336.00",4.51,Houston,French,543,9408,1,Health & Wellness,2021-09-09
103571,Innovate Industries,Email,Men 25-34,15 days,Website,0.02,"$6,416.00",7.24,Los Angeles,French,359,7916,3,Foodies,2021-10-03
103577,Innovate Industries,Search,Women 35-44,15 days,Google Ads,0.13,"$8,967.00",3.8,New York,Spanish,315,8403,8,Outdoor Adventurers,2021-10-09
103594,TechCorp,Influencer,Women 35-44,15 days,Website,0.07,"$14,671.00",2.78,Los Angeles,German,328,6125,7,Foodies,2021-10-26
103627,NexGen Systems,Influencer,Women 25-34,60 days,YouTube,0.05,"$10,663.00",3.95,Miami,Mandarin,377,1871,1,Outdoor Adventurers,2021-11-28
103687,Innovate Industries,Social Media,Men 25-34,45 days,Google Ads,0.09,"$7,367.00",7.78,Chicago,German,448,8910,10,Foodies,2021-01-27
103724,DataTech Solutions,Display,Women 35-44,60 days,Instagram,0.06,"$9,618.00",3.14,Chicago,German,906,1200,7,Outdoor Adventurers,2021-03-05
103759,Alpha Innovations,Email,Women 35-44,30 days,YouTube,0.1,"$12,232.00",5.55,Miami,Mandarin,644,9678,5,Foodies,2021-04-09
103776,TechCorp,Search,Men 18-24,15 days,Facebook,0.1,"$7,510.00",3.0,Miami,Spanish,999,3495,3,Outdoor Adventurers,2021-04-26
103809,TechCorp,Influencer,All Ages,15 days,Google Ads,0.09,"$16,197.00",3.38,New York,Mandarin,528,9034,8,Tech Enthusiasts,2021-05-29
103823,NexGen Systems,Influencer,Women 35-44,15 days,Google Ads,0.03,"$6,224.00",3.29,Houston,Spanish,402,4218,6,Health & Wellness,2021-06-12
103867,TechCorp,Social Media,Men 18-24,45 days,Instagram,0.12,"$18,983.00",7.13,Chicago,German,175,3040,9,Fashionistas,2021-07-26
103873,Alpha Innovations,Display,Men 25-34,30 days,Website,0.01,"$6,792.00",4.17,Houston,German,374,5550,10,Health & Wellness,2021-08-01
103907,Alpha Innovations,Display,Men 25-34,15 days,Google Ads,0.05,"$10,255.00",5.16,New York,French,673,2004,8,Fashionistas,2021-09-04
103970,Innovate Industries,Search,Women 25-34,30 days,Email,0.12,"$14,472.00",4.83,Los Angeles,German,672,8331,9,Fashionistas,2021-11-06
103988,TechCorp,Search,Men 25-34,45 days,Instagram,0.02,"$12,732.00",2.46,Los Angeles,German,189,4440,1,Tech Enthusiasts,2021-11-24
103997,Alpha Innovations,Email,All Ages,45 days,Google Ads,0.01,"$8,380.00",2.07,Miami,English,655,6618,5,Health & Wellness,2021-12-03
104033,Innovate Industries,Influencer,All Ages,30 days,Email,0.11,"$18,769.00",5.82,New York,English,697,9549,5,Tech Enthusiasts,2021-01-08
104044,Alpha Innovations,Email,All Ages,60 days,Facebook,0.05,"$12,138.00",2.72,Chicago,English,862,3717,3,Health & Wellness,2021-01-19
104045,Alpha Innovations,Email,All Ages,45 days,Website,0.03,"$16,250.00",2.74,Houston,German,364,3359,5,Fashionistas,2021-01-20
104069,Alpha Innovations,Social Media,Women 25-34,30 days,YouTube,0.14,"$7,416.00",4.58,Miami,French,564,7673,8,Fashionistas,2021-02-13
104095,NexGen Systems,Display,Women 35-44,30 days,Email,0.02,"$10,299.00",6.35,Chicago,Spanish,351,6401,4,Tech Enthusiasts,2021-03-11
104099,Innovate Industries,Display,Men 25-34,30 days,YouTube,0.12,"$7,226.00",3.81,New York,German,265,3613,3,Outdoor Adventurers,2021-03-15
104114,Alpha Innovations,Email,All Ages,45 days,YouTube,0.13,"$7,986.00",7.27,New York,German,218,8514,7,Tech Enthusiasts,2021-03-30
104118,Alpha Innovations,Display,Men 25-34,15 days,Instagram,0.14,"$7,795.00",5.48,Los Angeles,German,872,3960,3,Tech Enthusiasts,2021-04-03
104166,NexGen Systems,Influencer,Men 18-24,60 days,Instagram,0.1,"$17,705.00",7.69,Chicago,French,976,4481,2,Fashionistas,2021-05-21
104207,Alpha Innovations,Search,Women 35-44,45 days,Instagram,0.14,"$18,256.00",6.82,Los Angeles,English,830,4807,6,Tech Enthusiasts,2021-07-01
104232,Innovate Industries,Social Media,Women 25-34,30 days,Email,0.12,"$6,415.00",7.39,Houston,English,374,5605,7,Health & Wellness,2021-07-26
104243,NexGen Systems,Influencer,Women 35-44,60 days,Facebook,0.07,"$17,882.00",5.53,Chicago,French,845,6770,7,Foodies,2021-08-06
104460,TechCorp,Search,Men 25-34,30 days,Instagram,0.15,"$16,270.00",7.37,Miami,Mandarin,175,8460,3,Fashionistas,2021-03-11
104567,DataTech Solutions,Display,Women 35-44,60 days,Facebook,0.03,"$18,558.00",5.77,New York,English,321,6383,8,Tech Enthusiasts,2021-06-26
104644,Alpha Innovations,Search,All Ages,15 days,Email,0.12,"$16,889.00",7.15,Chicago,Spanish,280,2912,9,Health & Wellness,2021-09-11
104663,DataTech Solutions,Email,Women 35-44,30 days,Google Ads,0.08,"$6,512.00",2.11,Houston,German,578,4302,1,Tech Enthusiasts,2021-09-30
104668,Innovate Industries,Display,All Ages,15 days,Website,0.15,"$14,723.00",5.82,Los Angeles,French,939,8481,10,Foodies,2021-10-05
104679,Innovate Industries,Social Media,Men 18-24,30 days,Facebook,0.09,"$6,962.00",5.73,New York,Spanish,145,6200,9,Fashionistas,2021-10-16
104697,DataTech Solutions,Search,Men 18-24,30 days,Facebook,0.14,"$15,031.00",7.79,Chicago,Mandarin,672,5828,1,Health & Wellness,2021-11-03
104710,DataTech Solutions,Search,Men 25-34,60 days,Instagram,0.12,"$5,393.00",7.89,Miami,English,444,4897,10,Tech Enthusiasts,2021-11-16
104713,Alpha Innovations,Search,Men 18-24,60 days,Facebook,0.12,"$14,002.00",4.32,Los Angeles,Spanish,531,2410,9,Outdoor Adventurers,2021-11-19
104736,DataTech Solutions,Email,Men 18-24,30 days,Instagram,0.04,"$8,379.00",5.7,Chicago,German,954,4470,7,Foodies,2021-12-12
104831,DataTech Solutions,Influencer,Men 18-24,30 days,Email,0.14,"$5,746.00",5.14,Los Angeles,Spanish,162,5063,2,Fashionistas,2021-03-17
104837,DataTech Solutions,Social Media,Women 25-34,15 days,YouTube,0.02,"$9,677.00",6.49,New York,French,903,7863,2,Tech Enthusiasts,2021-03-23
104846,DataTech Solutions,Social Media,Men 25-34,60 days,Facebook,0.1,"$7,038.00",7.56,New York,English,273,4476,2,Fashionistas,2021-04-01
104875,Alpha Innovations,Influencer,Women 25-34,30 days,Website,0.02,"$16,507.00",5.26,Houston,French,993,8401,3,Outdoor Adventurers,2021-04-30
104877,DataTech Solutions,Display,All Ages,30 days,Google Ads,0.03,"$11,639.00",3.56,Chicago,English,533,1729,6,Foodies,2021-05-02
104889,NexGen Systems,Influencer,All Ages,30 days,YouTube,0.07,"$14,476.00",3.98,New York,Mandarin,187,7596,9,Health & Wellness,2021-05-14
104903,DataTech Solutions,Search,Women 35-44,30 days,Google Ads,0.14,"$7,579.00",3.99,Miami,English,970,4845,1,Tech Enthusiasts,2021-05-28
104909,DataTech Solutions,Social Media,All Ages,30 days,Email,0.03,"$6,539.00",4.66,Miami,Spanish,106,4210,2,Fashionistas,2021-06-03
104977,Innovate Industries,Search,All Ages,45 days,Email,0.05,"$15,816.00",2.22,Chicago,Spanish,582,3530,7,Outdoor Adventurers,2021-08-10
105001,TechCorp,Display,Women 25-34,45 days,Website,0.05,"$15,454.00",3.03,Los Angeles,Mandarin,498,1717,2,Foodies,2021-09-03
105051,NexGen Systems,Email,All Ages,45 days,YouTube,0.14,"$5,497.00",5.54,Houston,Spanish,336,3539,4,Tech Enthusiasts,2021-10-23
105136,Innovate Industries,Search,All Ages,30 days,Website,0.08,"$10,706.00",2.28,New York,Mandarin,351,7534,9,Fashionistas,2021-01-16
105262,Alpha Innovations,Display,Men 25-34,45 days,Google Ads,0.09,"$13,010.00",6.18,Houston,French,516,6129,7,Tech Enthusiasts,2021-05-22
105359,DataTech Solutions,Social Media,Men 18-24,60 days,Facebook,0.12,"$12,527.00",2.67,Houston,English,967,5591,4,Outdoor Adventurers,2021-08-27
105457,Alpha Innovations,Display,Women 35-44,60 days,Instagram,0.11,"$6,522.00",6.1,Miami,Mandarin,739,3385,3,Foodies,2021-12-03
105458,Alpha Innovations,Influencer,Men 25-34,45 days,Email,0.02,"$7,531.00",5.89,Miami,English,847,1602,7,Health & Wellness,2021-12-04
105561,TechCorp,Social Media,Women 25-34,15 days,Email,0.11,"$8,914.00",2.01,Houston,English,597,4902,8,Tech Enthusiasts,2021-03-17
105578,Innovate Industries,Display,All Ages,45 days,Facebook,0.06,"$14,540.00",8.0,Miami,English,234,2310,9,Outdoor Adventurers,2021-04-03
105632,Innovate Industries,Influencer,All Ages,45 days,YouTube,0.14,"$12,344.00",6.68,New York,French,568,9685,1,Foodies,2021-05-27
105638,TechCorp,Search,Women 35-44,60 days,Email,0.03,"$19,813.00",2.25,New York,Spanish,853,1519,1,Fashionistas,2021-06-02
105678,Innovate Industries,Search,Women 25-34,30 days,YouTube,0.14,"$6,021.00",3.99,New York,English,500,6035,2,Health & Wellness,2021-07-12
105713,TechCorp,Email,Women 35-44,15 days,YouTube,0.03,"$8,261.00",4.62,Chicago,German,245,4854,5,Foodies,2021-08-16
105714,DataTech Solutions,Influencer,Women 35-44,60 days,Website,0.1,"$18,107.00",7.33,Houston,French,566,9779,9,Fashionistas,2021-08-17
105752,Innovate Industries,Influencer,Women 35-44,45 days,Email,0.11,"$9,803.00",4.47,New York,German,318,2774,9,Tech Enthusiasts,2021-09-24
105801,Alpha Innovations,Influencer,Women 35-44,15 days,YouTube,0.09,"$12,435.00",2.25,Chicago,Mandarin,339,6887,4,Foodies,2021-11-12
105808,Innovate Industries,Email,Men 25-34,45 days,Google Ads,0.14,"$8,181.00",7.25,Miami,French,386,1560,3,Outdoor Adventurers,2021-11-19
105838,DataTech Solutions,Email,Women 25-34,15 days,Facebook,0.08,"$5,349.00",4.93,New York,German,744,5470,2,Outdoor Adventurers,2021-12-19
105858,TechCorp,Influencer,Men 18-24,15 days,Instagram,0.13,"$6,394.00",2.63,Chicago,English,141,4687,5,Outdoor Adventurers,2021-01-08
105942,Innovate Industries,Search,Women 25-34,45 days,Email,0.07,"$14,683.00",2.64,Los Angeles,Spanish,917,7723,10,Outdoor Adventurers,2021-04-02
105962,TechCorp,Email,All Ages,30 days,Facebook,0.1,"$6,142.00",3.22,Houston,French,349,6800,5,Tech Enthusiasts,2021-04-22
105998,TechCorp,Social Media,Men 18-24,15 days,Email,0.06,"$10,707.00",3.1,Chicago,Mandarin,893,4977,6,Fashionistas,2021-05-28
106002,NexGen Systems,Display,Men 25-34,60 days,Facebook,0.04,"$16,026.00",5.34,New York,Spanish,419,6954,7,Outdoor Adventurers,2021-06-01
106099,DataTech Solutions,Email,All Ages,30 days,YouTube,0.03,"$8,262.00",2.08,Houston,German,749,1303,1,Tech Enthusiasts,2021-09-06
106184,TechCorp,Social Media,Women 35-44,45 days,Email,0.04,"$8,292.00",7.86,Miami,German,828,7034,6,Fashionistas,2021-11-30
106194,TechCorp,Social Media,Women 25-34,30 days,Email,0.09,"$10,327.00",3.55,Chicago,English,301,1745,7,Foodies,2021-12-10
106241,NexGen Systems,Search,Women 35-44,45 days,Website,0.14,"$19,135.00",3.59,Miami,Mandarin,906,3222,10,Outdoor Adventurers,2021-01-26
106368,Alpha Innovations,Influencer,Men 18-24,15 days,Google Ads,0.14,"$14,956.00",3.46,Chicago,Spanish,472,1687,6,Tech Enthusiasts,2021-06-02
106452,Innovate Industries,Email,Men 18-24,45 days,Email,0.11,"$7,987.00",2.73,Houston,Spanish,787,8004,4,Health & Wellness,2021-08-25
106474,TechCorp,Display,Men 25-34,45 days,Instagram,0.1,"$13,491.00",4.03,Los Angeles,German,792,10000,8,Outdoor Adventurers,2021-09-16
106525,Alpha Innovations,Display,Men 18-24,15 days,Website,0.07,"$15,302.00",5.85,Houston,French,114,3102,5,Outdoor Adventurers,2021-11-06
106563,Alpha Innovations,Display,Men 25-34,30 days,Email,0.06,"$7,449.00",6.37,New York,Spanish,991,7063,4,Health & Wellness,2021-12-14
106629,TechCorp,Search,Men 25-34,45 days,Website,0.14,"$7,722.00",4.73,New York,French,145,4310,7,Outdoor Adventurers,2021-02-18
106639,DataTech Solutions,Influencer,Women 25-34,15 days,YouTube,0.02,"$14,020.00",7.21,Miami,German,725,9091,8,Health & Wellness,2021-02-28
106721,DataTech Solutions,Influencer,Men 18-24,60 days,Google Ads,0.01,"$9,959.00",4.5,Chicago,Mandarin,535,5942,4,Fashionistas,2021-05-21
106771,Innovate Industries,Email,Men 18-24,15 days,Google Ads,0.11,"$7,691.00",4.6,Houston,German,788,5679,2,Outdoor Adventurers,2021-07-10
106866,TechCorp,Influencer,Women 25-34,30 days,YouTube,0.02,"$8,694.00",7.91,Miami,German,298,2214,2,Tech Enthusiasts,2021-10-13
106878,DataTech Solutions,Social Media,Men 25-34,60 days,Instagram,0.14,"$11,721.00",7.88,Houston,English,727,5819,9,Tech Enthusiasts,2021-10-25
106881,TechCorp,Email,Men 18-24,45 days,Email,0.03,"$13,810.00",3.81,Houston,German,987,4307,9,Foodies,2021-10-28
106921,TechCorp,Social Media,Women 35-44,60 days,Google Ads,0.04,"$10,159.00",6.25,New York,English,125,6992,3,Health & Wellness,2021-12-07
106955,TechCorp,Email,Women 35-44,30 days,Google Ads,0.13,"$19,528.00",6.19,Miami,German,878,2868,1,Foodies,2021-01-10
107036,DataTech Solutions,Search,Women 25-34,30 days,YouTube,0.09,"$15,323.00",2.43,Houston,English,271,3814,1,Outdoor Adventurers,2021-04-01
107069,DataTech Solutions,Search,All Ages,45 days,Google Ads,0.08,"$8,182.00",2.8,New York,Mandarin,691,2382,7,Tech Enthusiasts,2021-05-04
107075,Alpha Innovations,Display,Women 35-44,60 days,Google Ads,0.07,"$13,257.00",5.57,Houston,Mandarin,324,8392,4,Outdoor Adventurers,2021-05-10
107105,Alpha Innovations,Search,Men 18-24,30 days,Google Ads,0.15,"$19,742.00",4.25,Houston,French,193,7869,10,Fashionistas,2021-06-09
107126,DataTech Solutions,Influencer,All Ages,45 days,YouTube,0.11,"$5,801.00",5.11,Los Angeles,Mandarin,329,2740,4,Health & Wellness,2021-06-30
107162,NexGen Systems,Display,Women 25-34,60 days,Google Ads,0.14,"$14,145.00",3.04,New York,English,249,5739,5,Health & Wellness,2021-08-05
107208,NexGen Systems,Social Media,Men 18-24,60 days,Email,0.1,"$17,820.00",4.32,Miami,English,295,2909,9,Health & Wellness,2021-09-20
107245,Innovate Industries,Social Media,Men 25-34,15 days,Email,0.13,"$19,675.00",3.14,Houston,Mandarin,925,5147,1,Fashionistas,2021-10-27
107260,TechCorp,Search,All Ages,30 days,YouTube,0.08,"$12,907.00",5.3,Houston,Mandarin,184,3772,5,Health & Wellness,2021-11-11
107262,DataTech Solutions,Influencer,Men 25-34,30 days,Email,0.09,"$6,055.00",3.06,New York,English,661,6598,2,Outdoor Adventurers,2021-11-13
107283,NexGen Systems,Display,Men 18-24,30 days,Instagram,0.03,"$13,882.00",2.97,Miami,Mandarin,612,4998,6,Fashionistas,2021-12-04
107381,TechCorp,Display,All Ages,45 days,Instagram,0.05,"$7,885.00",4.43,Chicago,English,222,5175,3,Outdoor Adventurers,2021-03-12
107405,Alpha Innovations,Influencer,Women 35-44,60 days,YouTube,0.07,"$16,227.00",2.84,Miami,Mandarin,733,6609,7,Health & Wellness,2021-04-05
107410,Innovate Industries,Social Media,Women 25-34,30 days,YouTube,0.09,"$13,678.00",5.22,Los Angeles,Spanish,225,8947,8,Health & Wellness,2021-04-10
107537,Innovate Industries,Social Media,Women 35-44,30 days,Instagram,0.1,"$9,903.00",3.13,Miami,German,734,5232,9,Fashionistas,2021-08-15
107573,DataTech Solutions,Social Media,Women 35-44,30 days,Instagram,0.01,"$9,635.00",2.8,Chicago,English,749,6363,1,Foodies,2021-09-20
107629,Alpha Innovations,Display,Men 25-34,30 days,Website,0.1,"$7,005.00",2.64,Chicago,Mandarin,406,6872,3,Foodies,2021-11-15
107634,DataTech Solutions,Search,Women 35-44,30 days,Google Ads,0.13,"$10,361.00",2.21,Los Angeles,Spanish,434,9605,4,Outdoor Adventurers,2021-11-20
107682,TechCorp,Search,Men 18-24,15 days,Website,0.05,"$18,477.00",3.38,Houston,English,801,4617,10,Fashionistas,2021-01-07
107696,Innovate Industries,Email,Women 25-34,30 days,Google Ads,0.06,"$13,253.00",7.17,Miami,Mandarin,624,4600,10,Fashionistas,2021-01-21
107703,TechCorp,Email,Women 25-34,60 days,Facebook,0.14,"$17,897.00",3.46,Houston,Spanish,944,2707,9,Tech Enthusiasts,2021-01-28
107704,TechCorp,Email,Men 18-24,60 days,Email,0.1,"$12,178.00",7.35,Chicago,French,397,9411,2,Foodies,2021-01-29
107847,Innovate Industries,Influencer,All Ages,45 days,Google Ads,0.09,"$13,771.00",2.83,Houston,German,218,6132,3,Health & Wellness,2021-06-21
107848,Alpha Innovations,Social Media,Men 18-24,30 days,Website,0.05,"$14,671.00",2.12,Los Angeles,English,895,4651,7,Health & Wellness,2021-06-22
107868,DataTech Solutions,Influencer,Women 35-44,15 days,Instagram,0.09,"$5,017.00",4.3,Miami,Spanish,825,5292,8,Fashionistas,2021-07-12
107871,Alpha Innovations,Social Media,Men 25-34,60 days,YouTube,0.12,"$18,551.00",5.26,New York,Mandarin,408,5674,10,Outdoor Adventurers,2021-07-15
107898,TechCorp,Email,Men 18-24,15 days,Website,0.07,"$17,048.00",3.0,New York,Mandarin,280,9874,9,Health & Wellness,2021-08-11
107914,Alpha Innovations,Email,Women 35-44,45 days,Facebook,0.15,"$9,850.00",2.14,Houston,French,323,9511,2,Foodies,2021-08-27
107933,Alpha Innovations,Influencer,All Ages,60 days,Email,0.11,"$9,794.00",2.41,Miami,Spanish,412,4409,4,Tech Enthusiasts,2021-09-15
107945,Innovate Industries,Email,Men 18-24,30 days,Google Ads,0.12,"$11,674.00",4.9,Chicago,English,274,2260,4,Outdoor Adventurers,2021-09-27
107946,Alpha Innovations,Display,All Ages,30 days,Email,0.11,"$14,483.00",5.24,Houston,German,414,1256,8,Foodies,2021-09-28
107974,NexGen Systems,Search,Women 35-44,45 days,Google Ads,0.06,"$8,625.00",4.7,Los Angeles,German,788,7976,5,Health & Wellness,2021-10-26
108009,Innovate Industries,Search,All Ages,60 days,Google Ads,0.14,"$10,330.00",3.92,Miami,French,595,7875,8,Health & Wellness,2021-11-30
108019,NexGen Systems,Search,Women 25-34,60 days,YouTube,0.06,"$13,253.00",6.45,Miami,French,288,3315,5,Health & Wellness,2021-12-10
108041,Innovate Industries,Display,Men 18-24,45 days,Google Ads,0.1,"$17,175.00",3.35,New York,French,641,6696,3,Fashionistas,2021-01-01
108081,DataTech Solutions,Influencer,All Ages,15 days,Instagram,0.12,"$5,977.00",5.89,New York,German,932,1736,3,Health & Wellness,2021-02-10
108088,DataTech Solutions,Display,Men 18-24,15 days,YouTube,0.06,"$19,276.00",2.58,New York,English,751,8021,1,Tech Enthusiasts,2021-02-17
108103,Innovate Industries,Display,All Ages,15 days,Instagram,0.14,"$9,264.00",6.66,Chicago,Spanish,535,2783,4,Fashionistas,2021-03-04
108106,DataTech Solutions,Display,Men 25-34,45 days,Facebook,0.13,"$13,185.00",5.82,New York,Mandarin,678,4440,2,Tech Enthusiasts,2021-03-07
108150,DataTech Solutions,Social Media,Men 25-34,45 days,YouTube,0.01,"$18,994.00",6.1,Chicago,Mandarin,801,1835,7,Tech Enthusiasts,2021-04-20
108177,TechCorp,Social Media,All Ages,15 days,Instagram,0.02,"$14,929.00",5.96,Miami,Mandarin,701,2998,2,Health & Wellness,2021-05-17
108180,Alpha Innovations,Influencer,Women 35-44,30 days,Website,0.02,"$15,575.00",4.12,Houston,German,809,9486,6,Tech Enthusiasts,2021-05-20
108204,TechCorp,Display,Women 35-44,45 days,YouTube,0.1,"$18,472.00",6.44,Houston,German,852,8291,9,Foodies,2021-06-13
108211,Innovate Industries,Email,Women 25-34,30 days,Email,0.06,"$16,776.00",3.75,Miami,French,726,8262,4,Fashionistas,2021-06-20
108214,TechCorp,Search,All Ages,60 days,Instagram,0.13,"$16,041.00",7.44,Houston,Spanish,855,8001,10,Outdoor Adventurers,2021-06-23
108229,Alpha Innovations,Social Media,Women 35-44,15 days,Website,0.13,"$14,663.00",4.4,Houston,Mandarin,970,2371,2,Foodies,2021-07-08
108233,NexGen Systems,Email,Men 18-24,45 days,Website,0.09,"$17,047.00",5.56,New York,Spanish,286,1061,4,Tech Enthusiasts,2021-07-12
108304,Innovate Industries,Social Media,All Ages,15 days,Instagram,0.12,"$19,976.00",4.56,Miami,Mandarin,305,9974,9,Foodies,2021-09-21
108339,TechCorp,Display,Men 25-34,15 days,Facebook,0.15,"$15,253.00",7.81,Chicago,Spanish,244,3845,10,Foodies,2021-10-26
108363,Alpha Innovations,Display,Men 25-34,45 days,Email,0.02,"$7,762.00",3.5,Los Angeles,German,746,6179,4,Fashionistas,2021-11-19
108390,TechCorp,Influencer,Women 25-34,15 days,Google Ads,0.11,"$17,331.00",4.8,Miami,German,640,8067,8,Tech Enthusiasts,2021-12-16
108481,Innovate Industries,Social Media,Women 25-34,30 days,Instagram,0.15,"$18,552.00",3.81,Los Angeles,German,653,7290,3,Outdoor Adventurers,2021-03-17
108500,Innovate Industries,Display,Men 25-34,15 days,Google Ads,0.13,"$6,406.00",6.8,New York,Spanish,842,8669,1,Tech Enthusiasts,2021-04-05
108566,NexGen Systems,Search,Women 25-34,15 days,Facebook,0.08,"$14,977.00",2.53,Miami,Spanish,575,2157,7,Fashionistas,2021-06-10
108720,DataTech Solutions,Search,Men 25-34,30 days,Website,0.02,"$17,584.00",5.24,Houston,French,985,6116,6,Health & Wellness,2021-11-11
108726,Alpha Innovations,Search,Women 25-34,60 days,Email,0.12,"$13,952.00",6.43,Miami,French,656,7707,2,Outdoor Adventurers,2021-11-17
108743,NexGen Systems,Influencer,Men 18-24,45 days,YouTube,0.07,"$14,828.00",3.45,New York,Spanish,563,3607,8,Health & Wellness,2021-12-04
108787,NexGen Systems,Search,Men 18-24,60 days,Website,0.14,"$16,214.00",7.96,Los Angeles,Mandarin,939,5746,6,Tech Enthusiasts,2021-01-17
108803,Innovate Industries,Search,Men 25-34,15 days,Facebook,0.15,"$15,521.00",2.91,Houston,Mandarin,585,2804,10,Outdoor Adventurers,2021-02-02
108805,Innovate Industries,Social Media,Men 25-34,60 days,Email,0.12,"$18,220.00",3.47,New York,French,267,1613,5,Foodies,2021-02-04
108817,NexGen Systems,Display,Women 25-34,30 days,Website,0.09,"$18,554.00",3.93,New York,English,287,9075,2,Tech Enthusiasts,2021-02-16
108838,DataTech Solutions,Search,Men 25-34,60 days,Google Ads,0.03,"$8,202.00",2.39,Houston,Mandarin,831,2151,4,Foodies,2021-03-09
108852,Innovate Industries,Email,Men 25-34,45 days,Email,0.04,"$9,624.00",3.47,Chicago,Mandarin,884,4346,1,Foodies,2021-03-23
108865,NexGen Systems,Social Media,Women 35-44,15 days,YouTube,0.14,"$13,318.00",5.51,Houston,Mandarin,695,9595,3,Foodies,2021-04-05
108888,TechCorp,Social Media,Women 35-44,30 days,Instagram,0.03,"$5,065.00",3.85,Chicago,French,257,1383,3,Outdoor Adventurers,2021-04-28
108972,Alpha Innovations,Social Media,All Ages,45 days,Instagram,0.02,"$7,152.00",7.15,Chicago,French,494,3597,6,Tech Enthusiasts,2021-07-21
109057,DataTech Solutions,Influencer,Men 25-34,60 days,Facebook,0.14,"$18,911.00",2.98,New York,Spanish,423,3207,4,Fashionistas,2021-10-14
109058,NexGen Systems,Search,Men 25-34,15 days,Google Ads,0.14,"$19,984.00",3.93,Miami,Spanish,705,6809,10,Outdoor Adventurers,2021-10-15
109064,DataTech Solutions,Search,Women 35-44,15 days,Facebook,0.02,"$14,575.00",5.93,Miami,German,374,8391,9,Fashionistas,2021-10-21
109099,Innovate Industries,Influencer,Women 35-44,60 days,Facebook,0.03,"$5,032.00",5.14,Chicago,English,902,5712,5,Tech Enthusiasts,2021-11-25
109192,Alpha Innovations,Search,Women 25-34,30 days,YouTube,0.14,"$7,535.00",7.48,Chicago,Spanish,887,8797,3,Tech Enthusiasts,2021-02-26
109196,TechCorp,Display,Women 35-44,60 days,Website,0.03,"$6,711.00",2.34,New York,Mandarin,248,8528,9,Outdoor Adventurers,2021-03-02
109329,TechCorp,Email,Women 25-34,30 days,Facebook,0.09,"$7,572.00",3.53,Houston,Spanish,792,7019,10,Health & Wellness,2021-07-13
109378,TechCorp,Social Media,Women 35-44,60 days,Google Ads,0.02,"$14,966.00",3.21,Los Angeles,German,579,7874,6,Tech Enthusiasts,2021-08-31
109446,TechCorp,Influencer,Men 25-34,45 days,YouTube,0.06,"$10,689.00",7.41,Chicago,German,653,5700,9,Foodies,2021-11-07
109528,TechCorp,Social Media,Men 25-34,60 days,YouTube,0.11,"$15,822.00",6.85,Chicago,German,694,1650,5,Tech Enthusiasts,2021-01-28
109622,TechCorp,Email,Women 35-44,15 days,Email,0.02,"$19,772.00",7.35,Chicago,Mandarin,259,9463,10,Foodies,2021-05-02
109681,Alpha Innovations,Display,Women 35-44,45 days,Google Ads,0.04,"$17,502.00",3.93,Los Angeles,Spanish,314,5580,3,Health & Wellness,2021-06-30
109717,Innovate Industries,Influencer,Men 25-34,30 days,Facebook,0.13,"$17,893.00",2.7,New York,German,513,5859,1,Outdoor Adventurers,2021-08-05
109742,Alpha Innovations,Influencer,Men 25-34,45 days,Instagram,0.04,"$12,427.00",5.97,Houston,French,330,1898,8,Health & Wellness,2021-08-30
109748,DataTech Solutions,Display,Men 25-34,60 days,Instagram,0.03,"$14,229.00",7.27,Chicago,English,174,4029,6,Tech Enthusiasts,2021-09-05
109853,NexGen Systems,Display,Men 18-24,60 days,Website,0.08,"$12,321.00",6.43,New York,English,786,3736,2,Foodies,2021-12-19
109918,Alpha Innovations,Display,Men 25-34,45 days,Instagram,0.15,"$9,034.00",4.98,Chicago,French,394,1146,3,Foodies,2021-02-22
109958,TechCorp,Search,Women 35-44,45 days,Email,0.15,"$19,250.00",2.27,New York,English,668,9592,10,Foodies,2021-04-03
109963,Innovate Industries,Influencer,Women 25-34,60 days,Google Ads,0.09,"$6,121.00",3.24,Los Angeles,Spanish,524,1991,9,Tech Enthusiasts,2021-04-08
109986,DataTech Solutions,Search,Women 25-34,60 days,Google Ads,0.1,"$12,877.00",7.92,Los Angeles,Mandarin,497,6835,1,Health & Wellness,2021-05-01
109991,DataTech Solutions,Display,Men 18-24,45 days,Email,0.04,"$18,811.00",4.19,Houston,German,242,7714,3,Health & Wellness,2021-05-06
110076,Alpha Innovations,Display,Women 25-34,45 days,Email,0.01,"$13,975.00",2.37,Miami,German,963,1159,2,Tech Enthusiasts,2021-07-30
110167,DataTech Solutions,Influencer,Women 25-34,15 days,Website,0.11,"$6,153.00",6.54,New York,English,773,3532,9,Health & Wellness,2021-10-29
110246,Alpha Innovations,Email,Women 25-34,45 days,Instagram,0.05,"$10,092.00",3.34,Houston,Mandarin,687,2952,3,Foodies,2021-01-16
110252,NexGen Systems,Social Media,Men 18-24,15 days,Website,0.14,"$15,689.00",6.17,Los Angeles,French,878,9632,2,Tech Enthusiasts,2021-01-22
110440,TechCorp,Search,Women 35-44,60 days,Website,0.1,"$14,225.00",7.94,New York,Mandarin,676,1478,1,Outdoor Adventurers,2021-07-29
110477,TechCorp,Display,Men 25-34,30 days,Google Ads,0.04,"$13,043.00",4.73,New York,French,794,5916,10,Health & Wellness,2021-09-04
110498,NexGen Systems,Email,Women 25-34,15 days,Facebook,0.05,"$18,893.00",4.81,Los Angeles,Spanish,922,8616,5,Tech Enthusiasts,2021-09-25
110532,Innovate Industries,Display,Men 25-34,30 days,Website,0.13,"$9,486.00",3.18,Chicago,Mandarin,139,1397,6,Tech Enthusiasts,2021-10-29
110535,DataTech Solutions,Influencer,Men 18-24,30 days,Email,0.03,"$14,475.00",5.03,Chicago,Mandarin,276,4338,5,Health & Wellness,2021-11-01
110681,TechCorp,Email,Women 25-34,30 days,Facebook,0.1,"$6,852.00",2.69,Miami,English,233,8331,6,Health & Wellness,2021-03-27
110728,TechCorp,Search,Women 25-34,15 days,Email,0.03,"$19,117.00",3.02,Los Angeles,German,413,7095,9,Health & Wellness,2021-05-13
110729,DataTech Solutions,Email,Men 25-34,60 days,Website,0.04,"$9,716.00",3.42,New York,French,380,2609,7,Health & Wellness,2021-05-14
110731,DataTech Solutions,Influencer,All Ages,60 days,Facebook,0.02,"$6,685.00",4.25,Miami,German,566,6752,4,Tech Enthusiasts,2021-05-16
110795,NexGen Systems,Social Media,Women 35-44,60 days,Email,0.09,"$12,305.00",6.85,Miami,German,444,9654,1,Fashionistas,2021-07-19
110853,Alpha Innovations,Display,All Ages,45 days,Facebook,0.02,"$9,323.00",3.35,New York,Mandarin,184,2435,2,Tech Enthusiasts,2021-09-15
110903,Alpha Innovations,Influencer,Women 25-34,30 days,Website,0.06,"$18,948.00",2.23,Chicago,Spanish,256,8023,5,Foodies,2021-11-04
110942,DataTech Solutions,Email,Women 25-34,60 days,Instagram,0.07,"$10,878.00",7.77,Los Angeles,French,847,2696,10,Fashionistas,2021-12-13
110978,TechCorp,Social Media,Men 18-24,45 days,Google Ads,0.04,"$19,884.00",2.46,Houston,English,698,6803,5,Fashionistas,2021-01-18
111014,Alpha Innovations,Influencer,All Ages,60 days,Google Ads,0.03,"$12,678.00",6.73,Houston,English,912,5486,2,Tech Enthusiasts,2021-02-23
111040,NexGen Systems,Search,Women 25-34,60 days,Website,0.06,"$13,336.00",5.86,New York,Spanish,223,7213,5,Tech Enthusiasts,2021-03-21
111125,Innovate Industries,Social Media,All Ages,60 days,Instagram,0.12,"$14,589.00",4.55,Los Angeles,German,893,4338,10,Fashionistas,2021-06-14
111136,NexGen Systems,Search,Women 25-34,15 days,Website,0.13,"$15,233.00",4.13,Los Angeles,Spanish,624,7241,10,Health & Wellness,2021-06-25
111138,NexGen Systems,Email,All Ages,45 days,Instagram,0.03,"$14,534.00",7.21,Chicago,German,177,3565,9,Fashionistas,2021-06-27
111156,TechCorp,Influencer,Women 35-44,45 days,Google Ads,0.08,"$10,195.00",6.36,Miami,French,838,3798,1,Fashionistas,2021-07-15
111168,Innovate Industries,Social Media,Women 35-44,45 days,Facebook,0.03,"$14,353.00",7.59,Los Angeles,English,369,4964,8,Tech Enthusiasts,2021-07-27
111236,NexGen Systems,Display,Women 35-44,30 days,Instagram,0.1,"$7,684.00",6.13,Houston,German,110,2069,6,Fashionistas,2021-10-03
111239,TechCorp,Display,Men 18-24,45 days,Email,0.03,"$19,198.00",7.34,Houston,German,946,4939,1,Fashionistas,2021-10-06
111254,NexGen Systems,Influencer,Men 18-24,15 days,Email,0.09,"$16,811.00",6.27,Los Angeles,English,530,7979,9,Health & Wellness,2021-10-21
111269,Alpha Innovations,Search,Women 35-44,15 days,YouTube,0.14,"$19,355.00",7.25,Houston,Mandarin,908,3000,7,Foodies,2021-11-05
111284,Innovate Industries,Email,Men 18-24,60 days,Website,0.01,"$19,947.00",5.95,Miami,German,897,7529,8,Outdoor Adventurers,2021-11-20
111323,TechCorp,Email,Men 18-24,60 days,Website,0.03,"$8,225.00",4.88,Miami,French,501,3563,2,Fashionistas,2021-12-29
111374,TechCorp,Email,Men 25-34,45 days,Facebook,0.15,"$10,848.00",2.42,Los Angeles,French,737,4328,7,Foodies,2021-02-18
111485,Alpha Innovations,Social Media,Women 35-44,15 days,Facebook,0.15,"$5,545.00",7.13,Los Angeles,French,823,8179,6,Health & Wellness,2021-06-09
111572,Innovate Industries,Display,Women 25-34,30 days,Instagram,0.1,"$11,789.00",2.07,New York,English,238,2596,9,Tech Enthusiasts,2021-09-04
111593,Innovate Industries,Email,Women 25-34,15 days,Facebook,0.13,"$7,054.00",7.35,Chicago,French,625,9591,6,Outdoor Adventurers,2021-09-25
111630,Innovate Industries,Influencer,Women 35-44,45 days,Facebook,0.09,"$8,102.00",3.54,Los Angeles,French,222,3109,6,Outdoor Adventurers,2021-11-01
111632,NexGen Systems,Influencer,Men 25-34,45 days,Facebook,0.06,"$8,697.00",2.88,Miami,English,454,3637,4,Foodies,2021-11-03
111688,NexGen Systems,Search,Men 18-24,30 days,Email,0.02,"$16,451.00",4.61,Houston,French,757,7721,6,Health & Wellness,2021-12-29
111723,DataTech Solutions,Influencer,Men 25-34,30 days,Website,0.05,"$9,532.00",2.56,Chicago,Spanish,861,8041,10,Foodies,2021-02-02
111748,TechCorp,Influencer,Women 35-44,60 days,Google Ads,0.05,"$12,106.00",4.42,Houston,German,822,5568,9,Foodies,2021-02-27
111791,Innovate Industries,Search,All Ages,30 days,YouTube,0.07,"$17,355.00",6.43,Houston,Spanish,802,9116,2,Tech Enthusiasts,2021-04-11
111845,NexGen Systems,Social Media,Women 25-34,45 days,Website,0.12,"$9,434.00",4.83,Miami,English,217,8235,3,Outdoor Adventurers,2021-06-04
111942,TechCorp,Influencer,Women 35-44,45 days,Facebook,0.04,"$11,064.00",5.58,Los Angeles,German,399,3951,3,Fashionistas,2021-09-09
111967,NexGen Systems,Display,All Ages,30 days,Website,0.03,"$16,699.00",4.42,Miami,French,940,7235,10,Outdoor Adventurers,2021-10-04
111988,Alpha Innovations,Search,Women 35-44,30 days,Email,0.12,"$7,352.00",5.12,Miami,Spanish,800,5219,9,Health & Wellness,2021-10-25
112030,Innovate Industries,Social Media,Men 25-34,30 days,Google Ads,0.03,"$10,570.00",2.23,New York,German,148,6531,9,Fashionistas,2021-12-06
112055,DataTech Solutions,Search,Women 35-44,45 days,Email,0.04,"$12,255.00",6.68,Los Angeles,Mandarin,836,7791,1,Foodies,2021-12-31
112073,TechCorp,Social Media,Women 35-44,15 days,Email,0.14,"$19,747.00",3.81,Miami,German,455,1055,8,Health & Wellness,2021-01-18
112214,Alpha Innovations,Email,All Ages,60 days,Instagram,0.05,"$12,409.00",7.97,Los Angeles,Spanish,120,1427,7,Fashionistas,2021-06-08
112215,NexGen Systems,Display,Men 18-24,45 days,Instagram,0.11,"$10,778.00",3.91,Houston,English,603,2939,4,Tech Enthusiasts,2021-06-09
112235,Innovate Industries,Search,Men 18-24,30 days,YouTube,0.09,"$7,086.00",5.31,Miami,French,227,1672,7,Outdoor Adventurers,2021-06-29
112317,TechCorp,Search,Men 25-34,30 days,Instagram,0.08,"$16,712.00",4.91,Chicago,Spanish,329,3775,8,Foodies,2021-09-19
112349,Innovate Industries,Social Media,Men 25-34,15 days,Website,0.14,"$16,006.00",4.8,Chicago,German,941,6903,4,Fashionistas,2021-10-21
112391,DataTech Solutions,Search,Men 25-34,30 days,YouTube,0.01,"$17,092.00",4.91,New York,Mandarin,640,5571,1,Fashionistas,2021-12-02
112423,TechCorp,Social Media,All Ages,45 days,Instagram,0.12,"$10,532.00",7.12,Miami,German,395,6581,6,Foodies,2021-01-03
112513,NexGen Systems,Email,Men 18-24,15 days,Website,0.02,"$5,537.00",7.67,Miami,German,140,6491,6,Fashionistas,2021-04-03
112528,NexGen Systems,Influencer,Men 25-34,60 days,Instagram,0.12,"$19,545.00",2.82,Houston,English,144,4781,8,Outdoor Adventurers,2021-04-18
112650,TechCorp,Social Media,Men 25-34,45 days,YouTube,0.13,"$18,719.00",3.44,Houston,Spanish,189,7854,1,Foodies,2021-08-18
112688,Alpha Innovations,Search,Men 25-34,45 days,Google Ads,0.06,"$6,869.00",3.17,Miami,Mandarin,954,2990,4,Foodies,2021-09-25
112694,TechCorp,Display,Women 25-34,30 days,YouTube,0.13,"$10,728.00",5.52,Miami,French,143,3832,3,Fashionistas,2021-10-01
112735,Alpha Innovations,Social Media,All Ages,30 days,Google Ads,0.07,"$10,381.00",4.31,New York,German,350,9215,3,Outdoor Adventurers,2021-11-11
112763,TechCorp,Influencer,Women 35-44,15 days,Google Ads,0.03,"$16,822.00",7.23,New York,English,799,8902,7,Fashionistas,2021-12-09
112802,Innovate Industries,Email,Men 18-24,45 days,YouTube,0.1,"$9,792.00",4.69,Chicago,French,588,2140,4,Foodies,2021-01-17
112813,TechCorp,Social Media,All Ages,30 days,Google Ads,0.06,"$11,071.00",5.47,Houston,French,591,8850,4,Outdoor Adventurers,2021-01-28
112853,Alpha Innovations,Display,Women 25-34,30 days,YouTube,0.02,"$16,610.00",2.01,New York,French,419,7902,7,Tech Enthusiasts,2021-03-09
112904,DataTech Solutions,Search,Women 25-34,60 days,Google Ads,0.06,"$15,613.00",6.35,Miami,Mandarin,965,5746,2,Fashionistas,2021-04-29
112925,NexGen Systems,Email,Men 25-34,15 days,Email,0.06,"$6,599.00",6.47,Los Angeles,German,219,4202,4,Fashionistas,2021-05-20
112968,Alpha Innovations,Search,Men 18-24,45 days,Email,0.01,"$10,151.00",5.13,Chicago,English,759,3993,1,Health & Wellness,2021-07-02
113041,Innovate Industries,Search,Women 25-34,60 days,Email,0.09,"$8,983.00",4.45,New York,French,981,1761,8,Fashionistas,2021-09-13
113064,NexGen Systems,Influencer,Men 25-34,15 days,Email,0.03,"$12,173.00",7.51,Miami,English,800,1339,3,Tech Enthusiasts,2021-10-06
113271,DataTech Solutions,Search,Women 35-44,30 days,Google Ads,0.04,"$14,120.00",5.58,Houston,Spanish,930,4899,6,Fashionistas,2021-05-01
113302,DataTech Solutions,Influencer,Women 25-34,15 days,Facebook,0.12,"$13,473.00",2.13,Los Angeles,Mandarin,853,2453,8,Outdoor Adventurers,2021-06-01
113311,DataTech Solutions,Search,Men 25-34,60 days,Website,0.1,"$7,673.00",2.76,Los Angeles,English,354,9574,10,Tech Enthusiasts,2021-06-10
113400,DataTech Solutions,Social Media,Women 25-34,60 days,Website,0.09,"$8,710.00",3.97,New York,Mandarin,691,6301,2,Tech Enthusiasts,2021-09-07
113408,DataTech Solutions,Display,Women 25-34,30 days,Instagram,0.07,"$10,433.00",4.27,Chicago,Spanish,766,9257,5,Health & Wellness,2021-09-15
113422,NexGen Systems,Social Media,Men 25-34,30 days,Facebook,0.08,"$13,514.00",4.47,Houston,Mandarin,615,1935,2,Outdoor Adventurers,2021-09-29
113448,DataTech Solutions,Email,Women 35-44,45 days,Facebook,0.06,"$5,647.00",2.0,Houston,German,915,2395,5,Health & Wellness,2021-10-25
113455,Innovate Industries,Influencer,Men 18-24,30 days,Google Ads,0.1,"$10,069.00",3.85,Houston,Mandarin,652,1300,5,Outdoor Adventurers,2021-11-01
113491,Innovate Industries,Social Media,Men 25-34,45 days,Website,0.06,"$11,290.00",6.57,Chicago,English,865,6751,6,Foodies,2021-12-07
113504,NexGen Systems,Influencer,All Ages,60 days,Instagram,0.15,"$18,731.00",7.6,Miami,German,983,1885,1,Outdoor Adventurers,2021-12-20
113540,Alpha Innovations,Email,Women 25-34,30 days,Facebook,0.07,"$15,826.00",5.96,Houston,English,639,1313,5,Outdoor Adventurers,2021-01-25
113599,TechCorp,Social Media,Men 25-34,45 days,Google Ads,0.08,"$19,849.00",4.9,Chicago,German,480,9225,7,Foodies,2021-03-25
113624,NexGen Systems,Display,Men 18-24,60 days,YouTube,0.04,"$7,146.00",4.7,Los Angeles,German,459,9218,5,Foodies,2021-04-19
113636,NexGen Systems,Display,All Ages,30 days,Instagram,0.05,"$14,254.00",6.04,Miami,French,338,1328,3,Fashionistas,2021-05-01
113670,NexGen Systems,Email,Women 35-44,45 days,Email,0.09,"$19,401.00",4.51,Miami,French,257,7148,5,Foodies,2021-06-04
113677,NexGen Systems,Email,Women 25-34,15 days,Google Ads,0.14,"$5,670.00",3.58,Houston,Mandarin,768,6666,7,Health & Wellness,2021-06-11
113698,NexGen Systems,Display,Women 25-34,60 days,Website,0.13,"$5,891.00",6.17,Los Angeles,Spanish,923,3469,10,Fashionistas,2021-07-02
113729,DataTech Solutions,Search,Men 18-24,45 days,Google Ads,0.05,"$11,667.00",6.91,Miami,German,441,9904,9,Health & Wellness,2021-08-02
113761,NexGen Systems,Email,All Ages,15 days,Website,0.07,"$9,350.00",7.86,Chicago,English,931,2939,7,Fashionistas,2021-09-03
113773,DataTech Solutions,Influencer,Women 35-44,45 days,Email,0.03,"$18,266.00",7.4,New York,French,282,4399,1,Outdoor Adventurers,2021-09-15
113843,TechCorp,Social Media,Men 18-24,30 days,YouTube,0.13,"$10,315.00",4.44,Miami,Mandarin,315,9321,6,Fashionistas,2021-11-24
113898,NexGen Systems,Social Media,Women 35-44,15 days,YouTube,0.11,"$18,113.00",7.76,New York,French,607,6887,3,Tech Enthusiasts,2021-01-18
113931,TechCorp,Influencer,Men 25-34,60 days,Facebook,0.14,"$6,472.00",2.79,New York,Mandarin,536,7939,1,Tech Enthusiasts,2021-02-20
113943,DataTech Solutions,Influencer,Women 25-34,60 days,Facebook,0.11,"$13,800.00",6.27,Houston,German,706,4727,10,Fashionistas,2021-03-04
113971,Alpha Innovations,Influencer,Men 25-34,60 days,YouTube,0.09,"$17,292.00",7.19,Chicago,Spanish,856,2223,7,Fashionistas,2021-04-01
113981,Innovate Industries,Search,Women 35-44,45 days,Google Ads,0.12,"$19,937.00",7.58,Los Angeles,Mandarin,463,5214,4,Fashionistas,2021-04-11
113993,NexGen Systems,Social Media,Women 35-44,45 days,Email,0.05,"$17,809.00",6.11,Chicago,German,570,1746,4,Health & Wellness,2021-04-23
114058,DataTech Solutions,Influencer,Men 18-24,30 days,Google Ads,0.07,"$14,544.00",5.86,Miami,Spanish,883,1021,9,Foodies,2021-06-27
114107,Alpha Innovations,Email,Women 25-34,60 days,Facebook,0.09,"$14,914.00",3.69,Houston,Mandarin,250,3949,5,Health & Wellness,2021-08-15
114113,NexGen Systems,Search,All Ages,60 days,Instagram,0.14,"$11,581.00",5.73,Houston,French,937,2580,1,Foodies,2021-08-21
114171,Innovate Industries,Influencer,All Ages,15 days,Facebook,0.09,"$5,915.00",4.97,Los Angeles,German,120,8616,3,Tech Enthusiasts,2021-10-18
114242,DataTech Solutions,Email,Men 25-34,15 days,Instagram,0.06,"$9,817.00",3.18,Miami,Spanish,888,8208,9,Foodies,2021-12-28
114320,Alpha Innovations,Email,Men 18-24,30 days,Website,0.06,"$6,566.00",3.84,Houston,German,911,7111,2,Outdoor Adventurers,2021-03-16
114358,Alpha Innovations,Email,Men 25-34,45 days,Website,0.12,"$6,697.00",2.96,Houston,German,411,5614,2,Outdoor Adventurers,2021-04-23
114379,DataTech Solutions,Influencer,All Ages,30 days,Instagram,0.08,"$9,271.00",7.69,Miami,German,848,3451,6,Outdoor Adventurers,2021-05-14
114490,DataTech Solutions,Display,All Ages,60 days,Facebook,0.1,"$18,430.00",4.48,Los Angeles,French,241,2504,7,Tech Enthusiasts,2021-09-02
114505,Alpha Innovations,Email,Men 18-24,15 days,Facebook,0.14,"$13,241.00",7.93,New York,Mandarin,602,5883,8,Foodies,2021-09-17
114517,Alpha Innovations,Influencer,Women 35-44,15 days,YouTube,0.03,"$14,576.00",4.77,Los Angeles,English,418,2597,9,Outdoor Adventurers,2021-09-29
114604,TechCorp,Social Media,Men 25-34,30 days,YouTube,0.03,"$10,348.00",5.97,Miami,French,1000,8199,6,Foodies,2021-12-25
114628,DataTech Solutions,Email,Women 25-34,30 days,Instagram,0.01,"$14,980.00",2.16,Houston,Mandarin,407,8540,3,Health & Wellness,2021-01-18
114662,Innovate Industries,Email,All Ages,15 days,Facebook,0.03,"$18,215.00",7.84,Houston,German,734,3435,7,Outdoor Adventurers,2021-02-21
114705,NexGen Systems,Search,Women 25-34,60 days,Website,0.02,"$15,437.00",3.28,Chicago,English,586,7944,8,Fashionistas,2021-04-05
114767,NexGen Systems,Influencer,Men 25-34,45 days,YouTube,0.08,"$16,687.00",2.08,Miami,English,641,4902,9,Health & Wellness,2021-06-06
114862,NexGen Systems,Social Media,Women 25-34,60 days,Instagram,0.14,"$12,975.00",4.05,Chicago,German,581,6165,5,Fashionistas,2021-09-09
114886,NexGen Systems,Email,Men 18-24,15 days,Email,0.06,"$16,627.00",2.45,Houston,Spanish,409,1898,5,Tech Enthusiasts,2021-10-03
114924,DataTech Solutions,Display,Women 25-34,30 days,Email,0.09,"$15,133.00",4.25,Miami,Mandarin,718,7655,1,Fashionistas,2021-11-10
114960,NexGen Systems,Email,Women 25-34,45 days,Google Ads,0.12,"$12,012.00",3.97,Houston,Spanish,739,6362,6,Fashionistas,2021-12-16
114966,NexGen Systems,Email,Men 18-24,30 days,Website,0.09,"$7,639.00",7.02,Los Angeles,French,203,1132,4,Tech Enthusiasts,2021-12-22
114994,NexGen Systems,Display,Men 25-34,45 days,YouTube,0.13,"$16,052.00",5.58,Miami,German,453,1227,5,Outdoor Adventurers,2021-01-19
115003,NexGen Systems,Email,All Ages,60 days,Google Ads,0.07,"$13,689.00",6.79,Houston,English,765,5408,7,Outdoor Adventurers,2021-01-28
115226,DataTech Solutions,Social Media,Women 35-44,60 days,Facebook,0.15,"$19,412.00",7.01,Houston,Mandarin,564,3064,8,Tech Enthusiasts,2021-09-08
115235,NexGen Systems,Search,Men 25-34,60 days,Google Ads,0.11,"$14,196.00",6.13,Houston,Spanish,356,1366,4,Health & Wellness,2021-09-17
115302,Alpha Innovations,Social Media,All Ages,60 days,Google Ads,0.14,"$14,747.00",2.14,New York,German,159,5825,9,Tech Enthusiasts,2021-11-23
115330,NexGen Systems,Influencer,All Ages,15 days,Facebook,0.14,"$19,663.00",3.1,Miami,English,811,3641,7,Foodies,2021-12-21
115366,Innovate Industries,Influencer,Women 25-34,60 days,YouTube,0.13,"$15,914.00",5.37,Miami,Mandarin,160,7631,9,Fashionistas,2021-01-26
115374,Alpha Innovations,Search,All Ages,30 days,Website,0.08,"$10,881.00",3.87,Los Angeles,English,699,7458,8,Tech Enthusiasts,2021-02-03
115416,TechCorp,Influencer,Men 18-24,60 days,Instagram,0.13,"$19,913.00",3.28,New York,English,457,4691,6,Outdoor Adventurers,2021-03-17
115453,DataTech Solutions,Influencer,Men 25-34,15 days,Facebook,0.09,"$17,319.00",7.12,Miami,French,445,5673,5,Tech Enthusiasts,2021-04-23
115465,DataTech Solutions,Influencer,Men 18-24,30 days,Website,0.09,"$9,656.00",2.94,Houston,French,912,6858,6,Tech Enthusiasts,2021-05-05
115524,Innovate Industries,Display,Men 18-24,45 days,Instagram,0.08,"$11,607.00",7.52,New York,German,493,2437,5,Outdoor Adventurers,2021-07-03
115573,Innovate Industries,Influencer,All Ages,60 days,YouTube,0.09,"$19,021.00",7.64,Los Angeles,Mandarin,179,9426,2,Outdoor Adventurers,2021-08-21
115589,Alpha Innovations,Influencer,Women 25-34,30 days,Google Ads,0.05,"$15,718.00",3.77,Houston,Spanish,139,1093,5,Fashionistas,2021-09-06
115627,Innovate Industries,Social Media,Women 35-44,30 days,Website,0.02,"$15,365.00",5.96,New York,German,868,2281,3,Health & Wellness,2021-10-14
115647,DataTech Solutions,Search,Women 35-44,15 days,Google Ads,0.05,"$11,107.00",2.54,Los Angeles,French,791,4262,9,Outdoor Adventurers,2021-11-03
115836,Innovate Industries,Display,Men 18-24,45 days,Website,0.06,"$18,694.00",2.16,New York,German,417,6921,10,Outdoor Adventurers,2021-05-11
115853,Innovate Industries,Email,Men 18-24,60 days,Email,0.11,"$17,422.00",4.37,Houston,French,514,8369,7,Fashionistas,2021-05-28
115883,Alpha Innovations,Influencer,All Ages,45 days,Google Ads,0.03,"$13,968.00",7.24,Chicago,French,496,2317,3,Fashionistas,2021-06-27
115917,DataTech Solutions,Influencer,Men 25-34,60 days,Email,0.14,"$5,252.00",6.62,Los Angeles,Spanish,368,5260,9,Foodies,2021-07-31
115928,Alpha Innovations,Display,Women 35-44,15 days,Instagram,0.04,"$15,580.00",6.99,Miami,English,597,8245,8,Fashionistas,2021-08-11
115989,Alpha Innovations,Influencer,Men 25-34,45 days,Instagram,0.06,"$10,905.00",5.03,Los Angeles,French,402,9966,2,Outdoor Adventurers,2021-10-11
116019,TechCorp,Search,Men 18-24,45 days,YouTube,0.14,"$12,196.00",2.78,Miami,Mandarin,815,8778,9,Outdoor Adventurers,2021-11-10
116058,TechCorp,Influencer,Women 25-34,15 days,Email,0.1,"$8,068.00",3.77,New York,English,641,7142,7,Fashionistas,2021-12-19
116096,TechCorp,Social Media,Men 18-24,30 days,Facebook,0.15,"$11,827.00",6.36,Los Angeles,Spanish,220,2632,9,Tech Enthusiasts,2021-01-26
116109,DataTech Solutions,Search,Men 25-34,60 days,Website,0.08,"$16,743.00",2.13,New York,German,508,1392,2,Fashionistas,2021-02-08
116142,TechCorp,Email,Men 25-34,45 days,YouTube,0.14,"$10,776.00",6.77,Chicago,German,391,8427,4,Tech Enthusiasts,2021-03-13
116173,Innovate Industries,Search,All Ages,30 days,Website,0.08,"$18,806.00",7.95,Chicago,Mandarin,903,3052,8,Tech Enthusiasts,2021-04-13
116241,Alpha Innovations,Social Media,Men 25-34,60 days,Website,0.04,"$19,827.00",2.74,Houston,German,520,3188,7,Health & Wellness,2021-06-20
116248,NexGen Systems,Display,All Ages,60 days,Instagram,0.05,"$13,823.00",3.92,Los Angeles,German,945,9897,1,Foodies,2021-06-27
116301,Innovate Industries,Display,Men 18-24,45 days,YouTube,0.15,"$14,012.00",4.34,Chicago,French,370,4144,10,Outdoor Adventurers,2021-08-19
116331,Innovate Industries,Email,Men 18-24,60 days,YouTube,0.02,"$18,457.00",4.82,Chicago,Spanish,671,6200,9,Tech Enthusiasts,2021-09-18
116351,NexGen Systems,Email,All Ages,30 days,Email,0.06,"$12,863.00",2.89,Miami,Mandarin,152,1268,8,Tech Enthusiasts,2021-10-08
116427,DataTech Solutions,Email,All Ages,15 days,Instagram,0.11,"$5,221.00",7.66,Chicago,German,517,4052,10,Fashionistas,2021-12-23
116432,Innovate Industries,Search,Women 35-44,30 days,Facebook,0.01,"$12,271.00",5.28,Los Angeles,Mandarin,465,8081,8,Health & Wellness,2021-12-28
116471,DataTech Solutions,Social Media,Men 25-34,45 days,Facebook,0.1,"$15,086.00",7.44,New York,Spanish,949,6947,1,Outdoor Adventurers,2021-02-05
116485,TechCorp,Influencer,Men 18-24,30 days,YouTube,0.15,"$8,917.00",2.71,Los Angeles,Spanish,929,9938,1,Health & Wellness,2021-02-19
116612,Alpha Innovations,Email,Women 35-44,60 days,Instagram,0.08,"$7,095.00",7.15,Los Angeles,Mandarin,141,5298,6,Outdoor Adventurers,2021-06-26
116675,TechCorp,Search,All Ages,30 days,Google Ads,0.04,"$6,362.00",2.13,Los Angeles,English,461,3159,10,Health & Wellness,2021-08-28
116692,Alpha Innovations,Search,Men 18-24,30 days,Website,0.04,"$14,980.00",3.6,Houston,English,822,1187,4,Fashionistas,2021-09-14
116760,TechCorp,Influencer,All Ages,60 days,Instagram,0.06,"$8,485.00",3.53,Houston,German,124,6731,3,Fashionistas,2021-11-21
116823,Alpha Innovations,Influencer,Women 35-44,45 days,YouTube,0.08,"$18,147.00",4.49,Chicago,French,123,6400,8,Foodies,2021-01-23
116847,TechCorp,Email,Men 18-24,15 days,Website,0.14,"$12,697.00",7.88,Los Angeles,Mandarin,820,7472,9,Health & Wellness,2021-02-16
116929,Alpha Innovations,Display,All Ages,60 days,Email,0.01,"$12,974.00",7.93,Los Angeles,French,379,8421,3,Fashionistas,2021-05-09
116936,TechCorp,Social Media,Women 25-34,45 days,Email,0.1,"$16,034.00",6.18,Houston,English,414,6594,9,Fashionistas,2021-05-16
117026,TechCorp,Display,Men 18-24,45 days,YouTube,0.14,"$6,897.00",4.67,Chicago,French,249,2245,6,Foodies,2021-08-14
117052,Innovate Industries,Influencer,Women 25-34,30 days,Instagram,0.08,"$14,410.00",5.98,Houston,German,732,5965,7,Health & Wellness,2021-09-09
117168,TechCorp,Email,All Ages,60 days,Instagram,0.07,"$13,644.00",6.27,Miami,Mandarin,138,2720,2,Health & Wellness,2021-01-03
117294,Innovate Industries,Email,Women 35-44,60 days,Google Ads,0.11,"$14,124.00",2.83,Chicago,French,925,1541,5,Foodies,2021-05-09
117335,NexGen Systems,Influencer,Men 18-24,60 days,YouTube,0.06,"$11,825.00",3.33,Miami,French,444,8458,2,Outdoor Adventurers,2021-06-19
117355,NexGen Systems,Display,All Ages,30 days,Google Ads,0.03,"$5,104.00",6.87,Miami,English,799,2423,1,Fashionistas,2021-07-09
117387,Innovate Industries,Influencer,Men 25-34,45 days,Website,0.04,"$18,087.00",5.4,Miami,Spanish,856,9330,9,Outdoor Adventurers,2021-08-10
117424,TechCorp,Social Media,Women 25-34,30 days,Facebook,0.05,"$11,860.00",2.9,Los Angeles,Spanish,677,2738,9,Foodies,2021-09-16
117465,DataTech Solutions,Display,Women 25-34,15 days,Instagram,0.02,"$16,445.00",4.17,Chicago,Mandarin,818,7598,10,Tech Enthusiasts,2021-10-27
117466,Alpha Innovations,Email,Men 18-24,15 days,Email,0.01,"$18,893.00",5.38,New York,English,115,9798,2,Tech Enthusiasts,2021-10-28
117468,Innovate Industries,Display,Men 25-34,30 days,YouTube,0.13,"$5,264.00",7.58,Los Angeles,Mandarin,800,9618,6,Health & Wellness,2021-10-30
117476,Alpha Innovations,Email,Women 25-34,15 days,Website,0.05,"$17,863.00",2.2,Chicago,Mandarin,327,9364,3,Fashionistas,2021-11-07
117569,Innovate Industries,Email,All Ages,15 days,Email,0.09,"$10,741.00",4.34,Miami,Spanish,569,3865,10,Health & Wellness,2021-02-08
117588,Alpha Innovations,Social Media,All Ages,30 days,Website,0.14,"$17,839.00",5.61,Houston,English,536,7259,6,Foodies,2021-02-27
117594,NexGen Systems,Display,Men 18-24,60 days,Website,0.05,"$8,537.00",2.62,New York,German,834,6452,5,Fashionistas,2021-03-05
117647,DataTech Solutions,Display,Women 25-34,45 days,Email,0.04,"$16,818.00",2.18,Miami,German,805,6110,10,Outdoor Adventurers,2021-04-27
117674,Alpha Innovations,Display,Women 35-44,15 days,Instagram,0.15,"$6,539.00",6.9,Miami,English,740,4756,5,Outdoor Adventurers,2021-05-24
117792,NexGen Systems,Influencer,Women 25-34,60 days,YouTube,0.12,"$7,116.00",5.86,Houston,French,916,5423,3,Fashionistas,2021-09-19
117818,NexGen Systems,Search,Women 35-44,45 days,YouTube,0.08,"$12,849.00",6.75,Chicago,German,802,6596,5,Fashionistas,2021-10-15
117826,Innovate Industries,Influencer,All Ages,15 days,Facebook,0.12,"$6,365.00",7.78,Houston,German,487,8636,10,Health & Wellness,2021-10-23
117841,NexGen Systems,Influencer,Men 18-24,30 days,YouTube,0.05,"$13,659.00",7.06,Chicago,Spanish,463,6452,3,Health & Wellness,2021-11-07
117909,Alpha Innovations,Display,Men 25-34,30 days,Website,0.07,"$12,163.00",4.45,Miami,French,742,7287,3,Health & Wellness,2021-01-14
117945,DataTech Solutions,Social Media,Women 25-34,15 days,YouTube,0.1,"$9,153.00",4.18,Miami,Mandarin,431,3264,5,Health & Wellness,2021-02-19
117978,Innovate Industries,Search,Women 35-44,30 days,YouTube,0.13,"$16,049.00",5.21,Miami,English,570,5685,2,Fashionistas,2021-03-24
117995,NexGen Systems,Email,Men 18-24,15 days,YouTube,0.09,"$15,398.00",2.55,Miami,Mandarin,987,6228,2,Fashionistas,2021-04-10
118048,DataTech Solutions,Display,Men 25-34,60 days,Email,0.11,"$13,577.00",7.26,New York,German,588,7827,6,Foodies,2021-06-02
118055,Alpha Innovations,Influencer,All Ages,45 days,Google Ads,0.12,"$12,967.00",4.91,Chicago,German,215,4994,3,Health & Wellness,2021-06-09
118081,Alpha Innovations,Display,Women 35-44,15 days,YouTube,0.12,"$8,682.00",7.26,Houston,German,855,9652,4,Outdoor Adventurers,2021-07-05
118111,DataTech Solutions,Display,Men 25-34,45 days,Instagram,0.1,"$8,073.00",7.13,Miami,English,743,3071,3,Foodies,2021-08-04
118125,Alpha Innovations,Display,Women 25-34,60 days,Instagram,0.04,"$13,126.00",4.03,Chicago,French,670,9897,9,Health & Wellness,2021-08-18
118151,Innovate Industries,Social Media,Men 18-24,60 days,Instagram,0.09,"$14,810.00",7.02,Los Angeles,Spanish,611,2750,6,Outdoor Adventurers,2021-09-13
118272,Alpha Innovations,Search,Women 25-34,60 days,Email,0.04,"$13,447.00",2.19,Miami,Mandarin,729,2330,5,Outdoor Adventurers,2021-01-12
118286,NexGen Systems,Search,Women 35-44,60 days,YouTube,0.07,"$10,801.00",5.86,Miami,French,495,8325,5,Tech Enthusiasts,2021-01-26
118316,DataTech Solutions,Email,All Ages,15 days,Facebook,0.03,"$10,353.00",2.16,New York,Mandarin,623,8209,2,Outdoor Adventurers,2021-02-25
118322,Alpha Innovations,Email,Men 25-34,15 days,Instagram,0.12,"$10,076.00",4.2,Miami,German,549,1476,3,Tech Enthusiasts,2021-03-03
118336,TechCorp,Search,Men 25-34,30 days,YouTube,0.15,"$18,519.00",6.29,Chicago,Spanish,908,1983,1,Tech Enthusiasts,2021-03-17
118548,Alpha Innovations,Social Media,Men 25-34,15 days,Facebook,0.08,"$13,580.00",7.63,Los Angeles,English,455,2655,3,Fashionistas,2021-10-15
118556,Alpha Innovations,Influencer,Men 25-34,15 days,Instagram,0.03,"$18,240.00",4.04,Miami,French,605,2419,1,Tech Enthusiasts,2021-10-23
118566,NexGen Systems,Influencer,Men 18-24,60 days,Google Ads,0.02,"$13,905.00",2.39,Miami,English,385,3673,7,Health & Wellness,2021-11-02
118616,DataTech Solutions,Search,Men 25-34,45 days,Instagram,0.14,"$12,256.00",4.27,New York,Mandarin,571,7510,3,Health & Wellness,2021-12-22
118639,Alpha Innovations,Email,Men 18-24,30 days,Facebook,0.1,"$9,681.00",5.12,Miami,German,704,5080,5,Foodies,2021-01-14
118654,DataTech Solutions,Search,All Ages,60 days,Email,0.1,"$13,999.00",5.4,Miami,English,837,5195,5,Foodies,2021-01-29
118673,DataTech Solutions,Social Media,Men 25-34,45 days,Google Ads,0.1,"$5,402.00",6.12,New York,Spanish,926,2804,9,Health & Wellness,2021-02-17
118674,Alpha Innovations,Display,All Ages,45 days,Google Ads,0.13,"$14,841.00",6.07,Houston,French,293,8721,5,Tech Enthusiasts,2021-02-18
118736,Alpha Innovations,Search,Men 18-24,60 days,Email,0.03,"$18,520.00",6.5,Houston,Spanish,349,7099,3,Foodies,2021-04-21
118765,TechCorp,Display,Men 25-34,30 days,Website,0.02,"$19,036.00",4.27,New York,French,326,5944,3,Outdoor Adventurers,2021-05-20
118788,TechCorp,Social Media,All Ages,45 days,Website,0.09,"$5,550.00",4.87,Miami,Mandarin,605,3187,5,Foodies,2021-06-12
118882,Alpha Innovations,Search,All Ages,30 days,Website,0.03,"$13,065.00",5.88,Chicago,French,129,7130,8,Health & Wellness,2021-09-14
118897,NexGen Systems,Search,Men 18-24,15 days,YouTube,0.02,"$14,347.00",5.05,Chicago,English,553,2696,6,Foodies,2021-09-29
118983,Innovate Industries,Search,Men 25-34,30 days,Facebook,0.06,"$14,951.00",5.39,Los Angeles,English,315,8464,8,Fashionistas,2021-12-24
119026,NexGen Systems,Display,All Ages,15 days,Website,0.14,"$9,811.00",3.29,Los Angeles,French,864,2061,6,Outdoor Adventurers,2021-02-05
119034,Alpha Innovations,Display,Women 35-44,45 days,Email,0.12,"$7,061.00",2.3,New York,Mandarin,711,9522,8,Health & Wellness,2021-02-13
119081,Innovate Industries,Influencer,All Ages,15 days,Google Ads,0.08,"$18,565.00",6.01,Chicago,French,696,8695,10,Foodies,2021-04-01
119161,NexGen Systems,Search,Men 25-34,45 days,Google Ads,0.11,"$11,619.00",3.9,Chicago,French,934,2114,3,Tech Enthusiasts,2021-06-20
119167,NexGen Systems,Search,Women 25-34,60 days,Google Ads,0.02,"$11,236.00",5.83,Miami,French,527,7804,4,Outdoor Adventurers,2021-06-26
119185,DataTech Solutions,Email,Women 25-34,15 days,Instagram,0.13,"$10,484.00",5.72,Los Angeles,German,206,4538,10,Foodies,2021-07-14
119193,Innovate Industries,Search,Men 25-34,45 days,Facebook,0.12,"$6,380.00",6.3,Houston,Mandarin,801,5224,9,Health & Wellness,2021-07-22
119308,DataTech Solutions,Email,Men 18-24,15 days,Facebook,0.04,"$13,162.00",7.83,Miami,French,512,8899,1,Foodies,2021-11-14
119309,Innovate Industries,Social Media,Men 18-24,60 days,Facebook,0.11,"$16,909.00",3.58,Chicago,French,460,2412,3,Tech Enthusiasts,2021-11-15
119321,Innovate Industries,Search,All Ages,45 days,Website,0.03,"$10,285.00",6.14,Los Angeles,French,374,7794,3,Outdoor Adventurers,2021-11-27
119345,NexGen Systems,Social Media,All Ages,15 days,Facebook,0.09,"$15,236.00",3.03,Los Angeles,French,277,1757,4,Fashionistas,2021-12-21
119424,DataTech Solutions,Influencer,Women 25-34,15 days,Website,0.13,"$11,552.00",7.45,Houston,French,170,8745,7,Fashionistas,2021-03-10
119428,TechCorp,Influencer,All Ages,60 days,Facebook,0.05,"$5,576.00",5.96,New York,Mandarin,822,8958,10,Fashionistas,2021-03-14
119429,DataTech Solutions,Social Media,Women 25-34,60 days,Email,0.05,"$17,366.00",5.7,Los Angeles,French,646,3800,2,Outdoor Adventurers,2021-03-15
119500,Alpha Innovations,Email,Men 25-34,30 days,Email,0.07,"$10,077.00",4.22,New York,Mandarin,575,3411,10,Outdoor Adventurers,2021-05-25
119518,NexGen Systems,Influencer,Men 25-34,15 days,Google Ads,0.14,"$15,901.00",5.15,New York,Mandarin,179,2398,10,Outdoor Adventurers,2021-06-12
119526,TechCorp,Influencer,Women 25-34,45 days,Instagram,0.1,"$10,436.00",6.31,Houston,French,822,9632,8,Fashionistas,2021-06-20
119544,Innovate Industries,Social Media,Men 25-34,15 days,Instagram,0.01,"$8,403.00",6.41,Los Angeles,Mandarin,392,8555,4,Foodies,2021-07-08
119553,Innovate Industries,Search,All Ages,15 days,Instagram,0.05,"$13,952.00",3.91,Los Angeles,German,561,7998,8,Tech Enthusiasts,2021-07-17
119622,DataTech Solutions,Email,Women 25-34,15 days,Facebook,0.15,"$16,043.00",4.29,Miami,Spanish,481,5377,9,Health & Wellness,2021-09-24
119643,DataTech Solutions,Email,Men 18-24,30 days,Instagram,0.02,"$11,840.00",7.33,Chicago,English,498,4980,8,Health & Wellness,2021-10-15
119703,DataTech Solutions,Social Media,Men 18-24,15 days,Facebook,0.14,"$18,231.00",7.43,Los Angeles,Spanish,907,9953,2,Fashionistas,2021-12-14
119709,DataTech Solutions,Email,All Ages,15 days,Google Ads,0.07,"$19,099.00",2.48,Chicago,Spanish,830,4431,10,Health & Wellness,2021-12-20
119717,NexGen Systems,Search,Men 18-24,15 days,Email,0.13,"$19,906.00",7.11,Chicago,French,221,6752,10,Outdoor Adventurers,2021-12-28
119738,Innovate Industries,Influencer,Women 35-44,60 days,Email,0.08,"$7,089.00",6.34,New York,German,692,8092,2,Tech Enthusiasts,2021-01-18
119746,Innovate Industries,Display,Women 35-44,15 days,YouTube,0.07,"$16,774.00",2.21,Houston,English,647,8451,1,Outdoor Adventurers,2021-01-26
119760,NexGen Systems,Display,Men 25-34,15 days,YouTube,0.03,"$8,298.00",2.1,Los Angeles,German,855,6748,6,Foodies,2021-02-09
119791,DataTech Solutions,Display,Men 25-34,45 days,Google Ads,0.14,"$19,653.00",6.37,Houston,German,887,1535,9,Health & Wellness,2021-03-12
119827,DataTech Solutions,Email,All Ages,15 days,YouTube,0.09,"$8,305.00",5.85,Chicago,Spanish,902,4425,3,Outdoor Adventurers,2021-04-17
119869,TechCorp,Search,Women 25-34,60 days,Instagram,0.08,"$17,840.00",3.93,Chicago,Mandarin,409,8256,10,Tech Enthusiasts,2021-05-29
119883,TechCorp,Influencer,Women 35-44,15 days,Website,0.03,"$12,726.00",4.62,Los Angeles,German,718,6638,6,Health & Wellness,2021-06-12
119901,Alpha Innovations,Social Media,Men 25-34,30 days,Google Ads,0.13,"$18,180.00",3.5,Houston,English,421,9932,6,Outdoor Adventurers,2021-06-30
119924,NexGen Systems,Influencer,Men 25-34,60 days,Email,0.07,"$14,539.00",4.73,Los Angeles,Mandarin,524,6133,1,Tech Enthusiasts,2021-07-23
120114,NexGen Systems,Display,Women 25-34,45 days,Facebook,0.12,"$9,524.00",5.16,Miami,English,390,9842,10,Foodies,2021-01-29
120200,TechCorp,Influencer,Men 18-24,30 days,Website,0.15,"$10,022.00",4.6,New York,English,847,2632,1,Health & Wellness,2021-04-25
120402,TechCorp,Display,All Ages,30 days,Facebook,0.05,"$6,998.00",5.42,Chicago,English,770,5913,8,Foodies,2021-11-13
120407,TechCorp,Influencer,Women 25-34,60 days,Facebook,0.08,"$6,202.00",5.2,New York,French,131,7107,6,Outdoor Adventurers,2021-11-18
120422,Alpha Innovations,Search,Men 18-24,60 days,Website,0.14,"$14,285.00",6.55,Los Angeles,German,253,6581,9,Tech Enthusiasts,2021-12-03
120435,Alpha Innovations,Social Media,Women 35-44,15 days,Google Ads,0.04,"$19,557.00",7.41,Miami,Spanish,956,8980,10,Foodies,2021-12-16
120456,TechCorp,Social Media,Women 35-44,15 days,Facebook,0.13,"$9,011.00",5.34,Houston,French,970,4311,9,Fashionistas,2021-01-06
120540,Innovate Industries,Social Media,Men 25-34,45 days,Google Ads,0.04,"$12,265.00",5.35,New York,Spanish,362,6868,8,Fashionistas,2021-03-31
120569,Alpha Innovations,Social Media,Women 35-44,30 days,Website,0.02,"$18,371.00",4.61,Houston,English,135,9337,8,Fashionistas,2021-04-29
120577,TechCorp,Search,Men 18-24,30 days,Website,0.08,"$12,639.00",4.36,Miami,English,532,4445,9,Outdoor Adventurers,2021-05-07
120596,NexGen Systems,Influencer,Men 18-24,30 days,Email,0.09,"$7,976.00",6.02,Los Angeles,Spanish,490,9349,2,Foodies,2021-05-26
120625,DataTech Solutions,Social Media,Women 35-44,45 days,Website,0.02,"$12,921.00",2.93,New York,Spanish,887,4111,7,Health & Wellness,2021-06-24
120679,Alpha Innovations,Social Media,Men 25-34,15 days,Instagram,0.07,"$9,238.00",2.66,Los Angeles,German,796,1089,3,Health & Wellness,2021-08-17
120695,TechCorp,Social Media,Women 25-34,60 days,Facebook,0.14,"$15,761.00",3.39,Houston,English,203,1479,7,Outdoor Adventurers,2021-09-02
120727,Alpha Innovations,Search,All Ages,60 days,Google Ads,0.08,"$6,421.00",7.09,New York,English,113,6254,3,Foodies,2021-10-04
120855,Alpha Innovations,Social Media,Men 18-24,45 days,Facebook,0.14,"$11,198.00",2.22,Chicago,Spanish,811,2056,5,Tech Enthusiasts,2021-02-09
120871,Innovate Industries,Email,Women 25-34,60 days,Website,0.03,"$15,342.00",5.53,Miami,Spanish,990,2950,3,Fashionistas,2021-02-25
120915,TechCorp,Display,All Ages,60 days,Instagram,0.1,"$18,690.00",3.38,Chicago,Spanish,482,1480,4,Fashionistas,2021-04-10
120949,TechCorp,Influencer,Women 35-44,15 days,Google Ads,0.03,"$10,073.00",4.22,Houston,Spanish,746,8962,7,Health & Wellness,2021-05-14
120954,Innovate Industries,Display,All Ages,30 days,Instagram,0.04,"$7,539.00",6.36,Los Angeles,French,123,2942,10,Fashionistas,2021-05-19
120986,NexGen Systems,Search,Men 18-24,30 days,Google Ads,0.07,"$10,148.00",7.81,Chicago,Spanish,804,7624,9,Fashionistas,2021-06-20
121011,NexGen Systems,Influencer,Women 25-34,60 days,Google Ads,0.15,"$12,879.00",2.4,New York,Mandarin,422,1298,3,Foodies,2021-07-15
121030,Alpha Innovations,Email,All Ages,45 days,YouTube,0.08,"$9,780.00",6.22,Chicago,German,396,6989,10,Tech Enthusiasts,2021-08-03
121039,DataTech Solutions,Email,All Ages,60 days,Facebook,0.15,"$7,038.00",2.85,Houston,Spanish,380,9455,3,Tech Enthusiasts,2021-08-12
121040,NexGen Systems,Search,Men 18-24,45 days,Website,0.11,"$5,989.00",7.26,Chicago,Spanish,738,1234,9,Foodies,2021-08-13
121057,Alpha Innovations,Email,Men 25-34,60 days,Instagram,0.05,"$9,494.00",6.84,Miami,Mandarin,901,2119,9,Tech Enthusiasts,2021-08-30
121077,NexGen Systems,Display,Women 25-34,30 days,YouTube,0.02,"$9,589.00",2.95,Miami,Mandarin,236,1981,9,Health & Wellness,2021-09-19
121087,DataTech Solutions,Email,Men 18-24,60 days,YouTube,0.09,"$5,764.00",2.75,New York,German,809,6253,10,Tech Enthusiasts,2021-09-29
121096,Innovate Industries,Social Media,Men 25-34,45 days,Email,0.04,"$19,755.00",4.94,Los Angeles,English,754,5446,6,Tech Enthusiasts,2021-10-08
121127,DataTech Solutions,Search,Women 25-34,45 days,Facebook,0.04,"$6,979.00",7.72,Los Angeles,French,287,3717,2,Outdoor Adventurers,2021-11-08
121138,NexGen Systems,Search,Women 35-44,15 days,YouTube,0.11,"$8,985.00",5.15,Chicago,English,418,8568,7,Tech Enthusiasts,2021-11-19
121245,Alpha Innovations,Social Media,All Ages,45 days,Instagram,0.11,"$19,471.00",6.09,Houston,English,615,1271,10,Tech Enthusiasts,2021-03-06
121313,TechCorp,Search,Men 25-34,60 days,Instagram,0.05,"$15,959.00",5.18,New York,English,544,8001,4,Fashionistas,2021-05-13
121349,TechCorp,Display,Men 25-34,45 days,Website,0.06,"$10,434.00",2.85,Miami,Mandarin,890,8916,7,Fashionistas,2021-06-18
121408,Innovate Industries,Social Media,Men 25-34,60 days,YouTube,0.03,"$6,145.00",7.13,Chicago,German,715,9988,3,Fashionistas,2021-08-16
121428,Innovate Industries,Social Media,Women 35-44,45 days,Google Ads,0.11,"$6,079.00",7.31,Los Angeles,German,769,8231,6,Outdoor Adventurers,2021-09-05
121451,Innovate Industries,Influencer,Women 35-44,45 days,Instagram,0.09,"$16,602.00",6.28,Chicago,English,499,5839,3,Outdoor Adventurers,2021-09-28
121455,TechCorp,Email,Men 25-34,60 days,Instagram,0.08,"$5,375.00",7.06,Houston,English,153,6705,6,Tech Enthusiasts,2021-10-02
121480,TechCorp,Social Media,Women 35-44,30 days,Facebook,0.05,"$6,974.00",2.08,New York,Spanish,238,5041,5,Outdoor Adventurers,2021-10-27
121541,Innovate Industries,Email,Women 25-34,15 days,YouTube,0.1,"$7,224.00",2.97,Houston,Spanish,322,6191,7,Fashionistas,2021-12-27
121616,TechCorp,Email,Women 35-44,15 days,YouTube,0.06,"$12,007.00",7.55,Los Angeles,French,190,5773,1,Tech Enthusiasts,2021-03-12
121688,NexGen Systems,Social Media,Women 35-44,30 days,Website,0.12,"$8,454.00",2.19,Los Angeles,Spanish,622,2626,3,Tech Enthusiasts,2021-05-23
121698,Innovate Industries,Social Media,Women 35-44,60 days,Instagram,0.03,"$13,050.00",3.76,Los Angeles,Spanish,336,1926,2,Health & Wellness,2021-06-02
121738,DataTech Solutions,Social Media,All Ages,15 days,YouTube,0.05,"$13,707.00",4.58,Miami,German,220,4944,10,Tech Enthusiasts,2021-07-12
121764,Innovate Industries,Email,Women 35-44,45 days,Instagram,0.13,"$13,908.00",5.78,Chicago,English,212,4416,8,Health & Wellness,2021-08-07
121766,Innovate Industries,Email,Men 25-34,60 days,Facebook,0.05,"$13,999.00",4.81,Los Angeles,English,752,2773,8,Foodies,2021-08-09
121774,NexGen Systems,Display,Men 18-24,15 days,Facebook,0.04,"$11,374.00",6.23,New York,English,440,4798,1,Health & Wellness,2021-08-17
121777,TechCorp,Display,Men 25-34,45 days,Website,0.12,"$17,818.00",6.09,New York,German,682,9034,8,Fashionistas,2021-08-20
121803,Alpha Innovations,Display,Men 25-34,45 days,Instagram,0.06,"$12,662.00",7.17,Houston,Spanish,642,8937,1,Tech Enthusiasts,2021-09-15
121822,NexGen Systems,Influencer,All Ages,15 days,Google Ads,0.04,"$6,614.00",7.52,Miami,Mandarin,939,8664,10,Foodies,2021-10-04
121840,Innovate Industries,Search,Women 35-44,30 days,Instagram,0.14,"$7,361.00",4.29,Los Angeles,Mandarin,677,8271,10,Fashionistas,2021-10-22
121927,NexGen Systems,Email,Women 35-44,45 days,Email,0.11,"$5,056.00",3.99,Chicago,Mandarin,321,3435,5,Foodies,2021-01-17
121956,TechCorp,Email,Men 18-24,30 days,Google Ads,0.12,"$16,193.00",6.72,Houston,French,304,4062,1,Foodies,2021-02-15
121957,Innovate Industries,Search,Women 35-44,30 days,Google Ads,0.04,"$6,453.00",5.28,New York,English,204,2473,8,Health & Wellness,2021-02-16
121960,Alpha Innovations,Social Media,Women 35-44,30 days,Email,0.06,"$15,992.00",7.87,Miami,Spanish,526,5268,7,Foodies,2021-02-19
121972,DataTech Solutions,Influencer,All Ages,30 days,Facebook,0.05,"$11,519.00",3.66,New York,German,216,1363,6,Foodies,2021-03-03
122005,Innovate Industries,Search,Men 25-34,60 days,YouTube,0.02,"$13,880.00",4.46,Miami,Spanish,116,5287,5,Tech Enthusiasts,2021-04-05
122258,Alpha Innovations,Influencer,Women 35-44,30 days,Website,0.03,"$18,604.00",6.64,Chicago,German,732,4194,2,Fashionistas,2021-12-14
122277,NexGen Systems,Email,Women 25-34,45 days,Instagram,0.08,"$10,018.00",5.69,Chicago,German,412,1299,10,Foodies,2021-01-02
122323,DataTech Solutions,Email,All Ages,30 days,Facebook,0.05,"$19,862.00",2.72,Chicago,Mandarin,283,3752,8,Fashionistas,2021-02-17
122450,DataTech Solutions,Influencer,Men 18-24,15 days,Website,0.02,"$9,878.00",7.39,Miami,English,878,7154,3,Fashionistas,2021-06-24
122480,NexGen Systems,Display,Men 25-34,60 days,Google Ads,0.02,"$10,263.00",2.31,Los Angeles,English,558,3934,1,Tech Enthusiasts,2021-07-24
122484,Alpha Innovations,Social Media,Women 25-34,60 days,Instagram,0.04,"$8,386.00",5.66,Miami,Mandarin,968,3948,4,Foodies,2021-07-28
122492,TechCorp,Influencer,All Ages,60 days,Facebook,0.08,"$16,039.00",2.68,Chicago,French,165,5697,3,Fashionistas,2021-08-05
122499,DataTech Solutions,Social Media,Women 35-44,60 days,Facebook,0.07,"$7,616.00",4.25,Los Angeles,German,737,3895,8,Outdoor Adventurers,2021-08-12
122505,NexGen Systems,Influencer,Women 25-34,30 days,Email,0.05,"$12,920.00",5.7,Houston,English,808,4066,1,Tech Enthusiasts,2021-08-18
122530,TechCorp,Influencer,Men 25-34,45 days,Website,0.14,"$17,664.00",6.24,New York,English,512,1787,6,Foodies,2021-09-12
122534,DataTech Solutions,Display,All Ages,60 days,Google Ads,0.14,"$14,994.00",7.28,Los Angeles,French,839,3564,5,Health & Wellness,2021-09-16
122622,TechCorp,Search,All Ages,60 days,Email,0.12,"$12,281.00",4.12,New York,English,563,9697,10,Fashionistas,2021-12-13
122634,Innovate Industries,Email,Women 35-44,45 days,Facebook,0.07,"$14,590.00",3.81,Houston,German,781,8459,10,Outdoor Adventurers,2021-12-25
122638,Alpha Innovations,Email,Men 25-34,60 days,Google Ads,0.06,"$8,637.00",4.27,New York,German,239,3455,7,Foodies,2021-12-29
122675,Alpha Innovations,Social Media,Women 35-44,60 days,Facebook,0.14,"$6,841.00",5.04,Houston,German,296,1787,5,Foodies,2021-02-04
122705,NexGen Systems,Email,Men 25-34,30 days,Website,0.14,"$5,933.00",6.41,Houston,Spanish,983,9677,9,Foodies,2021-03-06
122711,Alpha Innovations,Social Media,Women 35-44,30 days,YouTube,0.14,"$14,289.00",6.4,Miami,German,691,1873,2,Health & Wellness,2021-03-12
122730,DataTech Solutions,Email,All Ages,45 days,Email,0.03,"$5,612.00",7.74,New York,German,166,6175,4,Outdoor Adventurers,2021-03-31
122793,DataTech Solutions,Social Media,Women 25-34,60 days,Facebook,0.12,"$19,519.00",4.85,New York,English,463,1906,1,Foodies,2021-06-02
122850,Alpha Innovations,Influencer,Women 25-34,60 days,YouTube,0.11,"$13,799.00",2.64,Los Angeles,Spanish,526,3522,3,Outdoor Adventurers,2021-07-29
122853,TechCorp,Display,Men 18-24,15 days,Facebook,0.04,"$9,979.00",6.6,New York,Mandarin,228,8978,5,Foodies,2021-08-01
122893,DataTech Solutions,Influencer,Men 18-24,30 days,Website,0.08,"$11,338.00",5.18,Houston,English,523,7629,9,Tech Enthusiasts,2021-09-10
122913,TechCorp,Display,Men 18-24,15 days,Google Ads,0.02,"$12,611.00",7.39,New York,German,501,2190,10,Fashionistas,2021-09-30
122984,Innovate Industries,Email,All Ages,30 days,Facebook,0.02,"$14,055.00",2.75,Los Angeles,Mandarin,748,4608,9,Fashionistas,2021-12-10
123171,NexGen Systems,Search,Men 25-34,45 days,Email,0.12,"$8,337.00",4.99,Houston,French,114,7657,4,Foodies,2021-06-15
123180,TechCorp,Email,All Ages,60 days,Website,0.06,"$6,441.00",4.75,Houston,German,291,3207,6,Foodies,2021-06-24
123185,Innovate Industries,Social Media,Men 25-34,60 days,Instagram,0.15,"$10,838.00",4.23,Los Angeles,Spanish,398,3994,8,Outdoor Adventurers,2021-06-29
123218,Alpha Innovations,Social Media,All Ages,60 days,Email,0.08,"$14,527.00",6.79,Houston,French,248,4985,1,Foodies,2021-08-01
123276,NexGen Systems,Influencer,Men 25-34,30 days,Email,0.05,"$19,142.00",3.29,Chicago,English,728,7041,6,Tech Enthusiasts,2021-09-28
123351,DataTech Solutions,Social Media,Women 35-44,30 days,Email,0.01,"$15,332.00",2.51,Chicago,English,232,4908,5,Foodies,2021-12-12
123358,DataTech Solutions,Influencer,Women 25-34,45 days,Email,0.03,"$6,031.00",2.49,Houston,German,540,4027,2,Outdoor Adventurers,2021-12-19
123380,Alpha Innovations,Search,All Ages,15 days,Google Ads,0.13,"$6,319.00",5.19,Chicago,Mandarin,488,5895,2,Outdoor Adventurers,2021-01-10
123496,NexGen Systems,Email,Women 25-34,45 days,Email,0.13,"$10,457.00",5.93,Chicago,French,451,8619,10,Tech Enthusiasts,2021-05-06
123512,Innovate Industries,Email,Women 25-34,45 days,Google Ads,0.02,"$7,249.00",2.52,Houston,French,998,9820,3,Tech Enthusiasts,2021-05-22
123541,Innovate Industries,Email,Women 25-34,15 days,Website,0.12,"$14,600.00",2.95,Chicago,Spanish,539,6267,5,Tech Enthusiasts,2021-06-20
123569,TechCorp,Display,Men 25-34,45 days,Facebook,0.04,"$9,391.00",4.78,Los Angeles,English,271,7101,6,Foodies,2021-07-18
123581,Innovate Industries,Email,Women 35-44,30 days,Website,0.13,"$10,170.00",5.95,Miami,Spanish,972,8744,7,Outdoor Adventurers,2021-07-30
123631,Alpha Innovations,Search,Men 25-34,30 days,Website,0.12,"$7,255.00",5.33,New York,English,545,6110,3,Fashionistas,2021-09-18
123698,Alpha Innovations,Display,Men 25-34,45 days,Facebook,0.1,"$12,745.00",3.16,Los Angeles,Spanish,457,9372,1,Health & Wellness,2021-11-24
123699,NexGen Systems,Influencer,All Ages,60 days,YouTube,0.06,"$18,446.00",7.16,Houston,French,834,3030,7,Health & Wellness,2021-11-25
123726,TechCorp,Influencer,Men 18-24,45 days,YouTube,0.1,"$17,654.00",2.16,Los Angeles,English,365,3601,2,Health & Wellness,2021-12-22
123789,DataTech Solutions,Social Media,Men 25-34,30 days,Facebook,0.04,"$19,230.00",6.31,Miami,English,752,3898,1,Tech Enthusiasts,2021-02-23
123840,Alpha Innovations,Influencer,Men 18-24,15 days,Facebook,0.04,"$11,504.00",7.3,New York,German,809,2619,5,Tech Enthusiasts,2021-04-15
123864,Alpha Innovations,Influencer,Men 18-24,60 days,YouTube,0.03,"$5,499.00",2.38,New York,French,863,5512,9,Fashionistas,2021-05-09
123878,TechCorp,Influencer,Women 35-44,30 days,Instagram,0.09,"$12,702.00",3.48,Los Angeles,German,147,9417,1,Tech Enthusiasts,2021-05-23
123890,DataTech Solutions,Search,Women 25-34,15 days,Facebook,0.08,"$18,920.00",6.81,Miami,French,148,7251,4,Tech Enthusiasts,2021-06-04
124003,Innovate Industries,Social Media,Women 25-34,45 days,Facebook,0.08,"$6,672.00",3.86,Los Angeles,German,456,4352,2,Outdoor Adventurers,2021-09-25
124031,Alpha Innovations,Display,All Ages,60 days,YouTube,0.11,"$19,247.00",7.77,New York,Mandarin,386,4878,10,Foodies,2021-10-23
124054,Innovate Industries,Social Media,Women 25-34,30 days,YouTube,0.15,"$16,699.00",5.12,Miami,German,341,2720,9,Health & Wellness,2021-11-15
124069,DataTech Solutions,Email,All Ages,45 days,Facebook,0.03,"$6,338.00",6.97,Chicago,French,816,4452,9,Fashionistas,2021-11-30
124072,TechCorp,Social Media,Men 25-34,15 days,Instagram,0.04,"$7,872.00",4.61,Miami,German,818,7435,1,Outdoor Adventurers,2021-12-03
124220,DataTech Solutions,Display,Men 18-24,45 days,Instagram,0.09,"$18,834.00",6.48,Los Angeles,German,663,5672,7,Fashionistas,2021-04-30
124334,NexGen Systems,Email,Women 25-34,30 days,Website,0.06,"$5,951.00",7.67,Miami,Spanish,126,6348,2,Foodies,2021-08-22
124441,Innovate Industries,Social Media,Men 25-34,60 days,YouTube,0.02,"$10,229.00",6.21,Houston,French,120,3243,9,Foodies,2021-12-07
124474,DataTech Solutions,Social Media,Women 35-44,60 days,Email,0.1,"$11,609.00",4.43,Chicago,English,922,3655,5,Tech Enthusiasts,2021-01-09
124484,NexGen Systems,Social Media,Men 25-34,30 days,YouTube,0.05,"$16,229.00",5.95,New York,Mandarin,846,1650,2,Foodies,2021-01-19
124525,Alpha Innovations,Email,Men 18-24,30 days,YouTube,0.11,"$19,595.00",4.05,Chicago,French,714,7481,7,Outdoor Adventurers,2021-03-01
124635,TechCorp,Search,Women 35-44,30 days,Instagram,0.1,"$10,200.00",6.12,Chicago,German,830,2083,5,Fashionistas,2021-06-19
124641,TechCorp,Search,Women 25-34,60 days,Email,0.03,"$5,218.00",7.23,Miami,French,503,9463,2,Health & Wellness,2021-06-25
124646,Alpha Innovations,Social Media,All Ages,60 days,Facebook,0.03,"$9,278.00",5.54,New York,German,288,6596,7,Tech Enthusiasts,2021-06-30
124737,DataTech Solutions,Email,Women 25-34,45 days,Google Ads,0.13,"$18,854.00",7.2,Houston,Mandarin,106,9754,7,Fashionistas,2021-09-29
124756,Innovate Industries,Influencer,Women 35-44,30 days,Google Ads,0.12,"$5,878.00",7.6,New York,Mandarin,349,1191,7,Foodies,2021-10-18
124786,NexGen Systems,Display,All Ages,45 days,Instagram,0.15,"$17,753.00",7.61,Houston,Spanish,996,4422,9,Foodies,2021-11-17
124822,NexGen Systems,Search,Men 18-24,15 days,Instagram,0.03,"$18,721.00",3.45,Los Angeles,Mandarin,801,8823,2,Outdoor Adventurers,2021-12-23
124837,Innovate Industries,Search,Women 35-44,15 days,Facebook,0.04,"$18,404.00",7.41,Chicago,Spanish,911,7119,4,Foodies,2021-01-07
124894,Innovate Industries,Influencer,Men 25-34,45 days,YouTube,0.12,"$8,090.00",2.2,Chicago,German,463,2644,2,Fashionistas,2021-03-05
124897,TechCorp,Search,Men 25-34,30 days,Email,0.08,"$16,351.00",6.68,Miami,French,719,3195,5,Fashionistas,2021-03-08
124952,Innovate Industries,Influencer,Women 35-44,45 days,Website,0.14,"$18,752.00",6.84,New York,German,492,2058,7,Health & Wellness,2021-05-02
124990,Innovate Industries,Display,Women 25-34,45 days,Instagram,0.05,"$8,110.00",5.55,Los Angeles,Spanish,487,8484,2,Tech Enthusiasts,2021-06-09
125036,NexGen Systems,Social Media,Women 35-44,30 days,Email,0.11,"$5,117.00",6.79,Los Angeles,German,508,7418,2,Fashionistas,2021-07-25
125084,NexGen Systems,Social Media,Women 35-44,15 days,YouTube,0.06,"$7,044.00",5.27,New York,English,356,1568,1,Fashionistas,2021-09-11
125097,Innovate Industries,Search,Women 35-44,60 days,Facebook,0.01,"$7,218.00",6.99,Chicago,English,895,6312,2,Outdoor Adventurers,2021-09-24
125167,Alpha Innovations,Search,Women 35-44,15 days,Facebook,0.05,"$11,499.00",5.74,New York,English,314,6555,10,Foodies,2021-12-03
125261,TechCorp,Social Media,All Ages,15 days,YouTube,0.15,"$11,367.00",2.86,Houston,Spanish,890,5880,7,Fashionistas,2021-03-07
125272,NexGen Systems,Email,All Ages,45 days,Instagram,0.07,"$17,632.00",2.86,New York,Mandarin,345,1731,5,Fashionistas,2021-03-18
125290,Innovate Industries,Display,All Ages,45 days,Google Ads,0.08,"$18,512.00",5.84,Los Angeles,French,809,9498,4,Fashionistas,2021-04-05
125316,Alpha Innovations,Influencer,Men 25-34,60 days,Google Ads,0.07,"$8,451.00",6.54,New York,Mandarin,551,1720,10,Foodies,2021-05-01
125330,DataTech Solutions,Display,Women 25-34,15 days,Google Ads,0.03,"$6,489.00",3.34,Miami,English,661,4884,9,Foodies,2021-05-15
125448,DataTech Solutions,Influencer,Men 25-34,30 days,Google Ads,0.14,"$17,439.00",3.34,Chicago,Spanish,541,2652,9,Health & Wellness,2021-09-10
125475,NexGen Systems,Influencer,Men 25-34,45 days,Instagram,0.12,"$9,272.00",7.61,Chicago,French,229,2984,2,Fashionistas,2021-10-07
125496,TechCorp,Search,Women 25-34,15 days,Website,0.05,"$13,902.00",2.0,New York,French,139,7459,7,Health & Wellness,2021-10-28
125501,DataTech Solutions,Display,All Ages,15 days,Website,0.02,"$14,493.00",3.4,Miami,German,970,7709,3,Outdoor Adventurers,2021-11-02
125575,Alpha Innovations,Display,Men 25-34,30 days,Google Ads,0.06,"$8,040.00",6.96,Chicago,Spanish,636,9287,3,Health & Wellness,2021-01-15
125631,Innovate Industries,Display,Women 25-34,60 days,YouTube,0.03,"$12,560.00",2.52,Houston,English,201,5230,1,Outdoor Adventurers,2021-03-12
125640,Innovate Industries,Social Media,All Ages,30 days,YouTube,0.03,"$16,903.00",5.9,Chicago,German,797,8815,6,Health & Wellness,2021-03-21
125707,NexGen Systems,Search,Men 18-24,15 days,Google Ads,0.14,"$10,220.00",6.54,Miami,German,391,2419,10,Foodies,2021-05-27
125732,DataTech Solutions,Display,Women 35-44,45 days,Google Ads,0.03,"$19,293.00",7.89,Chicago,French,501,2625,7,Health & Wellness,2021-06-21
125740,NexGen Systems,Search,Men 18-24,30 days,Instagram,0.07,"$15,337.00",3.86,Houston,English,268,6357,6,Outdoor Adventurers,2021-06-29
125750,DataTech Solutions,Influencer,Men 18-24,15 days,Facebook,0.06,"$9,620.00",5.21,Miami,German,666,1706,10,Fashionistas,2021-07-09
125778,TechCorp,Social Media,Men 25-34,15 days,Google Ads,0.06,"$11,194.00",4.17,Los Angeles,German,691,5574,3,Outdoor Adventurers,2021-08-06
125855,Innovate Industries,Influencer,Men 25-34,15 days,Facebook,0.02,"$5,855.00",2.07,New York,English,658,8283,4,Foodies,2021-10-22
125882,Innovate Industries,Email,Women 25-34,30 days,Google Ads,0.03,"$12,543.00",3.58,Houston,Mandarin,555,2714,9,Fashionistas,2021-11-18
125920,DataTech Solutions,Influencer,Men 18-24,30 days,Email,0.1,"$10,166.00",2.22,Miami,Spanish,250,5110,5,Outdoor Adventurers,2021-12-26
125928,NexGen Systems,Social Media,All Ages,15 days,Facebook,0.09,"$8,436.00",2.4,Chicago,English,615,3716,9,Tech Enthusiasts,2021-01-03
126007,DataTech Solutions,Email,Men 25-34,60 days,Website,0.06,"$5,817.00",7.72,Chicago,French,130,7638,6,Fashionistas,2021-03-23
126029,TechCorp,Influencer,All Ages,45 days,Google Ads,0.14,"$14,090.00",6.14,Chicago,French,342,5280,8,Foodies,2021-04-14
126153,TechCorp,Email,Women 35-44,15 days,YouTube,0.08,"$7,512.00",2.78,Chicago,English,740,9537,7,Health & Wellness,2021-08-16
126187,TechCorp,Search,Women 25-34,45 days,YouTube,0.08,"$7,871.00",7.63,Los Angeles,English,397,1787,4,Outdoor Adventurers,2021-09-19
126256,Innovate Industries,Influencer,Men 25-34,15 days,Facebook,0.05,"$5,788.00",6.95,Houston,Mandarin,995,1200,5,Health & Wellness,2021-11-27
126313,TechCorp,Search,Men 18-24,15 days,YouTube,0.1,"$9,805.00",3.09,Miami,German,627,8537,6,Fashionistas,2021-01-23
126318,TechCorp,Social Media,Men 18-24,60 days,Email,0.13,"$8,895.00",3.66,Chicago,Mandarin,493,4459,6,Foodies,2021-01-28
126397,Alpha Innovations,Social Media,All Ages,15 days,Google Ads,0.01,"$14,568.00",5.73,Miami,Spanish,412,8156,7,Foodies,2021-04-17
126484,NexGen Systems,Email,Men 25-34,60 days,Google Ads,0.07,"$18,790.00",2.9,New York,German,449,7220,7,Fashionistas,2021-07-13
126572,DataTech Solutions,Influencer,Men 25-34,60 days,Facebook,0.07,"$10,707.00",2.22,New York,Spanish,227,2960,9,Health & Wellness,2021-10-09
126595,DataTech Solutions,Display,Men 18-24,30 days,Google Ads,0.09,"$13,374.00",3.52,Los Angeles,English,489,6291,10,Tech Enthusiasts,2021-11-01
126671,NexGen Systems,Social Media,Women 25-34,15 days,Website,0.04,"$8,715.00",3.4,New York,Mandarin,680,2563,3,Foodies,2021-01-16
126733,Innovate Industries,Search,Women 25-34,30 days,Facebook,0.14,"$8,843.00",7.42,Chicago,English,363,3709,8,Fashionistas,2021-03-19
126737,Innovate Industries,Email,Men 25-34,30 days,Google Ads,0.07,"$15,885.00",3.54,Chicago,Mandarin,754,3664,1,Health & Wellness,2021-03-23
126825,DataTech Solutions,Email,Women 35-44,45 days,Instagram,0.05,"$11,575.00",3.45,Houston,French,144,4066,8,Outdoor Adventurers,2021-06-19
126839,DataTech Solutions,Social Media,Women 35-44,30 days,Instagram,0.09,"$18,755.00",5.08,Miami,German,158,5370,5,Outdoor Adventurers,2021-07-03
126887,Innovate Industries,Search,Women 35-44,15 days,Google Ads,0.11,"$5,704.00",7.72,Houston,English,147,3176,10,Foodies,2021-08-20
126932,TechCorp,Email,Men 25-34,15 days,YouTube,0.02,"$19,852.00",6.31,Miami,German,385,6540,2,Foodies,2021-10-04
126994,NexGen Systems,Influencer,Men 18-24,30 days,Email,0.06,"$7,405.00",5.23,Houston,English,745,3751,6,Fashionistas,2021-12-05
127071,NexGen Systems,Email,Women 25-34,30 days,YouTube,0.03,"$11,291.00",7.12,Los Angeles,English,491,3120,9,Fashionistas,2021-02-20
127157,NexGen Systems,Social Media,Women 35-44,15 days,Instagram,0.09,"$11,504.00",7.06,Houston,English,535,1017,7,Fashionistas,2021-05-17
127162,TechCorp,Influencer,All Ages,45 days,Facebook,0.08,"$9,743.00",7.59,Houston,English,733,3996,3,Fashionistas,2021-05-22
127184,DataTech Solutions,Display,Men 25-34,30 days,YouTube,0.12,"$6,157.00",6.34,Los Angeles,Mandarin,128,8648,8,Fashionistas,2021-06-13
127190,NexGen Systems,Display,Women 35-44,15 days,Instagram,0.06,"$16,571.00",5.13,New York,French,856,7215,7,Foodies,2021-06-19
127202,NexGen Systems,Email,All Ages,60 days,YouTube,0.14,"$11,933.00",7.01,New York,French,698,8400,10,Foodies,2021-07-01
127206,TechCorp,Email,Men 25-34,30 days,Email,0.11,"$15,484.00",2.34,New York,German,729,5931,10,Foodies,2021-07-05
127257,NexGen Systems,Display,Women 35-44,60 days,Website,0.07,"$7,258.00",6.16,Los Angeles,Spanish,987,6392,5,Health & Wellness,2021-08-25
127289,Alpha Innovations,Influencer,Men 18-24,15 days,YouTube,0.15,"$7,800.00",4.05,New York,French,917,1002,3,Health & Wellness,2021-09-26
127361,NexGen Systems,Influencer,Women 35-44,45 days,Google Ads,0.04,"$19,686.00",4.91,Houston,Mandarin,541,8846,9,Health & Wellness,2021-12-07
127382,TechCorp,Email,Women 25-34,15 days,YouTube,0.13,"$7,592.00",3.15,Los Angeles,Mandarin,510,5781,6,Health & Wellness,2021-12-28
127448,TechCorp,Email,Women 35-44,30 days,Website,0.12,"$13,913.00",4.28,Houston,German,272,6371,9,Foodies,2021-03-04
127454,TechCorp,Search,Women 25-34,15 days,YouTube,0.02,"$14,643.00",6.8,Los Angeles,Mandarin,184,5948,9,Tech Enthusiasts,2021-03-10
127524,TechCorp,Social Media,All Ages,45 days,YouTube,0.07,"$12,988.00",2.56,Los Angeles,French,330,1592,2,Foodies,2021-05-19
127602,DataTech Solutions,Search,All Ages,60 days,Facebook,0.02,"$17,570.00",5.3,Houston,Mandarin,514,8342,7,Fashionistas,2021-08-05
127615,NexGen Systems,Influencer,Men 25-34,45 days,Website,0.05,"$7,126.00",7.67,New York,German,191,5166,4,Foodies,2021-08-18
127694,Alpha Innovations,Display,Women 25-34,30 days,YouTube,0.14,"$11,464.00",3.97,New York,Spanish,781,5461,4,Foodies,2021-11-05
127695,NexGen Systems,Search,Men 18-24,45 days,Website,0.08,"$18,760.00",5.58,Miami,German,712,3250,1,Tech Enthusiasts,2021-11-06
127731,Innovate Industries,Email,Men 18-24,45 days,YouTube,0.1,"$15,856.00",5.87,New York,German,247,2696,2,Outdoor Adventurers,2021-12-12
127747,Innovate Industries,Social Media,Men 25-34,30 days,YouTube,0.06,"$19,223.00",4.11,Houston,Mandarin,649,9074,2,Outdoor Adventurers,2021-12-28
127756,DataTech Solutions,Email,Women 25-34,60 days,Instagram,0.08,"$10,895.00",4.57,Houston,French,579,6857,7,Health & Wellness,2021-01-06
127858,NexGen Systems,Email,Men 25-34,45 days,Google Ads,0.11,"$16,233.00",3.62,Los Angeles,French,370,3636,4,Outdoor Adventurers,2021-04-18
127867,DataTech Solutions,Social Media,All Ages,45 days,Email,0.05,"$15,719.00",5.1,Houston,French,274,1562,9,Tech Enthusiasts,2021-04-27
127870,TechCorp,Search,Women 25-34,60 days,YouTube,0.12,"$19,166.00",6.73,Houston,English,701,7864,1,Fashionistas,2021-04-30
127892,Alpha Innovations,Email,Women 25-34,60 days,Instagram,0.07,"$6,231.00",7.4,New York,German,948,2739,8,Fashionistas,2021-05-22
127990,NexGen Systems,Search,Men 25-34,15 days,Email,0.08,"$14,708.00",6.61,Houston,German,888,4910,6,Tech Enthusiasts,2021-08-28
127991,Alpha Innovations,Search,All Ages,45 days,Facebook,0.03,"$9,001.00",4.86,Houston,French,983,1173,7,Outdoor Adventurers,2021-08-29
128001,DataTech Solutions,Display,Men 25-34,30 days,YouTube,0.1,"$15,842.00",5.16,New York,French,795,9451,5,Foodies,2021-09-08
128068,NexGen Systems,Search,All Ages,60 days,Google Ads,0.14,"$9,310.00",6.55,Houston,Mandarin,460,5348,10,Fashionistas,2021-11-14
128087,Innovate Industries,Social Media,Women 25-34,45 days,Google Ads,0.02,"$6,069.00",2.24,Miami,Spanish,635,1399,9,Fashionistas,2021-12-03
128171,TechCorp,Search,Men 25-34,15 days,Website,0.07,"$10,251.00",4.06,Los Angeles,French,520,2725,9,Outdoor Adventurers,2021-02-25
128174,DataTech Solutions,Influencer,Men 18-24,60 days,YouTube,0.05,"$19,843.00",6.9,Chicago,German,280,3074,6,Tech Enthusiasts,2021-02-28
128219,Innovate Industries,Social Media,Women 35-44,30 days,YouTube,0.13,"$15,488.00",4.84,Houston,German,564,5716,3,Tech Enthusiasts,2021-04-14
128284,NexGen Systems,Search,Women 35-44,45 days,Website,0.05,"$14,806.00",4.08,Los Angeles,English,166,2466,3,Foodies,2021-06-18
128354,Alpha Innovations,Search,Men 25-34,45 days,Instagram,0.04,"$10,317.00",5.16,Miami,Spanish,374,6650,10,Fashionistas,2021-08-27
128459,NexGen Systems,Email,Women 25-34,60 days,Facebook,0.11,"$18,015.00",5.53,Los Angeles,French,190,4348,7,Foodies,2021-12-10
128538,NexGen Systems,Display,Women 35-44,15 days,YouTube,0.11,"$11,197.00",2.25,New York,French,153,1054,3,Fashionistas,2021-02-27
128561,NexGen Systems,Influencer,Women 25-34,30 days,Facebook,0.09,"$5,902.00",3.49,Chicago,English,362,5108,5,Outdoor Adventurers,2021-03-22
128568,Alpha Innovations,Display,Women 35-44,45 days,Website,0.06,"$10,999.00",7.65,Chicago,English,652,4009,9,Tech Enthusiasts,2021-03-29
128581,NexGen Systems,Display,Men 18-24,30 days,Email,0.09,"$5,887.00",2.86,Los Angeles,Spanish,667,3918,9,Fashionistas,2021-04-11
128590,NexGen Systems,Display,Men 18-24,60 days,Instagram,0.1,"$13,661.00",6.74,Los Angeles,Mandarin,687,6127,8,Foodies,2021-04-20
128654,DataTech Solutions,Search,All Ages,45 days,Facebook,0.13,"$8,064.00",4.1,Houston,English,322,4520,2,Outdoor Adventurers,2021-06-23
128658,Alpha Innovations,Display,Women 25-34,15 days,YouTube,0.07,"$14,893.00",3.03,Chicago,English,704,3344,6,Tech Enthusiasts,2021-06-27
128741,NexGen Systems,Influencer,Women 25-34,15 days,YouTube,0.07,"$14,367.00",7.72,Miami,German,660,9718,9,Fashionistas,2021-09-18
128745,DataTech Solutions,Influencer,Men 18-24,60 days,YouTube,0.08,"$9,772.00",4.16,Chicago,French,686,2655,1,Fashionistas,2021-09-22
128750,DataTech Solutions,Influencer,Men 25-34,30 days,Instagram,0.03,"$6,374.00",2.63,Los Angeles,English,492,8646,5,Tech Enthusiasts,2021-09-27
128775,NexGen Systems,Display,Men 18-24,15 days,Email,0.12,"$9,574.00",4.4,New York,German,748,3114,10,Outdoor Adventurers,2021-10-22
128806,Innovate Industries,Influencer,Men 25-34,45 days,Instagram,0.06,"$5,391.00",2.36,Miami,English,949,1152,8,Fashionistas,2021-11-22
128979,NexGen Systems,Search,Men 18-24,15 days,Instagram,0.06,"$15,893.00",2.36,Houston,Mandarin,739,5208,1,Fashionistas,2021-05-14
129005,TechCorp,Social Media,Women 25-34,30 days,Instagram,0.06,"$10,472.00",4.92,New York,French,817,7978,4,Health & Wellness,2021-06-09
129029,Alpha Innovations,Email,All Ages,60 days,Website,0.1,"$12,343.00",5.48,Houston,Spanish,802,2158,5,Fashionistas,2021-07-03
129036,TechCorp,Email,Men 18-24,45 days,Website,0.01,"$11,294.00",2.89,Chicago,German,685,6497,5,Outdoor Adventurers,2021-07-10
129041,NexGen Systems,Display,Women 35-44,15 days,Instagram,0.08,"$10,275.00",5.51,Miami,Spanish,456,4710,8,Health & Wellness,2021-07-15
129166,Innovate Industries,Influencer,Women 35-44,15 days,Facebook,0.03,"$17,941.00",2.8,Miami,Spanish,446,4432,3,Foodies,2021-11-17
129169,DataTech Solutions,Search,Men 18-24,60 days,YouTube,0.15,"$11,898.00",6.93,Miami,English,612,9401,4,Outdoor Adventurers,2021-11-20
129191,Alpha Innovations,Display,Women 25-34,60 days,Google Ads,0.04,"$8,815.00",7.43,Chicago,French,550,5388,9,Outdoor Adventurers,2021-12-12
129215,NexGen Systems,Influencer,Men 18-24,30 days,Facebook,0.15,"$9,400.00",7.53,New York,German,643,8044,1,Fashionistas,2021-01-05
129242,Alpha Innovations,Display,Women 25-34,45 days,Instagram,0.05,"$12,108.00",3.34,Los Angeles,French,938,4828,7,Outdoor Adventurers,2021-02-01
129362,Alpha Innovations,Influencer,Women 25-34,45 days,Website,0.06,"$5,353.00",2.81,Miami,Mandarin,821,9232,4,Health & Wellness,2021-06-01
129446,TechCorp,Email,Women 25-34,30 days,Email,0.05,"$6,315.00",7.81,Miami,Spanish,977,9408,2,Outdoor Adventurers,2021-08-24
129450,TechCorp,Social Media,All Ages,15 days,Email,0.09,"$9,672.00",6.31,New York,Spanish,582,6328,2,Outdoor Adventurers,2021-08-28
129461,TechCorp,Search,Women 25-34,30 days,Website,0.07,"$18,098.00",2.57,Houston,German,642,7232,4,Tech Enthusiasts,2021-09-08
129465,NexGen Systems,Social Media,All Ages,45 days,Instagram,0.06,"$13,643.00",7.37,Los Angeles,Spanish,783,5859,5,Tech Enthusiasts,2021-09-12
129468,TechCorp,Social Media,Men 18-24,60 days,Email,0.1,"$16,464.00",3.95,Miami,Spanish,997,5495,5,Fashionistas,2021-09-15
129493,NexGen Systems,Social Media,All Ages,30 days,Instagram,0.11,"$8,632.00",2.07,Miami,English,674,9151,5,Tech Enthusiasts,2021-10-10
129511,NexGen Systems,Influencer,Women 25-34,45 days,YouTube,0.05,"$12,194.00",5.25,Los Angeles,German,977,1724,7,Health & Wellness,2021-10-28
129584,TechCorp,Display,Women 25-34,45 days,Email,0.05,"$15,553.00",3.12,New York,Mandarin,510,3131,1,Tech Enthusiasts,2021-01-09
129626,TechCorp,Influencer,Women 25-34,60 days,Website,0.03,"$19,803.00",7.28,Chicago,Spanish,687,9991,1,Tech Enthusiasts,2021-02-20
129645,Innovate Industries,Social Media,Men 18-24,30 days,Google Ads,0.11,"$16,320.00",2.93,New York,French,776,9889,7,Fashionistas,2021-03-11
129669,DataTech Solutions,Search,Women 25-34,60 days,Facebook,0.12,"$15,281.00",6.25,New York,Mandarin,798,5220,4,Tech Enthusiasts,2021-04-04
129676,NexGen Systems,Display,Men 25-34,60 days,Email,0.11,"$19,119.00",7.81,New York,English,997,8846,4,Fashionistas,2021-04-11
129736,TechCorp,Email,Women 35-44,60 days,YouTube,0.11,"$18,992.00",5.18,Los Angeles,Spanish,617,5677,4,Foodies,2021-06-10
129806,NexGen Systems,Search,All Ages,60 days,Google Ads,0.1,"$16,710.00",3.48,Houston,Mandarin,746,6162,6,Foodies,2021-08-19
129817,Innovate Industries,Search,Men 18-24,60 days,Google Ads,0.09,"$10,603.00",6.89,Los Angeles,French,717,9023,2,Fashionistas,2021-08-30
129821,NexGen Systems,Social Media,Women 25-34,60 days,YouTube,0.01,"$12,011.00",4.08,Houston,German,274,8501,5,Tech Enthusiasts,2021-09-03
129836,Innovate Industries,Email,Women 25-34,60 days,YouTube,0.09,"$6,122.00",5.44,Los Angeles,English,810,5165,5,Health & Wellness,2021-09-18
129855,TechCorp,Display,Men 18-24,30 days,Website,0.13,"$16,120.00",6.76,Los Angeles,Spanish,248,6303,9,Outdoor Adventurers,2021-10-07
129865,DataTech Solutions,Email,Men 18-24,60 days,YouTube,0.09,"$6,853.00",7.85,Houston,French,618,8795,7,Foodies,2021-10-17
129879,Innovate Industries,Social Media,Women 25-34,60 days,Google Ads,0.07,"$10,330.00",5.34,New York,Spanish,769,2819,4,Tech Enthusiasts,2021-10-31
129928,TechCorp,Email,Women 25-34,45 days,Website,0.04,"$12,379.00",6.54,Houston,German,877,1797,6,Health & Wellness,2021-12-19
129944,Innovate Industries,Email,Women 25-34,15 days,Google Ads,0.15,"$7,992.00",2.49,Los Angeles,Mandarin,758,1880,2,Health & Wellness,2021-01-04
130059,Alpha Innovations,Email,Men 25-34,45 days,Facebook,0.11,"$17,915.00",7.03,New York,Spanish,913,6220,5,Foodies,2021-04-29
130066,NexGen Systems,Search,Men 25-34,60 days,YouTube,0.09,"$12,096.00",4.15,New York,Mandarin,892,6141,7,Tech Enthusiasts,2021-05-06
130129,TechCorp,Influencer,Men 25-34,15 days,Instagram,0.02,"$5,968.00",2.99,Los Angeles,German,380,6645,6,Health & Wellness,2021-07-08
130177,Alpha Innovations,Email,Men 25-34,60 days,Google Ads,0.11,"$12,856.00",4.88,Miami,English,710,8080,3,Foodies,2021-08-25
130225,NexGen Systems,Influencer,Women 25-34,60 days,Facebook,0.09,"$19,935.00",5.17,New York,Mandarin,636,1390,9,Fashionistas,2021-10-12
130245,TechCorp,Display,Women 25-34,45 days,Instagram,0.05,"$11,344.00",7.46,Chicago,German,221,8302,2,Tech Enthusiasts,2021-11-01
130290,Innovate Industries,Display,All Ages,60 days,Facebook,0.02,"$15,233.00",2.14,Houston,French,162,2054,6,Outdoor Adventurers,2021-12-16
130340,TechCorp,Search,All Ages,30 days,Instagram,0.06,"$15,151.00",4.76,New York,Spanish,564,1696,2,Fashionistas,2021-02-04
130344,Alpha Innovations,Email,Women 25-34,15 days,Instagram,0.13,"$12,845.00",5.88,Chicago,Mandarin,770,1647,8,Fashionistas,2021-02-08
130439,Innovate Industries,Search,Men 18-24,60 days,Facebook,0.1,"$16,157.00",5.89,Miami,French,909,1062,8,Tech Enthusiasts,2021-05-14
130642,DataTech Solutions,Email,Women 35-44,60 days,Website,0.09,"$7,085.00",2.3,Miami,English,200,4764,4,Health & Wellness,2021-12-03
130666,NexGen Systems,Social Media,Women 25-34,15 days,Email,0.05,"$11,713.00",4.43,Chicago,French,993,5658,9,Health & Wellness,2021-12-27
130691,TechCorp,Social Media,Women 25-34,30 days,Instagram,0.09,"$17,581.00",3.41,Chicago,German,601,4931,3,Fashionistas,2021-01-21
130877,Innovate Industries,Influencer,Women 35-44,45 days,YouTube,0.02,"$8,191.00",5.26,Miami,Mandarin,835,2799,6,Fashionistas,2021-07-26
130883,NexGen Systems,Search,Women 25-34,45 days,Google Ads,0.14,"$10,760.00",7.38,Houston,Spanish,365,8054,10,Tech Enthusiasts,2021-08-01
130937,NexGen Systems,Email,Women 35-44,30 days,YouTube,0.05,"$16,178.00",6.08,Houston,German,603,4846,5,Outdoor Adventurers,2021-09-24
130952,Alpha Innovations,Display,All Ages,30 days,YouTube,0.05,"$5,143.00",3.37,Houston,Mandarin,786,1709,1,Tech Enthusiasts,2021-10-09
130974,TechCorp,Search,Women 25-34,15 days,Facebook,0.11,"$17,097.00",7.95,New York,Spanish,605,6405,2,Outdoor Adventurers,2021-10-31
130992,Innovate Industries,Search,Men 25-34,45 days,Website,0.1,"$8,553.00",2.07,Los Angeles,French,906,5850,10,Outdoor Adventurers,2021-11-18
131015,TechCorp,Display,Women 25-34,45 days,Email,0.13,"$13,032.00",4.98,Los Angeles,Spanish,880,2827,3,Health & Wellness,2021-12-11
131020,Innovate Industries,Social Media,Men 18-24,45 days,Facebook,0.02,"$17,136.00",3.73,Chicago,English,710,6767,3,Outdoor Adventurers,2021-12-16
131057,Innovate Industries,Influencer,Women 35-44,30 days,YouTube,0.05,"$8,141.00",4.09,Miami,Mandarin,929,4091,8,Foodies,2021-01-22
131059,TechCorp,Search,Women 25-34,60 days,Google Ads,0.05,"$7,704.00",6.34,Houston,French,936,8894,9,Outdoor Adventurers,2021-01-24
131072,DataTech Solutions,Search,Women 25-34,60 days,YouTube,0.03,"$16,981.00",3.91,Miami,Spanish,979,9826,9,Health & Wellness,2021-02-06
131145,NexGen Systems,Influencer,Women 35-44,30 days,YouTube,0.09,"$8,176.00",4.15,Miami,French,938,7262,8,Fashionistas,2021-04-20
131207,Innovate Industries,Social Media,All Ages,45 days,Email,0.1,"$18,902.00",6.91,Chicago,Spanish,261,3640,7,Fashionistas,2021-06-21
131210,DataTech Solutions,Influencer,All Ages,30 days,Instagram,0.1,"$8,942.00",3.64,Houston,Spanish,710,9371,4,Health & Wellness,2021-06-24
131213,Innovate Industries,Influencer,Men 18-24,30 days,Instagram,0.05,"$14,243.00",4.48,Miami,Mandarin,874,2994,1,Fashionistas,2021-06-27
131250,Alpha Innovations,Display,All Ages,15 days,Website,0.13,"$10,250.00",3.53,Houston,Mandarin,323,7295,6,Tech Enthusiasts,2021-08-03
131252,NexGen Systems,Influencer,All Ages,45 days,Website,0.07,"$19,406.00",6.1,Houston,German,745,5194,3,Outdoor Adventurers,2021-08-05
131298,NexGen Systems,Social Media,Men 18-24,45 days,Email,0.04,"$8,798.00",5.09,New York,Spanish,710,3066,1,Foodies,2021-09-20
131318,Alpha Innovations,Email,Women 25-34,60 days,Email,0.14,"$14,773.00",2.52,Los Angeles,German,679,6336,6,Fashionistas,2021-10-10
131341,Innovate Industries,Influencer,Men 25-34,30 days,Facebook,0.01,"$14,457.00",7.84,Houston,French,265,3714,2,Outdoor Adventurers,2021-11-02
131482,TechCorp,Display,All Ages,30 days,Facebook,0.06,"$14,360.00",6.82,Miami,English,536,4622,7,Foodies,2021-03-23
131502,TechCorp,Email,All Ages,30 days,Google Ads,0.07,"$7,890.00",6.63,Chicago,Spanish,320,3794,9,Outdoor Adventurers,2021-04-12
131512,Alpha Innovations,Display,All Ages,30 days,Facebook,0.13,"$11,543.00",3.79,Miami,Spanish,672,6315,4,Health & Wellness,2021-04-22
131585,Alpha Innovations,Display,All Ages,30 days,Facebook,0.01,"$5,050.00",4.55,Houston,German,330,1648,1,Fashionistas,2021-07-04
131592,Alpha Innovations,Search,Men 25-34,60 days,Google Ads,0.05,"$6,863.00",6.17,Miami,Mandarin,546,8031,10,Health & Wellness,2021-07-11
131687,TechCorp,Social Media,Women 35-44,45 days,Google Ads,0.1,"$19,788.00",4.91,Chicago,English,252,8501,1,Foodies,2021-10-14
131747,DataTech Solutions,Email,Men 18-24,15 days,Email,0.01,"$13,390.00",4.47,Los Angeles,French,398,3818,4,Foodies,2021-12-13
131832,NexGen Systems,Search,Men 25-34,15 days,YouTube,0.1,"$10,762.00",3.62,New York,German,580,7884,7,Health & Wellness,2021-03-08
131932,Alpha Innovations,Display,Women 25-34,30 days,Email,0.1,"$19,916.00",5.26,Chicago,German,905,6281,8,Health & Wellness,2021-06-16
131943,Innovate Industries,Social Media,Men 18-24,60 days,YouTube,0.11,"$18,706.00",3.07,Chicago,French,215,5105,7,Outdoor Adventurers,2021-06-27
131998,TechCorp,Influencer,Men 18-24,15 days,Facebook,0.09,"$7,168.00",3.35,New York,Mandarin,992,6631,6,Health & Wellness,2021-08-21
132074,Innovate Industries,Social Media,Women 25-34,30 days,Google Ads,0.11,"$11,968.00",7.92,Los Angeles,Spanish,557,4657,1,Foodies,2021-11-05
132110,TechCorp,Search,Women 25-34,60 days,Facebook,0.03,"$13,405.00",7.3,Houston,Spanish,141,6837,9,Fashionistas,2021-12-11
132119,DataTech Solutions,Display,Women 25-34,30 days,Email,0.1,"$10,108.00",4.91,New York,English,375,8529,6,Outdoor Adventurers,2021-12-20
132177,DataTech Solutions,Display,Women 35-44,15 days,Google Ads,0.06,"$18,092.00",7.24,Miami,English,553,5458,4,Health & Wellness,2021-02-16
132197,NexGen Systems,Search,Men 18-24,15 days,Google Ads,0.13,"$6,758.00",7.02,Los Angeles,Mandarin,459,9752,5,Health & Wellness,2021-03-08
132287,Innovate Industries,Influencer,Women 25-34,45 days,Website,0.07,"$18,868.00",2.64,Miami,Spanish,698,3270,5,Outdoor Adventurers,2021-06-06
132325,Innovate Industries,Influencer,Men 18-24,45 days,Email,0.01,"$12,794.00",7.52,Los Angeles,Mandarin,766,1588,4,Fashionistas,2021-07-14
132376,NexGen Systems,Social Media,Women 25-34,15 days,Email,0.06,"$12,210.00",4.81,Los Angeles,Mandarin,397,4043,2,Tech Enthusiasts,2021-09-03
132468,Innovate Industries,Email,Women 35-44,45 days,Email,0.01,"$11,174.00",2.44,Houston,Mandarin,985,4230,2,Fashionistas,2021-12-04
132515,Innovate Industries,Search,Men 25-34,15 days,YouTube,0.14,"$10,248.00",3.29,Miami,Mandarin,142,6750,10,Outdoor Adventurers,2021-01-20
132586,TechCorp,Search,Women 35-44,45 days,Website,0.02,"$10,873.00",7.84,Miami,French,723,2558,5,Outdoor Adventurers,2021-04-01
132589,Alpha Innovations,Influencer,Women 25-34,30 days,YouTube,0.15,"$16,739.00",5.58,Miami,English,483,9637,7,Outdoor Adventurers,2021-04-04
132773,TechCorp,Social Media,All Ages,15 days,Instagram,0.03,"$9,471.00",5.03,Houston,Mandarin,658,3665,4,Foodies,2021-10-05
132791,TechCorp,Search,Women 25-34,45 days,Instagram,0.04,"$17,095.00",7.43,Chicago,Spanish,800,8821,2,Tech Enthusiasts,2021-10-23
133039,NexGen Systems,Email,All Ages,15 days,Website,0.13,"$8,211.00",7.75,New York,Mandarin,940,3279,10,Health & Wellness,2021-06-28
133043,Innovate Industries,Display,All Ages,45 days,Website,0.15,"$13,530.00",2.25,Houston,French,575,1070,9,Tech Enthusiasts,2021-07-02
133047,NexGen Systems,Email,Women 25-34,45 days,Google Ads,0.03,"$19,434.00",2.25,New York,English,455,1195,10,Tech Enthusiasts,2021-07-06
133177,Alpha Innovations,Email,Men 18-24,30 days,Facebook,0.08,"$12,134.00",5.08,New York,English,449,4521,4,Tech Enthusiasts,2021-11-13
133210,Alpha Innovations,Email,All Ages,30 days,Instagram,0.1,"$9,156.00",2.96,Chicago,English,110,8955,7,Foodies,2021-12-16
133214,DataTech Solutions,Display,Women 35-44,45 days,Instagram,0.07,"$9,839.00",3.96,Los Angeles,French,444,1911,7,Health & Wellness,2021-12-20
133218,Alpha Innovations,Search,Women 35-44,15 days,Facebook,0.02,"$12,653.00",3.98,Chicago,German,779,4059,10,Health & Wellness,2021-12-24
133344,NexGen Systems,Social Media,Women 25-34,30 days,Facebook,0.04,"$18,907.00",4.28,New York,English,261,5902,2,Foodies,2021-04-29
133377,NexGen Systems,Social Media,Women 35-44,45 days,Instagram,0.07,"$10,151.00",2.39,Los Angeles,German,585,4191,4,Tech Enthusiasts,2021-06-01
133385,Innovate Industries,Influencer,All Ages,30 days,Website,0.06,"$7,125.00",7.54,New York,Mandarin,545,3413,8,Outdoor Adventurers,2021-06-09
133434,DataTech Solutions,Search,Men 18-24,30 days,Google Ads,0.09,"$10,283.00",2.17,Los Angeles,English,118,6919,9,Health & Wellness,2021-07-28
133435,TechCorp,Display,Men 25-34,45 days,YouTube,0.08,"$9,751.00",5.7,Miami,Mandarin,532,6905,2,Outdoor Adventurers,2021-07-29
133451,NexGen Systems,Social Media,Men 25-34,60 days,Instagram,0.08,"$17,933.00",2.6,Miami,Spanish,706,2398,5,Health & Wellness,2021-08-14
133470,NexGen Systems,Email,Men 25-34,30 days,Email,0.14,"$12,753.00",5.59,Chicago,Mandarin,462,5908,4,Fashionistas,2021-09-02
133478,Innovate Industries,Influencer,Men 18-24,30 days,Instagram,0.03,"$14,203.00",3.72,Miami,Mandarin,317,8501,2,Health & Wellness,2021-09-10
133517,NexGen Systems,Email,Men 25-34,60 days,Instagram,0.04,"$6,137.00",6.2,Los Angeles,Spanish,383,1230,5,Fashionistas,2021-10-19
133521,Alpha Innovations,Influencer,Men 25-34,45 days,Email,0.08,"$18,719.00",6.27,Chicago,German,632,7249,7,Foodies,2021-10-23
133591,NexGen Systems,Email,Women 35-44,45 days,Google Ads,0.11,"$10,907.00",6.76,Los Angeles,French,646,6472,6,Foodies,2021-01-01
133639,NexGen Systems,Display,Men 18-24,30 days,Instagram,0.14,"$6,024.00",2.95,Chicago,German,232,6814,5,Tech Enthusiasts,2021-02-18
133698,DataTech Solutions,Email,Women 35-44,45 days,Website,0.05,"$19,930.00",2.15,Los Angeles,German,366,2430,7,Fashionistas,2021-04-18
133709,Alpha Innovations,Influencer,Men 25-34,15 days,Google Ads,0.1,"$6,049.00",7.62,Miami,French,245,3946,6,Outdoor Adventurers,2021-04-29
133718,TechCorp,Influencer,All Ages,60 days,Email,0.08,"$16,703.00",4.92,Los Angeles,English,597,1905,2,Foodies,2021-05-08
133720,NexGen Systems,Email,Men 25-34,15 days,Website,0.12,"$10,061.00",4.69,Chicago,German,242,6889,3,Outdoor Adventurers,2021-05-10
133723,TechCorp,Email,Men 25-34,30 days,Facebook,0.07,"$12,368.00",5.21,Los Angeles,French,465,8873,7,Tech Enthusiasts,2021-05-13
133725,DataTech Solutions,Influencer,Men 25-34,60 days,Google Ads,0.07,"$18,525.00",2.86,Houston,German,971,7667,8,Foodies,2021-05-15
133772,TechCorp,Search,Women 35-44,60 days,YouTube,0.06,"$16,390.00",6.52,Houston,Mandarin,741,9802,1,Outdoor Adventurers,2021-07-01
133786,Innovate Industries,Influencer,Men 25-34,45 days,Email,0.09,"$14,590.00",5.79,New York,Spanish,712,2162,4,Foodies,2021-07-15
133798,DataTech Solutions,Social Media,Men 18-24,45 days,YouTube,0.15,"$15,776.00",6.49,Miami,Spanish,304,9400,2,Health & Wellness,2021-07-27
133831,TechCorp,Social Media,Women 35-44,30 days,Website,0.07,"$16,901.00",7.47,Chicago,Spanish,830,9113,7,Fashionistas,2021-08-29
133868,Innovate Industries,Display,Men 18-24,60 days,YouTube,0.03,"$19,279.00",2.8,New York,French,553,4411,7,Foodies,2021-10-05
133892,Innovate Industries,Search,All Ages,15 days,Instagram,0.13,"$6,388.00",2.59,Los Angeles,French,726,7997,2,Foodies,2021-10-29
134031,DataTech Solutions,Display,All Ages,30 days,Google Ads,0.14,"$12,894.00",7.28,Miami,French,948,7844,8,Tech Enthusiasts,2021-03-17
134068,TechCorp,Social Media,Women 35-44,45 days,Instagram,0.05,"$6,914.00",3.26,Miami,Spanish,794,6172,7,Tech Enthusiasts,2021-04-23
134080,DataTech Solutions,Search,Men 18-24,45 days,Email,0.07,"$15,417.00",6.52,Houston,Spanish,615,7207,1,Foodies,2021-05-05
134148,TechCorp,Display,Women 25-34,30 days,Email,0.11,"$14,655.00",2.41,Los Angeles,Mandarin,406,3490,7,Outdoor Adventurers,2021-07-12
134209,Alpha Innovations,Display,Men 25-34,60 days,Instagram,0.05,"$9,243.00",6.35,Houston,German,113,9350,9,Health & Wellness,2021-09-11
134248,Innovate Industries,Search,All Ages,45 days,Google Ads,0.03,"$11,052.00",7.66,Miami,German,985,2480,6,Tech Enthusiasts,2021-10-20
134254,TechCorp,Search,Women 25-34,45 days,Email,0.06,"$18,662.00",2.72,Houston,Mandarin,396,3028,2,Foodies,2021-10-26
134362,NexGen Systems,Social Media,Men 18-24,45 days,YouTube,0.05,"$17,661.00",2.87,Chicago,English,613,2503,4,Health & Wellness,2021-02-11
134424,NexGen Systems,Social Media,Men 25-34,30 days,Instagram,0.14,"$16,041.00",5.62,New York,Spanish,664,9763,4,Outdoor Adventurers,2021-04-14
134507,Alpha Innovations,Influencer,Women 35-44,30 days,Facebook,0.07,"$11,086.00",3.48,New York,French,657,8020,1,Fashionistas,2021-07-06
134553,NexGen Systems,Email,Women 25-34,60 days,Instagram,0.02,"$10,959.00",7.0,Los Angeles,French,782,7930,1,Health & Wellness,2021-08-21
134613,Alpha Innovations,Email,Women 35-44,45 days,Google Ads,0.06,"$5,368.00",3.72,Los Angeles,German,663,6557,9,Tech Enthusiasts,2021-10-20
134658,Innovate Industries,Influencer,All Ages,45 days,Google Ads,0.1,"$6,848.00",4.21,Miami,French,771,5958,1,Health & Wellness,2021-12-04
134678,Alpha Innovations,Display,Men 25-34,30 days,YouTube,0.01,"$11,471.00",5.68,Houston,German,965,1770,4,Tech Enthusiasts,2021-12-24
134681,Innovate Industries,Social Media,Men 25-34,45 days,Email,0.07,"$9,837.00",4.77,Houston,Spanish,954,1147,6,Outdoor Adventurers,2021-12-27
134684,Alpha Innovations,Display,All Ages,30 days,Google Ads,0.13,"$11,799.00",3.17,Miami,German,978,8626,5,Foodies,2021-12-30
134716,TechCorp,Search,Men 18-24,60 days,Email,0.12,"$6,701.00",3.06,New York,Spanish,510,5181,5,Tech Enthusiasts,2021-01-31
134723,TechCorp,Search,All Ages,45 days,YouTube,0.1,"$18,084.00",4.18,Los Angeles,Mandarin,169,8782,1,Foodies,2021-02-07
134834,TechCorp,Display,Men 25-34,60 days,Google Ads,0.02,"$12,658.00",3.08,Chicago,French,188,7688,8,Outdoor Adventurers,2021-05-29
134854,Innovate Industries,Email,Women 35-44,45 days,Facebook,0.12,"$19,946.00",4.55,Chicago,Spanish,853,7619,5,Outdoor Adventurers,2021-06-18
134859,Innovate Industries,Influencer,Women 25-34,60 days,Instagram,0.06,"$10,722.00",4.73,Miami,French,569,9046,1,Outdoor Adventurers,2021-06-23
134864,DataTech Solutions,Influencer,Women 35-44,30 days,Website,0.13,"$18,726.00",6.88,Chicago,English,836,4373,5,Foodies,2021-06-28
134896,Innovate Industries,Search,Men 18-24,60 days,Website,0.09,"$12,072.00",2.52,Miami,French,132,9752,8,Fashionistas,2021-07-30
134955,Innovate Industries,Display,All Ages,15 days,YouTube,0.1,"$6,849.00",3.58,New York,Mandarin,978,9413,9,Fashionistas,2021-09-27
134970,Alpha Innovations,Influencer,Men 18-24,30 days,YouTube,0.04,"$12,651.00",2.12,Los Angeles,Mandarin,599,5038,6,Fashionistas,2021-10-12
135020,NexGen Systems,Influencer,Women 25-34,30 days,Facebook,0.01,"$5,644.00",6.05,Los Angeles,German,214,2229,3,Fashionistas,2021-12-01
135064,TechCorp,Search,Women 35-44,15 days,Email,0.13,"$9,375.00",7.09,Houston,Mandarin,800,1430,5,Foodies,2021-01-14
135084,TechCorp,Email,Women 35-44,30 days,Google Ads,0.14,"$12,272.00",3.07,New York,English,968,5175,4,Foodies,2021-02-03
135105,DataTech Solutions,Search,All Ages,45 days,Facebook,0.04,"$15,433.00",5.97,Los Angeles,Spanish,310,3711,9,Outdoor Adventurers,2021-02-24
135116,NexGen Systems,Social Media,Women 25-34,45 days,Google Ads,0.1,"$15,164.00",5.35,New York,Spanish,676,4334,4,Foodies,2021-03-07
135123,DataTech Solutions,Influencer,All Ages,15 days,Facebook,0.13,"$11,524.00",2.83,Los Angeles,French,792,6779,4,Foodies,2021-03-14
135195,DataTech Solutions,Email,Men 25-34,30 days,Google Ads,0.13,"$12,776.00",2.29,Chicago,English,188,6404,1,Foodies,2021-05-25
135197,NexGen Systems,Social Media,Men 25-34,30 days,Instagram,0.11,"$19,810.00",7.17,Miami,Mandarin,551,9719,2,Tech Enthusiasts,2021-05-27
135255,TechCorp,Influencer,Women 25-34,60 days,Instagram,0.12,"$7,007.00",4.76,Miami,Spanish,120,6626,7,Fashionistas,2021-07-24
135323,DataTech Solutions,Display,Men 25-34,60 days,Facebook,0.02,"$8,315.00",2.49,Los Angeles,English,329,2423,7,Outdoor Adventurers,2021-09-30
135324,NexGen Systems,Social Media,Men 18-24,15 days,YouTube,0.09,"$17,372.00",7.98,Miami,Mandarin,203,2016,2,Outdoor Adventurers,2021-10-01
135349,NexGen Systems,Social Media,Women 35-44,60 days,Facebook,0.1,"$18,615.00",3.11,Los Angeles,Mandarin,429,9822,3,Tech Enthusiasts,2021-10-26
135458,DataTech Solutions,Display,All Ages,45 days,YouTube,0.06,"$14,375.00",6.13,New York,German,907,9359,7,Foodies,2021-02-12
135486,Innovate Industries,Influencer,Men 18-24,30 days,YouTube,0.07,"$13,400.00",2.64,Chicago,German,369,1423,9,Fashionistas,2021-03-12
135527,NexGen Systems,Display,Men 25-34,15 days,Email,0.04,"$8,627.00",5.03,Los Angeles,English,297,9586,2,Tech Enthusiasts,2021-04-22
135609,TechCorp,Search,Men 25-34,60 days,Website,0.04,"$9,790.00",7.33,Miami,French,801,3023,6,Outdoor Adventurers,2021-07-13
135632,DataTech Solutions,Email,All Ages,15 days,Facebook,0.03,"$15,705.00",7.12,Miami,Mandarin,329,1071,9,Health & Wellness,2021-08-05
135667,DataTech Solutions,Email,All Ages,60 days,Google Ads,0.03,"$5,571.00",4.4,Chicago,Mandarin,651,5037,7,Foodies,2021-09-09
135733,DataTech Solutions,Search,Women 35-44,45 days,Facebook,0.04,"$13,375.00",7.96,Chicago,English,686,2182,6,Fashionistas,2021-11-14
135913,DataTech Solutions,Display,Women 25-34,30 days,YouTube,0.15,"$7,434.00",2.91,Miami,English,782,9067,1,Tech Enthusiasts,2021-05-13
135914,TechCorp,Display,Women 25-34,15 days,Website,0.05,"$17,481.00",5.28,Miami,German,815,2147,3,Foodies,2021-05-14
135952,DataTech Solutions,Display,Men 18-24,30 days,Email,0.12,"$9,707.00",7.49,New York,English,710,6906,4,Health & Wellness,2021-06-21
136111,Alpha Innovations,Display,Women 35-44,45 days,YouTube,0.04,"$17,905.00",3.45,Chicago,French,609,7022,1,Fashionistas,2021-11-27
136136,DataTech Solutions,Search,All Ages,30 days,Instagram,0.03,"$16,076.00",7.72,Los Angeles,Mandarin,347,2599,3,Outdoor Adventurers,2021-12-22
136187,Alpha Innovations,Social Media,All Ages,45 days,Google Ads,0.09,"$13,909.00",7.56,Los Angeles,English,758,2590,3,Fashionistas,2021-02-11
136227,Alpha Innovations,Display,Women 35-44,15 days,Instagram,0.09,"$7,482.00",4.37,New York,Spanish,125,5223,9,Tech Enthusiasts,2021-03-23
136304,Innovate Industries,Influencer,Women 35-44,30 days,Google Ads,0.13,"$7,996.00",2.43,Houston,Mandarin,822,4975,9,Health & Wellness,2021-06-08
136376,NexGen Systems,Influencer,Men 25-34,30 days,Google Ads,0.13,"$6,943.00",4.88,Chicago,Spanish,856,2424,2,Outdoor Adventurers,2021-08-19
136405,Innovate Industries,Display,Women 35-44,15 days,Google Ads,0.05,"$16,652.00",5.36,Chicago,German,403,1171,5,Health & Wellness,2021-09-17
136466,TechCorp,Social Media,Women 25-34,60 days,YouTube,0.09,"$8,344.00",5.43,Houston,English,181,9216,10,Tech Enthusiasts,2021-11-17
136481,TechCorp,Social Media,All Ages,30 days,Instagram,0.13,"$18,646.00",7.02,Miami,Mandarin,113,5395,8,Outdoor Adventurers,2021-12-02
136518,TechCorp,Influencer,Men 25-34,60 days,Facebook,0.1,"$11,418.00",6.69,Miami,Spanish,228,7199,10,Tech Enthusiasts,2021-01-08
136520,Alpha Innovations,Email,Women 25-34,15 days,Website,0.12,"$6,852.00",6.56,Los Angeles,German,297,8171,8,Health & Wellness,2021-01-10
136521,Alpha Innovations,Display,Men 18-24,60 days,Instagram,0.11,"$14,273.00",4.88,Houston,Spanish,649,8270,3,Outdoor Adventurers,2021-01-11
136561,Innovate Industries,Influencer,Men 18-24,60 days,Instagram,0.08,"$11,858.00",4.81,Miami,German,648,2081,1,Tech Enthusiasts,2021-02-20
136581,TechCorp,Social Media,Women 35-44,15 days,Google Ads,0.01,"$11,851.00",2.53,Houston,Spanish,880,4925,10,Foodies,2021-03-12
136674,NexGen Systems,Email,All Ages,30 days,Website,0.09,"$15,265.00",4.11,Houston,English,578,8771,2,Foodies,2021-06-13
136779,TechCorp,Search,Men 25-34,15 days,Instagram,0.14,"$18,401.00",6.03,Los Angeles,English,515,5943,7,Tech Enthusiasts,2021-09-26
136800,DataTech Solutions,Search,Women 25-34,60 days,Facebook,0.11,"$14,095.00",5.64,Miami,Spanish,271,4969,6,Foodies,2021-10-17
136828,DataTech Solutions,Search,Men 25-34,15 days,Email,0.11,"$10,358.00",6.81,Chicago,English,284,7436,7,Health & Wellness,2021-11-14
136855,TechCorp,Search,Men 25-34,15 days,Instagram,0.14,"$9,761.00",3.43,Chicago,Mandarin,900,5504,5,Health & Wellness,2021-12-11
136873,Alpha Innovations,Email,Men 25-34,30 days,YouTube,0.05,"$9,731.00",2.56,Houston,Mandarin,340,5174,4,Health & Wellness,2021-12-29
136876,TechCorp,Social Media,Women 35-44,60 days,Facebook,0.06,"$12,381.00",5.09,Los Angeles,German,271,8775,1,Outdoor Adventurers,2021-01-01
136956,DataTech Solutions,Display,All Ages,30 days,YouTube,0.08,"$16,485.00",3.48,Houston,French,693,6529,10,Foodies,2021-03-22
136982,DataTech Solutions,Search,Men 18-24,15 days,Google Ads,0.11,"$18,321.00",6.13,New York,English,290,8430,1,Foodies,2021-04-17
136993,NexGen Systems,Social Media,Women 35-44,60 days,Google Ads,0.15,"$8,233.00",3.95,Miami,Spanish,727,7602,10,Tech Enthusiasts,2021-04-28
137039,TechCorp,Display,All Ages,45 days,Email,0.03,"$18,341.00",3.06,Miami,French,212,4690,7,Health & Wellness,2021-06-13
137111,NexGen Systems,Email,All Ages,45 days,Google Ads,0.01,"$11,690.00",7.62,Houston,German,757,1456,1,Health & Wellness,2021-08-24
137119,DataTech Solutions,Email,Men 18-24,45 days,Email,0.07,"$15,012.00",4.65,New York,English,853,7362,1,Foodies,2021-09-01
137149,NexGen Systems,Email,Women 25-34,45 days,Email,0.06,"$5,103.00",7.93,New York,French,785,3211,1,Fashionistas,2021-10-01
137202,DataTech Solutions,Social Media,All Ages,45 days,Email,0.02,"$17,655.00",2.28,Chicago,Spanish,353,3961,3,Health & Wellness,2021-11-23
137262,Alpha Innovations,Display,Men 25-34,45 days,Email,0.14,"$12,995.00",5.69,Chicago,Mandarin,562,8144,4,Tech Enthusiasts,2021-01-22
137332,DataTech Solutions,Social Media,Men 25-34,45 days,Website,0.04,"$8,524.00",7.91,Houston,Spanish,440,1206,2,Outdoor Adventurers,2021-04-02
137487,DataTech Solutions,Email,Women 35-44,60 days,YouTube,0.12,"$11,777.00",3.79,Chicago,Mandarin,732,3874,1,Foodies,2021-09-04
137545,NexGen Systems,Influencer,Men 18-24,60 days,Website,0.13,"$17,628.00",4.17,Chicago,German,962,1964,1,Tech Enthusiasts,2021-11-01
137572,Innovate Industries,Influencer,Women 35-44,60 days,Email,0.11,"$13,369.00",7.73,Houston,Mandarin,200,3452,10,Outdoor Adventurers,2021-11-28
137600,NexGen Systems,Influencer,Men 25-34,15 days,Instagram,0.1,"$11,250.00",6.72,Houston,French,877,2787,3,Tech Enthusiasts,2021-12-26
137624,Innovate Industries,Influencer,Men 25-34,45 days,Instagram,0.07,"$12,103.00",2.74,New York,Mandarin,614,1462,4,Health & Wellness,2021-01-19
137705,Alpha Innovations,Email,Women 25-34,30 days,Website,0.13,"$6,187.00",7.63,Miami,Spanish,379,2657,7,Foodies,2021-04-10
137765,NexGen Systems,Social Media,Men 25-34,30 days,Google Ads,0.09,"$5,923.00",2.09,Los Angeles,French,149,1999,7,Foodies,2021-06-09
137779,NexGen Systems,Social Media,Men 18-24,60 days,Facebook,0.14,"$19,865.00",6.71,Miami,German,496,9344,9,Tech Enthusiasts,2021-06-23
137823,NexGen Systems,Search,Women 35-44,45 days,Facebook,0.06,"$10,234.00",6.72,New York,French,863,5524,9,Foodies,2021-08-06
137854,Alpha Innovations,Email,Women 25-34,45 days,Email,0.08,"$14,425.00",5.36,Miami,Mandarin,702,7363,8,Fashionistas,2021-09-06
137860,TechCorp,Display,Women 25-34,60 days,YouTube,0.13,"$10,754.00",4.78,Houston,German,497,3196,2,Health & Wellness,2021-09-12
137943,Innovate Industries,Influencer,Men 25-34,30 days,Website,0.02,"$19,082.00",7.68,Chicago,Mandarin,134,6236,4,Foodies,2021-12-04
137994,DataTech Solutions,Influencer,All Ages,60 days,Email,0.05,"$9,175.00",6.22,Miami,French,196,1960,1,Foodies,2021-01-24
138017,TechCorp,Social Media,All Ages,60 days,Instagram,0.08,"$15,722.00",2.02,Chicago,Mandarin,992,3274,8,Foodies,2021-02-16
138054,Alpha Innovations,Search,Men 25-34,15 days,Facebook,0.07,"$13,911.00",3.99,Los Angeles,Spanish,476,2399,3,Tech Enthusiasts,2021-03-25
138097,NexGen Systems,Social Media,Men 18-24,30 days,Website,0.06,"$16,516.00",3.57,Chicago,German,398,8951,7,Tech Enthusiasts,2021-05-07
138113,Alpha Innovations,Search,All Ages,45 days,YouTube,0.07,"$7,683.00",4.56,Houston,Mandarin,489,6434,1,Fashionistas,2021-05-23
138128,DataTech Solutions,Influencer,Women 35-44,15 days,Website,0.1,"$13,726.00",3.59,New York,Spanish,545,7721,7,Fashionistas,2021-06-07
138176,TechCorp,Display,Women 25-34,60 days,YouTube,0.13,"$18,364.00",4.47,Chicago,Mandarin,915,3836,8,Tech Enthusiasts,2021-07-25
138192,Innovate Industries,Display,Women 35-44,60 days,Facebook,0.04,"$5,669.00",7.45,Houston,German,534,8530,5,Health & Wellness,2021-08-10
138311,DataTech Solutions,Influencer,Women 35-44,30 days,Facebook,0.05,"$17,684.00",6.46,Chicago,French,489,1991,8,Tech Enthusiasts,2021-12-07
138389,NexGen Systems,Search,All Ages,30 days,Email,0.07,"$14,862.00",4.41,Chicago,French,198,5676,10,Tech Enthusiasts,2021-02-23
138406,Alpha Innovations,Social Media,Women 25-34,15 days,YouTube,0.03,"$19,201.00",2.03,Chicago,Mandarin,221,5955,3,Health & Wellness,2021-03-12
138413,NexGen Systems,Influencer,Women 35-44,15 days,YouTube,0.03,"$12,393.00",4.52,Los Angeles,Spanish,277,8693,6,Tech Enthusiasts,2021-03-19
138451,Alpha Innovations,Social Media,Women 35-44,30 days,Website,0.06,"$15,115.00",3.69,Chicago,English,845,3319,8,Foodies,2021-04-26
138467,NexGen Systems,Search,All Ages,30 days,YouTube,0.06,"$6,777.00",5.25,Los Angeles,French,202,1410,10,Foodies,2021-05-12
138514,Alpha Innovations,Influencer,Women 25-34,45 days,Google Ads,0.04,"$13,520.00",3.95,New York,Mandarin,725,7162,6,Tech Enthusiasts,2021-06-28
138521,Alpha Innovations,Social Media,Men 25-34,15 days,Email,0.15,"$9,634.00",4.33,Miami,Mandarin,192,8760,10,Fashionistas,2021-07-05
138672,DataTech Solutions,Display,Women 35-44,45 days,YouTube,0.07,"$18,923.00",3.79,Chicago,German,817,2403,8,Fashionistas,2021-12-03
138688,Innovate Industries,Social Media,Men 18-24,45 days,Website,0.04,"$11,830.00",3.27,New York,Mandarin,771,1384,5,Fashionistas,2021-12-19
138697,Alpha Innovations,Display,Men 25-34,60 days,Instagram,0.05,"$12,399.00",3.88,Los Angeles,Mandarin,870,4612,8,Fashionistas,2021-12-28
138785,NexGen Systems,Email,All Ages,30 days,Website,0.11,"$16,188.00",3.01,Chicago,Mandarin,904,8050,1,Health & Wellness,2021-03-26
138795,TechCorp,Social Media,Women 25-34,15 days,Facebook,0.07,"$13,968.00",7.77,Miami,German,817,5733,6,Health & Wellness,2021-04-05
138978,TechCorp,Social Media,Men 25-34,45 days,Instagram,0.01,"$13,760.00",2.89,Chicago,French,571,3441,2,Fashionistas,2021-10-05
138994,NexGen Systems,Email,Men 18-24,15 days,YouTube,0.05,"$11,950.00",2.59,Miami,French,688,6295,8,Foodies,2021-10-21
139005,Alpha Innovations,Influencer,All Ages,30 days,Facebook,0.04,"$15,545.00",3.79,Chicago,Mandarin,171,5816,3,Tech Enthusiasts,2021-11-01
139015,Innovate Industries,Influencer,All Ages,60 days,Facebook,0.02,"$12,077.00",3.04,New York,Spanish,191,5085,2,Fashionistas,2021-11-11
139068,TechCorp,Email,Women 25-34,60 days,Instagram,0.03,"$5,439.00",6.86,Los Angeles,German,880,9427,7,Tech Enthusiasts,2021-01-03
139072,TechCorp,Display,Women 25-34,30 days,Website,0.01,"$16,866.00",7.12,Houston,French,129,9386,7,Tech Enthusiasts,2021-01-07
139137,NexGen Systems,Influencer,Men 25-34,30 days,Google Ads,0.12,"$10,254.00",4.65,Chicago,Mandarin,732,9168,1,Fashionistas,2021-03-13
139154,DataTech Solutions,Display,All Ages,60 days,Google Ads,0.12,"$19,038.00",7.97,Miami,English,218,7493,10,Tech Enthusiasts,2021-03-30
139166,TechCorp,Search,Women 25-34,30 days,Email,0.07,"$16,802.00",7.55,Miami,Spanish,1000,2767,6,Health & Wellness,2021-04-11
139201,Alpha Innovations,Display,Women 35-44,30 days,YouTube,0.13,"$13,936.00",4.25,New York,Spanish,322,1724,3,Fashionistas,2021-05-16
139204,Innovate Industries,Search,Men 18-24,60 days,Website,0.14,"$5,012.00",2.39,Los Angeles,Spanish,920,1501,5,Outdoor Adventurers,2021-05-19
139239,DataTech Solutions,Display,Women 35-44,30 days,Instagram,0.02,"$12,403.00",6.9,Houston,Mandarin,841,5131,8,Fashionistas,2021-06-23
139251,Innovate Industries,Email,Men 25-34,30 days,Website,0.1,"$16,035.00",3.98,Los Angeles,German,472,1165,2,Outdoor Adventurers,2021-07-05
139258,DataTech Solutions,Display,All Ages,60 days,Instagram,0.14,"$17,263.00",7.17,Chicago,English,848,2346,7,Tech Enthusiasts,2021-07-12
139273,Innovate Industries,Influencer,Women 25-34,60 days,Google Ads,0.06,"$5,382.00",4.42,Houston,German,206,5161,6,Health & Wellness,2021-07-27
139309,Alpha Innovations,Social Media,Women 25-34,45 days,YouTube,0.12,"$7,778.00",7.48,Miami,French,954,1547,10,Health & Wellness,2021-09-01
139359,TechCorp,Display,Men 18-24,60 days,Facebook,0.12,"$11,474.00",6.88,Chicago,English,721,1244,2,Health & Wellness,2021-10-21
139413,DataTech Solutions,Influencer,All Ages,30 days,Email,0.09,"$6,704.00",3.97,Miami,French,955,2943,8,Outdoor Adventurers,2021-12-14
139435,Innovate Industries,Display,Men 18-24,30 days,Google Ads,0.05,"$16,547.00",7.88,Miami,Mandarin,806,6920,9,Health & Wellness,2021-01-05
139482,DataTech Solutions,Social Media,Women 35-44,30 days,Google Ads,0.06,"$5,882.00",7.84,Houston,German,685,4030,8,Fashionistas,2021-02-21
139487,Alpha Innovations,Email,Men 25-34,15 days,Website,0.01,"$5,039.00",3.09,Houston,Mandarin,289,7368,5,Fashionistas,2021-02-26
139590,NexGen Systems,Social Media,Women 25-34,15 days,Instagram,0.07,"$11,792.00",2.3,Chicago,Spanish,589,7471,9,Tech Enthusiasts,2021-06-09
139642,DataTech Solutions,Display,Men 18-24,30 days,Email,0.1,"$14,255.00",2.36,Miami,German,142,8174,10,Outdoor Adventurers,2021-07-31
139709,NexGen Systems,Social Media,All Ages,15 days,Website,0.1,"$18,369.00",7.36,Chicago,German,310,6255,2,Outdoor Adventurers,2021-10-06
139712,TechCorp,Social Media,Men 25-34,30 days,YouTube,0.12,"$15,203.00",7.05,Los Angeles,Spanish,728,5949,3,Foodies,2021-10-09
139731,TechCorp,Influencer,Women 25-34,45 days,Email,0.04,"$10,605.00",2.1,New York,French,362,1324,7,Tech Enthusiasts,2021-10-28
139763,Innovate Industries,Email,Men 25-34,45 days,Google Ads,0.06,"$13,914.00",2.56,Los Angeles,English,852,7161,8,Fashionistas,2021-11-29
139852,NexGen Systems,Display,Men 18-24,15 days,Website,0.03,"$17,945.00",7.08,Miami,French,342,8549,10,Foodies,2021-02-26
139853,Alpha Innovations,Display,Women 35-44,15 days,Website,0.02,"$13,248.00",5.22,Los Angeles,English,525,8234,9,Fashionistas,2021-02-27
139861,DataTech Solutions,Search,Women 25-34,45 days,Instagram,0.1,"$19,204.00",7.53,Los Angeles,Spanish,391,5540,7,Fashionistas,2021-03-07
139899,DataTech Solutions,Email,Men 25-34,30 days,Email,0.08,"$10,923.00",6.09,Los Angeles,German,709,8912,7,Outdoor Adventurers,2021-04-14
139946,Alpha Innovations,Influencer,Women 35-44,15 days,Email,0.1,"$17,239.00",2.14,Los Angeles,English,264,6471,7,Tech Enthusiasts,2021-05-31
140007,Innovate Industries,Social Media,Men 25-34,45 days,Google Ads,0.14,"$8,990.00",6.64,Houston,English,935,2422,4,Outdoor Adventurers,2021-07-31
140037,Alpha Innovations,Influencer,Men 18-24,15 days,Google Ads,0.03,"$15,802.00",6.26,Houston,Mandarin,957,6543,5,Outdoor Adventurers,2021-08-30
140038,NexGen Systems,Search,Women 25-34,15 days,YouTube,0.04,"$18,372.00",2.05,New York,Spanish,998,6063,7,Outdoor Adventurers,2021-08-31
140046,Innovate Industries,Search,Women 35-44,45 days,Instagram,0.03,"$8,383.00",3.71,Houston,Spanish,682,7727,7,Health & Wellness,2021-09-08
140052,DataTech Solutions,Influencer,Women 25-34,15 days,Email,0.15,"$8,442.00",3.42,New York,French,460,5268,5,Tech Enthusiasts,2021-09-14
140063,TechCorp,Search,Women 25-34,15 days,Google Ads,0.09,"$11,082.00",6.12,Houston,Spanish,979,4183,5,Foodies,2021-09-25
140065,DataTech Solutions,Social Media,Men 25-34,60 days,Instagram,0.03,"$18,107.00",4.21,Houston,Mandarin,652,1314,10,Foodies,2021-09-27
140075,TechCorp,Social Media,Women 35-44,15 days,YouTube,0.1,"$6,695.00",2.77,Houston,Spanish,344,3997,9,Tech Enthusiasts,2021-10-07
140097,Alpha Innovations,Influencer,Men 18-24,60 days,YouTube,0.1,"$18,170.00",3.86,Miami,French,590,8908,7,Tech Enthusiasts,2021-10-29
140134,Innovate Industries,Social Media,Women 25-34,60 days,Instagram,0.06,"$9,877.00",6.22,Houston,English,753,3141,3,Fashionistas,2021-12-05
140216,Innovate Industries,Search,Women 35-44,45 days,Google Ads,0.12,"$8,652.00",6.57,Chicago,Spanish,614,8411,1,Tech Enthusiasts,2021-02-25
140219,DataTech Solutions,Search,Men 18-24,30 days,Email,0.1,"$16,049.00",7.51,Miami,Mandarin,870,8842,8,Health & Wellness,2021-02-28
140295,TechCorp,Email,Men 25-34,45 days,Website,0.01,"$11,272.00",3.66,Miami,French,584,6135,3,Tech Enthusiasts,2021-05-15
140355,Innovate Industries,Social Media,Women 25-34,15 days,Instagram,0.12,"$13,048.00",3.86,Los Angeles,Spanish,454,9422,7,Outdoor Adventurers,2021-07-14
140366,TechCorp,Search,Men 18-24,60 days,YouTube,0.12,"$12,614.00",6.71,Miami,Mandarin,619,9374,10,Outdoor Adventurers,2021-07-25
140411,TechCorp,Influencer,Men 18-24,30 days,Email,0.02,"$5,351.00",3.78,Miami,French,287,2828,8,Fashionistas,2021-09-08
140419,DataTech Solutions,Search,Women 25-34,15 days,Instagram,0.05,"$8,268.00",6.77,New York,German,875,6136,7,Health & Wellness,2021-09-16
140425,DataTech Solutions,Search,Women 25-34,45 days,Instagram,0.08,"$6,740.00",7.74,Chicago,German,942,5015,1,Outdoor Adventurers,2021-09-22
140448,Alpha Innovations,Search,Women 25-34,60 days,Instagram,0.01,"$13,005.00",2.15,Houston,English,164,3680,6,Health & Wellness,2021-10-15
140450,TechCorp,Search,Men 18-24,30 days,Email,0.12,"$7,736.00",2.37,Miami,English,451,5980,5,Outdoor Adventurers,2021-10-17
140475,TechCorp,Email,Women 25-34,30 days,Instagram,0.13,"$12,659.00",5.19,Houston,English,799,3962,4,Tech Enthusiasts,2021-11-11
140484,Innovate Industries,Email,Men 18-24,45 days,Instagram,0.02,"$9,222.00",4.34,New York,English,549,8430,9,Fashionistas,2021-11-20
140491,Innovate Industries,Social Media,Women 25-34,15 days,Instagram,0.14,"$19,029.00",5.03,Chicago,French,976,5501,6,Tech Enthusiasts,2021-11-27
140514,TechCorp,Influencer,Women 35-44,60 days,YouTube,0.13,"$6,288.00",2.89,New York,French,703,1677,8,Tech Enthusiasts,2021-12-20
140517,TechCorp,Influencer,Women 35-44,15 days,Google Ads,0.1,"$14,097.00",3.05,Houston,Spanish,451,2668,1,Tech Enthusiasts,2021-12-23
140543,DataTech Solutions,Influencer,Men 25-34,15 days,Google Ads,0.04,"$11,222.00",5.49,Chicago,German,148,7103,3,Fashionistas,2021-01-18
140571,Alpha Innovations,Email,All Ages,60 days,Website,0.1,"$10,441.00",7.1,Chicago,German,520,1587,2,Fashionistas,2021-02-15
140577,Innovate Industries,Email,Women 35-44,60 days,YouTube,0.06,"$8,756.00",2.75,New York,Spanish,405,5486,2,Foodies,2021-02-21
140620,DataTech Solutions,Display,Women 35-44,60 days,Email,0.03,"$7,394.00",6.77,Chicago,English,984,9618,9,Health & Wellness,2021-04-05
140633,NexGen Systems,Social Media,All Ages,45 days,YouTube,0.04,"$11,673.00",4.43,Los Angeles,German,613,4806,6,Health & Wellness,2021-04-18
140661,Alpha Innovations,Social Media,All Ages,60 days,YouTube,0.05,"$11,174.00",5.11,Miami,German,829,3877,1,Fashionistas,2021-05-16
140676,Innovate Industries,Display,All Ages,60 days,Google Ads,0.06,"$5,110.00",6.68,New York,German,200,5892,5,Foodies,2021-05-31
140749,Innovate Industries,Social Media,Men 25-34,60 days,Website,0.09,"$6,877.00",7.47,Miami,Mandarin,377,4737,8,Fashionistas,2021-08-12
140770,NexGen Systems,Social Media,Men 25-34,60 days,Instagram,0.11,"$13,630.00",5.15,Los Angeles,German,735,3541,7,Outdoor Adventurers,2021-09-02
140831,Innovate Industries,Display,Women 35-44,60 days,Google Ads,0.04,"$15,547.00",3.86,Los Angeles,English,888,5032,3,Foodies,2021-11-02
140854,NexGen Systems,Search,Men 25-34,60 days,Instagram,0.15,"$15,385.00",6.24,Chicago,French,519,3956,10,Tech Enthusiasts,2021-11-25
140878,NexGen Systems,Email,Men 18-24,60 days,Instagram,0.11,"$10,911.00",6.23,New York,Mandarin,659,4313,8,Outdoor Adventurers,2021-12-19
140887,TechCorp,Search,Men 25-34,60 days,Email,0.06,"$18,751.00",5.85,New York,Mandarin,487,8681,2,Foodies,2021-12-28
140918,DataTech Solutions,Email,Men 18-24,15 days,Website,0.03,"$19,849.00",4.26,New York,Spanish,691,3515,6,Foodies,2021-01-28
140919,Innovate Industries,Social Media,Women 25-34,45 days,Instagram,0.09,"$13,879.00",2.98,Houston,Spanish,573,3847,4,Outdoor Adventurers,2021-01-29
140950,NexGen Systems,Influencer,Men 25-34,15 days,Instagram,0.15,"$17,847.00",6.58,New York,English,734,1947,6,Outdoor Adventurers,2021-03-01
140958,Innovate Industries,Display,Men 18-24,30 days,Google Ads,0.1,"$9,286.00",7.33,Houston,French,202,7637,2,Fashionistas,2021-03-09
140994,Alpha Innovations,Social Media,Women 35-44,45 days,Google Ads,0.13,"$17,745.00",3.14,Chicago,French,757,3378,5,Fashionistas,2021-04-14
141024,Innovate Industries,Display,Men 18-24,15 days,Email,0.09,"$7,693.00",4.12,Houston,German,341,5808,10,Fashionistas,2021-05-14
141058,NexGen Systems,Search,Women 25-34,15 days,Email,0.11,"$13,764.00",3.93,Chicago,German,833,2373,4,Outdoor Adventurers,2021-06-17
141085,TechCorp,Display,Men 18-24,30 days,Website,0.1,"$19,517.00",7.13,Chicago,Spanish,423,5617,5,Outdoor Adventurers,2021-07-14
141091,TechCorp,Display,All Ages,15 days,Facebook,0.09,"$9,385.00",5.18,Los Angeles,Mandarin,133,2248,10,Foodies,2021-07-20
141109,NexGen Systems,Social Media,Women 35-44,45 days,YouTube,0.11,"$15,969.00",6.12,Houston,Spanish,919,5375,8,Health & Wellness,2021-08-07
141161,Alpha Innovations,Influencer,Men 25-34,45 days,Website,0.12,"$19,758.00",3.79,Los Angeles,English,966,9481,7,Tech Enthusiasts,2021-09-28
141254,Innovate Industries,Influencer,Men 18-24,60 days,Facebook,0.05,"$19,469.00",4.0,Los Angeles,German,454,1362,4,Fashionistas,2021-12-30
141256,NexGen Systems,Display,Women 35-44,60 days,Email,0.03,"$12,961.00",6.77,Houston,German,557,5486,5,Fashionistas,2021-01-01
141274,Innovate Industries,Email,Women 25-34,60 days,Google Ads,0.13,"$18,275.00",7.0,Miami,Spanish,835,4051,7,Tech Enthusiasts,2021-01-19
141291,Alpha Innovations,Influencer,Men 25-34,60 days,Email,0.07,"$13,742.00",3.47,Los Angeles,German,970,8755,1,Foodies,2021-02-05
141313,NexGen Systems,Influencer,Men 18-24,30 days,YouTube,0.02,"$11,873.00",7.0,Houston,Mandarin,736,5996,2,Health & Wellness,2021-02-27
141334,NexGen Systems,Social Media,Men 18-24,60 days,Website,0.07,"$16,367.00",4.34,Los Angeles,French,150,6733,5,Fashionistas,2021-03-20
141360,NexGen Systems,Influencer,All Ages,15 days,Website,0.11,"$12,319.00",3.63,Los Angeles,English,375,6702,2,Tech Enthusiasts,2021-04-15
141378,DataTech Solutions,Influencer,Men 18-24,60 days,Facebook,0.12,"$11,523.00",6.02,Chicago,Mandarin,991,3656,6,Outdoor Adventurers,2021-05-03
141402,DataTech Solutions,Social Media,Women 25-34,15 days,YouTube,0.12,"$19,582.00",5.29,Chicago,French,646,8050,1,Outdoor Adventurers,2021-05-27
141425,TechCorp,Email,Women 25-34,45 days,YouTube,0.11,"$16,351.00",5.84,New York,Mandarin,130,3036,1,Fashionistas,2021-06-19
141500,TechCorp,Social Media,Women 35-44,60 days,Google Ads,0.05,"$6,030.00",3.27,New York,French,805,7202,6,Foodies,2021-09-02
141514,Alpha Innovations,Social Media,Women 25-34,45 days,YouTube,0.14,"$19,878.00",7.72,Houston,Mandarin,691,1974,3,Outdoor Adventurers,2021-09-16
141573,NexGen Systems,Search,Men 25-34,60 days,Facebook,0.04,"$16,200.00",3.74,New York,Spanish,587,7230,9,Foodies,2021-11-14
141594,Alpha Innovations,Search,All Ages,60 days,Email,0.11,"$9,123.00",2.22,Los Angeles,German,840,7365,6,Fashionistas,2021-12-05
141622,TechCorp,Social Media,Men 25-34,45 days,Google Ads,0.04,"$15,479.00",4.42,Chicago,English,165,2645,2,Tech Enthusiasts,2021-01-02
141623,DataTech Solutions,Email,Men 25-34,30 days,Instagram,0.09,"$10,088.00",7.01,New York,Mandarin,975,3892,2,Foodies,2021-01-03
141648,DataTech Solutions,Social Media,Women 35-44,60 days,YouTube,0.12,"$6,903.00",4.6,Houston,German,181,9655,8,Health & Wellness,2021-01-28
141658,Alpha Innovations,Display,Women 35-44,30 days,Website,0.02,"$10,656.00",6.27,Houston,French,708,4675,5,Foodies,2021-02-07
141672,TechCorp,Search,All Ages,30 days,YouTube,0.15,"$8,822.00",2.16,Houston,Spanish,340,8328,2,Tech Enthusiasts,2021-02-21
141703,NexGen Systems,Influencer,Men 18-24,30 days,Google Ads,0.12,"$10,406.00",6.49,New York,French,569,9368,4,Outdoor Adventurers,2021-03-24
141711,Innovate Industries,Influencer,Men 18-24,30 days,Google Ads,0.05,"$7,895.00",4.43,Miami,German,636,5404,7,Health & Wellness,2021-04-01
141816,TechCorp,Display,Men 18-24,30 days,Website,0.02,"$12,951.00",3.86,New York,French,576,9237,1,Health & Wellness,2021-07-15
141819,TechCorp,Display,All Ages,45 days,Website,0.02,"$8,544.00",7.97,Chicago,Spanish,624,5521,7,Fashionistas,2021-07-18
141894,DataTech Solutions,Search,Women 35-44,60 days,Facebook,0.04,"$9,132.00",5.87,Los Angeles,French,735,9075,2,Tech Enthusiasts,2021-10-01
141910,Alpha Innovations,Email,Women 35-44,30 days,Google Ads,0.12,"$14,917.00",6.87,Miami,German,838,9538,10,Outdoor Adventurers,2021-10-17
141970,NexGen Systems,Email,Women 35-44,30 days,Google Ads,0.06,"$7,394.00",7.19,Miami,Spanish,433,4012,7,Foodies,2021-12-16
141973,TechCorp,Search,All Ages,60 days,Instagram,0.12,"$18,299.00",7.38,Miami,Mandarin,847,5613,10,Fashionistas,2021-12-19
141983,TechCorp,Search,Men 25-34,60 days,Instagram,0.12,"$7,797.00",2.96,Houston,French,191,7695,6,Tech Enthusiasts,2021-12-29
141994,TechCorp,Search,All Ages,60 days,Google Ads,0.15,"$15,686.00",5.05,Chicago,French,704,6820,5,Foodies,2021-01-09
142032,Innovate Industries,Social Media,Women 35-44,60 days,Email,0.11,"$19,368.00",7.77,Chicago,German,480,4473,2,Tech Enthusiasts,2021-02-16
142037,Innovate Industries,Social Media,Women 35-44,15 days,Google Ads,0.14,"$19,231.00",5.47,Chicago,Mandarin,223,6133,6,Fashionistas,2021-02-21
142052,Alpha Innovations,Social Media,Men 25-34,15 days,Facebook,0.11,"$14,001.00",2.73,Chicago,Mandarin,110,1942,7,Fashionistas,2021-03-08
142069,Innovate Industries,Email,Women 25-34,30 days,Google Ads,0.03,"$17,761.00",7.68,Houston,Mandarin,933,1599,5,Fashionistas,2021-03-25
142089,TechCorp,Social Media,Men 25-34,30 days,Website,0.13,"$16,067.00",3.77,Los Angeles,Spanish,240,5943,8,Outdoor Adventurers,2021-04-14
142129,NexGen Systems,Influencer,Men 18-24,60 days,Facebook,0.14,"$13,728.00",3.67,Houston,German,139,9614,8,Fashionistas,2021-05-24
142132,DataTech Solutions,Social Media,Men 18-24,60 days,Email,0.13,"$5,235.00",5.47,Houston,German,980,4462,3,Health & Wellness,2021-05-27
142134,Alpha Innovations,Display,Men 25-34,30 days,Google Ads,0.08,"$7,456.00",4.36,Chicago,German,721,9670,2,Tech Enthusiasts,2021-05-29
142162,NexGen Systems,Email,Women 35-44,15 days,YouTube,0.04,"$12,578.00",5.62,New York,Mandarin,764,6826,7,Tech Enthusiasts,2021-06-26
142201,TechCorp,Influencer,Women 35-44,60 days,Facebook,0.1,"$19,456.00",3.9,Chicago,German,289,3914,5,Tech Enthusiasts,2021-08-04
142230,TechCorp,Search,Men 25-34,45 days,Facebook,0.13,"$18,438.00",2.05,Houston,English,934,8549,1,Fashionistas,2021-09-02
142235,Alpha Innovations,Email,All Ages,30 days,Email,0.09,"$13,960.00",4.54,Los Angeles,English,771,6127,2,Health & Wellness,2021-09-07
142259,Alpha Innovations,Influencer,Women 25-34,15 days,Email,0.07,"$15,806.00",4.16,Chicago,Spanish,340,2027,9,Tech Enthusiasts,2021-10-01
142263,TechCorp,Display,All Ages,15 days,Website,0.03,"$15,785.00",4.72,Miami,German,176,7641,10,Health & Wellness,2021-10-05
142315,Alpha Innovations,Email,Women 35-44,60 days,Facebook,0.09,"$15,015.00",2.08,New York,French,407,8822,5,Fashionistas,2021-11-26
142316,Innovate Industries,Influencer,All Ages,45 days,YouTube,0.15,"$9,561.00",5.48,New York,Spanish,362,8976,7,Fashionistas,2021-11-27
142341,Innovate Industries,Display,Men 18-24,45 days,Google Ads,0.04,"$9,052.00",5.83,Chicago,German,398,4348,8,Tech Enthusiasts,2021-12-22
142355,DataTech Solutions,Social Media,Women 25-34,45 days,Google Ads,0.07,"$6,412.00",6.44,Miami,Mandarin,665,2229,1,Fashionistas,2021-01-05
142379,Alpha Innovations,Search,Men 25-34,60 days,Facebook,0.1,"$11,611.00",7.24,New York,Mandarin,141,4466,2,Foodies,2021-01-29
142388,DataTech Solutions,Email,Women 25-34,30 days,Website,0.02,"$16,098.00",4.71,Houston,French,832,7921,9,Health & Wellness,2021-02-07
142411,Alpha Innovations,Influencer,Men 18-24,30 days,Website,0.02,"$10,039.00",4.96,Chicago,Mandarin,194,9066,3,Tech Enthusiasts,2021-03-02
142461,DataTech Solutions,Email,Men 18-24,45 days,Instagram,0.1,"$6,815.00",2.11,Los Angeles,French,621,4074,4,Health & Wellness,2021-04-21
142486,DataTech Solutions,Social Media,Women 35-44,45 days,Instagram,0.12,"$15,325.00",2.98,Chicago,German,886,5476,5,Foodies,2021-05-16
142522,Alpha Innovations,Social Media,Women 35-44,15 days,Instagram,0.04,"$8,982.00",5.25,Chicago,French,633,9199,9,Tech Enthusiasts,2021-06-21
142543,Innovate Industries,Search,All Ages,15 days,Website,0.04,"$10,114.00",4.43,Chicago,Mandarin,472,9344,6,Health & Wellness,2021-07-12
142627,DataTech Solutions,Email,Men 25-34,15 days,Instagram,0.07,"$10,524.00",7.34,Chicago,Spanish,645,9642,10,Outdoor Adventurers,2021-10-04
142630,Innovate Industries,Email,Men 18-24,60 days,Website,0.01,"$14,537.00",3.51,Chicago,German,355,6650,7,Health & Wellness,2021-10-07
142631,NexGen Systems,Search,Women 25-34,15 days,Website,0.01,"$8,726.00",7.22,Los Angeles,Mandarin,537,6805,10,Outdoor Adventurers,2021-10-08
142740,NexGen Systems,Email,Men 18-24,30 days,Website,0.09,"$19,549.00",3.36,Los Angeles,French,615,1112,1,Tech Enthusiasts,2021-01-25
142743,Alpha Innovations,Social Media,Men 18-24,60 days,Website,0.1,"$6,362.00",5.09,New York,Spanish,376,2393,6,Fashionistas,2021-01-28
142792,TechCorp,Social Media,Men 18-24,45 days,Email,0.02,"$7,289.00",3.2,Miami,French,178,6232,5,Foodies,2021-03-18
142827,NexGen Systems,Social Media,Men 25-34,45 days,Email,0.09,"$10,641.00",7.61,New York,English,210,8399,6,Health & Wellness,2021-04-22
142837,DataTech Solutions,Email,Women 35-44,15 days,Email,0.12,"$12,584.00",5.2,Chicago,English,484,5811,7,Fashionistas,2021-05-02
142850,Alpha Innovations,Display,Men 18-24,45 days,Email,0.1,"$10,541.00",5.99,Miami,German,917,2150,8,Tech Enthusiasts,2021-05-15
142866,Alpha Innovations,Social Media,Women 25-34,15 days,YouTube,0.07,"$6,351.00",7.04,Los Angeles,Spanish,704,5943,6,Outdoor Adventurers,2021-05-31
142870,DataTech Solutions,Social Media,Women 35-44,45 days,Email,0.02,"$14,998.00",6.85,Houston,French,286,8763,1,Outdoor Adventurers,2021-06-04
142871,Alpha Innovations,Search,Women 25-34,60 days,Google Ads,0.12,"$5,635.00",6.95,Chicago,English,163,5563,1,Foodies,2021-06-05
142927,NexGen Systems,Email,Men 18-24,30 days,YouTube,0.15,"$19,909.00",2.12,Houston,French,744,7483,7,Health & Wellness,2021-07-31
142938,DataTech Solutions,Email,Men 25-34,30 days,YouTube,0.09,"$15,090.00",7.96,Houston,Spanish,719,4524,1,Foodies,2021-08-11
142975,TechCorp,Display,Women 25-34,60 days,Google Ads,0.04,"$18,843.00",6.51,Houston,English,834,7744,8,Tech Enthusiasts,2021-09-17
143066,Innovate Industries,Display,All Ages,30 days,Email,0.11,"$17,780.00",4.71,Houston,Mandarin,898,9765,4,Health & Wellness,2021-12-17
143137,DataTech Solutions,Social Media,Women 35-44,60 days,Instagram,0.1,"$17,461.00",5.33,New York,German,301,8848,2,Fashionistas,2021-02-26
143164,TechCorp,Display,All Ages,45 days,Email,0.1,"$9,828.00",5.59,New York,German,167,7068,1,Tech Enthusiasts,2021-03-25
143245,TechCorp,Search,Women 35-44,45 days,YouTube,0.04,"$16,820.00",6.23,New York,German,462,3769,3,Tech Enthusiasts,2021-06-14
143246,Alpha Innovations,Display,All Ages,60 days,YouTube,0.02,"$12,374.00",2.43,New York,French,553,9348,10,Tech Enthusiasts,2021-06-15
143265,Innovate Industries,Influencer,Women 25-34,15 days,Google Ads,0.03,"$15,628.00",5.05,New York,French,147,6312,10,Outdoor Adventurers,2021-07-04
143320,DataTech Solutions,Influencer,All Ages,45 days,Instagram,0.06,"$16,693.00",3.93,Los Angeles,Mandarin,777,8787,3,Foodies,2021-08-28
143357,Innovate Industries,Email,Women 35-44,15 days,Google Ads,0.01,"$6,803.00",4.67,Chicago,English,998,9069,2,Health & Wellness,2021-10-04
143391,Alpha Innovations,Social Media,Men 25-34,60 days,Instagram,0.13,"$11,927.00",4.7,Chicago,Spanish,411,3831,6,Health & Wellness,2021-11-07
143418,Innovate Industries,Display,Men 18-24,15 days,YouTube,0.06,"$6,930.00",4.14,Chicago,French,568,5265,4,Fashionistas,2021-12-04
143481,NexGen Systems,Email,Men 18-24,15 days,Website,0.07,"$11,257.00",4.1,Los Angeles,French,453,7556,8,Health & Wellness,2021-02-05
143495,DataTech Solutions,Search,All Ages,15 days,Website,0.13,"$17,872.00",2.03,Chicago,Spanish,829,8649,4,Health & Wellness,2021-02-19
143515,Alpha Innovations,Search,Men 18-24,60 days,YouTube,0.14,"$9,515.00",2.27,Houston,French,106,9837,2,Health & Wellness,2021-03-11
143611,DataTech Solutions,Influencer,Women 35-44,15 days,YouTube,0.12,"$13,420.00",4.69,Miami,German,247,3348,2,Health & Wellness,2021-06-15
143626,Alpha Innovations,Influencer,Men 18-24,15 days,Email,0.13,"$7,394.00",2.88,Chicago,English,634,8370,1,Tech Enthusiasts,2021-06-30
143694,DataTech Solutions,Search,All Ages,45 days,Website,0.08,"$15,589.00",2.08,Chicago,French,387,4981,8,Foodies,2021-09-06
143716,Alpha Innovations,Search,Women 25-34,30 days,YouTube,0.1,"$15,693.00",2.75,Houston,English,382,8933,4,Tech Enthusiasts,2021-09-28
143766,NexGen Systems,Search,Men 25-34,30 days,Website,0.06,"$6,398.00",3.55,New York,Mandarin,702,8112,7,Fashionistas,2021-11-17
143784,DataTech Solutions,Display,All Ages,30 days,Google Ads,0.01,"$11,325.00",6.42,Los Angeles,Mandarin,862,4482,4,Outdoor Adventurers,2021-12-05
143963,NexGen Systems,Search,Men 18-24,60 days,Facebook,0.13,"$11,333.00",2.13,Los Angeles,French,488,7677,9,Tech Enthusiasts,2021-06-02
143976,NexGen Systems,Influencer,All Ages,30 days,Email,0.08,"$5,580.00",4.75,Houston,Spanish,523,7861,3,Health & Wellness,2021-06-15
143981,NexGen Systems,Influencer,Men 18-24,30 days,Website,0.08,"$15,538.00",3.48,New York,German,370,9011,1,Outdoor Adventurers,2021-06-20
144044,DataTech Solutions,Search,Women 35-44,45 days,YouTube,0.1,"$15,251.00",2.52,Chicago,German,111,5552,1,Tech Enthusiasts,2021-08-22
144075,TechCorp,Email,Men 18-24,30 days,Email,0.12,"$7,256.00",5.7,New York,English,618,5782,7,Health & Wellness,2021-09-22
144126,Innovate Industries,Display,Men 18-24,15 days,Website,0.07,"$16,138.00",5.75,Miami,English,262,6524,7,Outdoor Adventurers,2021-11-12
144251,Innovate Industries,Search,Men 18-24,60 days,Instagram,0.01,"$11,350.00",2.92,New York,Mandarin,926,4658,8,Tech Enthusiasts,2021-03-17
144330,Innovate Industries,Display,Women 25-34,15 days,Website,0.06,"$16,548.00",4.99,Chicago,French,940,4464,2,Foodies,2021-06-04
144400,Innovate Industries,Email,Women 35-44,45 days,Email,0.13,"$8,547.00",6.79,New York,Mandarin,926,4258,3,Outdoor Adventurers,2021-08-13
144410,DataTech Solutions,Email,Men 18-24,45 days,Google Ads,0.14,"$7,460.00",3.0,Chicago,Mandarin,904,3577,6,Health & Wellness,2021-08-23
144443,NexGen Systems,Search,Men 18-24,30 days,Facebook,0.11,"$16,356.00",5.18,Miami,English,940,6766,8,Tech Enthusiasts,2021-09-25
144461,Alpha Innovations,Email,Women 35-44,15 days,YouTube,0.06,"$11,298.00",3.91,Los Angeles,German,897,3785,7,Fashionistas,2021-10-13
144482,NexGen Systems,Social Media,Women 25-34,30 days,Google Ads,0.04,"$19,214.00",5.2,Chicago,Mandarin,211,1205,10,Fashionistas,2021-11-03
144589,NexGen Systems,Email,All Ages,30 days,Website,0.12,"$15,948.00",6.28,Houston,English,616,6647,10,Outdoor Adventurers,2021-02-18
144605,Innovate Industries,Influencer,Men 18-24,45 days,YouTube,0.03,"$19,283.00",5.0,Houston,German,528,1615,4,Health & Wellness,2021-03-06
144636,DataTech Solutions,Email,Men 18-24,15 days,Google Ads,0.09,"$19,608.00",7.26,New York,Spanish,853,4475,8,Fashionistas,2021-04-06
144646,NexGen Systems,Social Media,Women 25-34,60 days,Instagram,0.07,"$10,124.00",2.11,Houston,Spanish,762,1911,6,Fashionistas,2021-04-16
144656,DataTech Solutions,Email,Men 25-34,30 days,Website,0.04,"$13,043.00",4.63,Miami,English,760,5420,8,Fashionistas,2021-04-26
144687,Innovate Industries,Display,All Ages,60 days,Google Ads,0.06,"$6,090.00",2.86,Houston,French,840,2868,10,Foodies,2021-05-27
144785,Alpha Innovations,Display,Men 25-34,45 days,Instagram,0.03,"$6,831.00",5.88,Los Angeles,Spanish,963,4947,6,Tech Enthusiasts,2021-09-02
144810,Innovate Industries,Email,Women 25-34,45 days,Google Ads,0.05,"$12,384.00",6.11,New York,Spanish,732,7309,5,Fashionistas,2021-09-27
144830,Alpha Innovations,Email,Men 18-24,45 days,Google Ads,0.13,"$10,582.00",6.01,Chicago,Mandarin,181,3074,6,Outdoor Adventurers,2021-10-17
144860,Alpha Innovations,Social Media,Women 35-44,15 days,YouTube,0.04,"$10,511.00",6.37,Chicago,German,958,2354,8,Fashionistas,2021-11-16
144882,Innovate Industries,Social Media,Women 35-44,45 days,Google Ads,0.1,"$5,241.00",3.22,Houston,Spanish,124,5376,2,Outdoor Adventurers,2021-12-08
144890,TechCorp,Display,Men 25-34,45 days,Google Ads,0.12,"$18,428.00",3.87,New York,English,601,5082,8,Fashionistas,2021-12-16
144952,NexGen Systems,Display,Women 35-44,60 days,Website,0.08,"$6,692.00",3.77,Los Angeles,German,521,2562,5,Fashionistas,2021-02-16
144996,Alpha Innovations,Search,All Ages,15 days,Email,0.09,"$18,428.00",6.94,Miami,Spanish,442,9315,6,Tech Enthusiasts,2021-04-01
145013,DataTech Solutions,Display,Women 25-34,45 days,Facebook,0.02,"$12,162.00",6.88,Houston,French,204,4058,4,Health & Wellness,2021-04-18
145021,Innovate Industries,Influencer,All Ages,45 days,YouTube,0.05,"$6,572.00",2.21,New York,English,807,4361,6,Foodies,2021-04-26
145024,DataTech Solutions,Search,Women 35-44,15 days,YouTube,0.07,"$5,012.00",3.97,Los Angeles,English,162,2248,3,Outdoor Adventurers,2021-04-29
145032,Alpha Innovations,Display,Men 18-24,15 days,Facebook,0.06,"$18,946.00",7.77,Chicago,French,423,8214,10,Health & Wellness,2021-05-07
145115,TechCorp,Influencer,Women 35-44,30 days,Instagram,0.09,"$5,165.00",5.83,Chicago,French,377,7895,2,Tech Enthusiasts,2021-07-29
145130,NexGen Systems,Social Media,Women 25-34,45 days,Email,0.13,"$16,093.00",6.24,Miami,German,142,3204,4,Foodies,2021-08-13
145146,TechCorp,Display,Women 25-34,60 days,Email,0.15,"$13,667.00",6.26,Los Angeles,German,311,6666,2,Health & Wellness,2021-08-29
145168,DataTech Solutions,Social Media,All Ages,60 days,YouTube,0.02,"$17,055.00",3.2,Chicago,French,497,9309,9,Outdoor Adventurers,2021-09-20
145231,NexGen Systems,Display,Men 18-24,30 days,YouTube,0.11,"$18,377.00",4.29,Miami,Spanish,726,7951,7,Fashionistas,2021-11-22
145332,NexGen Systems,Search,Women 35-44,60 days,YouTube,0.14,"$18,743.00",2.39,Los Angeles,Mandarin,381,6789,3,Health & Wellness,2021-03-03
145410,Innovate Industries,Social Media,Women 35-44,15 days,Website,0.14,"$11,707.00",7.61,New York,Spanish,164,7390,8,Fashionistas,2021-05-20
145413,Alpha Innovations,Search,Men 18-24,45 days,Email,0.09,"$7,570.00",2.96,New York,German,602,4005,8,Fashionistas,2021-05-23
145439,Alpha Innovations,Influencer,Women 35-44,15 days,Google Ads,0.07,"$13,714.00",3.73,Chicago,French,673,7476,9,Foodies,2021-06-18
145516,NexGen Systems,Search,Men 18-24,15 days,Website,0.05,"$9,262.00",7.12,Los Angeles,German,907,7962,8,Foodies,2021-09-03
145616,NexGen Systems,Display,Women 25-34,15 days,Facebook,0.05,"$19,343.00",3.66,New York,English,416,2668,8,Foodies,2021-12-12
145680,Alpha Innovations,Influencer,Women 35-44,45 days,Instagram,0.12,"$19,777.00",4.97,Houston,German,778,1285,10,Tech Enthusiasts,2021-02-14
145716,NexGen Systems,Social Media,All Ages,30 days,Website,0.14,"$18,572.00",6.93,Houston,Spanish,285,4230,6,Tech Enthusiasts,2021-03-22
145729,NexGen Systems,Email,Women 25-34,60 days,Instagram,0.13,"$11,253.00",5.6,Houston,French,395,2051,1,Foodies,2021-04-04
145776,DataTech Solutions,Email,Women 35-44,45 days,Instagram,0.12,"$9,014.00",3.38,Chicago,Spanish,220,7553,7,Outdoor Adventurers,2021-05-21
145791,Innovate Industries,Search,Women 35-44,60 days,Facebook,0.14,"$13,555.00",5.41,Miami,German,856,8287,5,Outdoor Adventurers,2021-06-05
145874,Innovate Industries,Display,Women 35-44,30 days,Facebook,0.05,"$17,423.00",6.2,Los Angeles,Mandarin,706,4833,1,Outdoor Adventurers,2021-08-27
145961,NexGen Systems,Influencer,Women 35-44,30 days,Instagram,0.14,"$18,894.00",5.16,Los Angeles,German,753,1747,6,Tech Enthusiasts,2021-11-22
145967,Innovate Industries,Display,Women 35-44,45 days,Facebook,0.1,"$15,635.00",4.47,Miami,Spanish,359,6349,10,Fashionistas,2021-11-28
146020,DataTech Solutions,Display,Men 25-34,45 days,Email,0.08,"$17,410.00",2.19,Chicago,French,173,6011,9,Tech Enthusiasts,2021-01-20
146106,Alpha Innovations,Display,All Ages,60 days,YouTube,0.11,"$14,885.00",2.57,Chicago,Spanish,634,3408,3,Health & Wellness,2021-04-16
146149,NexGen Systems,Email,Women 25-34,30 days,Website,0.09,"$10,034.00",4.09,New York,Spanish,749,9768,2,Foodies,2021-05-29
146214,DataTech Solutions,Influencer,Men 25-34,30 days,Google Ads,0.07,"$12,248.00",4.59,New York,Spanish,156,1297,9,Foodies,2021-08-02
146280,NexGen Systems,Influencer,All Ages,15 days,Instagram,0.12,"$18,322.00",6.7,New York,French,267,3482,9,Tech Enthusiasts,2021-10-07
146322,Alpha Innovations,Social Media,Women 35-44,45 days,Email,0.02,"$14,941.00",3.52,Los Angeles,Spanish,937,4296,3,Tech Enthusiasts,2021-11-18
146542,TechCorp,Influencer,Women 35-44,45 days,Instagram,0.14,"$16,180.00",3.1,Los Angeles,French,639,5433,4,Tech Enthusiasts,2021-06-26
146549,TechCorp,Display,Men 18-24,30 days,YouTube,0.1,"$5,700.00",6.34,Miami,English,877,9963,6,Outdoor Adventurers,2021-07-03
146561,Innovate Industries,Search,Women 35-44,60 days,YouTube,0.03,"$16,287.00",5.44,Chicago,German,957,7997,3,Foodies,2021-07-15
146611,Alpha Innovations,Search,Men 25-34,30 days,Google Ads,0.11,"$13,258.00",4.9,Houston,Mandarin,909,2035,1,Tech Enthusiasts,2021-09-03
146644,Alpha Innovations,Social Media,All Ages,45 days,Google Ads,0.07,"$12,658.00",7.83,Los Angeles,French,773,5087,7,Health & Wellness,2021-10-06
146736,TechCorp,Display,All Ages,30 days,YouTube,0.11,"$6,296.00",6.77,Houston,French,744,2520,3,Tech Enthusiasts,2021-01-06
146742,NexGen Systems,Influencer,Men 18-24,30 days,Website,0.08,"$14,359.00",6.45,Houston,German,336,3662,6,Fashionistas,2021-01-12
146752,DataTech Solutions,Email,Men 18-24,15 days,Email,0.11,"$8,537.00",4.93,Chicago,Spanish,947,2852,3,Fashionistas,2021-01-22
146770,DataTech Solutions,Search,Women 25-34,30 days,YouTube,0.09,"$18,025.00",6.46,Los Angeles,English,211,2461,10,Foodies,2021-02-09
146955,NexGen Systems,Search,Men 25-34,60 days,YouTube,0.04,"$8,776.00",3.72,Los Angeles,Mandarin,933,4890,8,Tech Enthusiasts,2021-08-13
147055,NexGen Systems,Email,Women 35-44,30 days,Website,0.14,"$19,309.00",3.59,New York,Mandarin,897,5869,7,Fashionistas,2021-11-21
147081,TechCorp,Search,Women 35-44,30 days,Website,0.15,"$15,168.00",7.26,Miami,French,629,2586,10,Outdoor Adventurers,2021-12-17
147139,TechCorp,Search,Men 25-34,30 days,Instagram,0.06,"$8,189.00",5.85,Chicago,Mandarin,752,1033,3,Foodies,2021-02-13
147164,NexGen Systems,Search,All Ages,30 days,Facebook,0.13,"$16,386.00",5.12,Houston,English,605,3222,5,Tech Enthusiasts,2021-03-10
147231,Alpha Innovations,Email,Men 25-34,45 days,Website,0.07,"$16,045.00",3.05,Los Angeles,Mandarin,150,9229,2,Tech Enthusiasts,2021-05-16
147284,TechCorp,Influencer,Women 35-44,15 days,Google Ads,0.08,"$14,754.00",5.49,Los Angeles,French,559,7266,9,Outdoor Adventurers,2021-07-08
147342,DataTech Solutions,Email,Women 35-44,30 days,Website,0.04,"$9,320.00",2.85,Houston,Mandarin,555,4219,1,Foodies,2021-09-04
147404,Innovate Industries,Display,Women 35-44,30 days,Instagram,0.14,"$12,226.00",2.91,Houston,Mandarin,943,8688,7,Foodies,2021-11-05
147461,Innovate Industries,Search,Men 25-34,45 days,Email,0.02,"$9,893.00",2.49,Miami,English,551,1618,1,Fashionistas,2021-01-01
147531,DataTech Solutions,Email,Men 18-24,45 days,Google Ads,0.07,"$6,604.00",3.5,New York,French,963,3705,1,Foodies,2021-03-12
147555,TechCorp,Search,Men 18-24,45 days,Instagram,0.14,"$6,470.00",4.86,Chicago,English,871,8203,3,Outdoor Adventurers,2021-04-05
147585,Alpha Innovations,Influencer,Men 25-34,60 days,Facebook,0.09,"$7,593.00",6.05,New York,French,218,5968,6,Foodies,2021-05-05
147593,Alpha Innovations,Email,All Ages,15 days,Facebook,0.07,"$8,612.00",6.59,New York,French,857,7736,1,Fashionistas,2021-05-13
147602,NexGen Systems,Display,Women 25-34,15 days,Website,0.11,"$8,708.00",2.3,Miami,English,798,9261,7,Fashionistas,2021-05-22
147608,Alpha Innovations,Social Media,Men 25-34,15 days,Website,0.14,"$17,561.00",3.93,Los Angeles,French,797,1836,6,Health & Wellness,2021-05-28
147659,Innovate Industries,Email,Women 35-44,45 days,Website,0.06,"$18,944.00",7.85,Chicago,Mandarin,574,4840,3,Health & Wellness,2021-07-18
147675,DataTech Solutions,Email,Women 35-44,45 days,Email,0.08,"$7,482.00",3.39,Los Angeles,Mandarin,973,7189,2,Outdoor Adventurers,2021-08-03
147697,Innovate Industries,Influencer,Women 25-34,60 days,Email,0.07,"$10,545.00",4.83,Houston,German,714,5173,2,Health & Wellness,2021-08-25
147702,Alpha Innovations,Influencer,All Ages,45 days,Instagram,0.13,"$6,037.00",6.14,Los Angeles,German,864,2845,3,Outdoor Adventurers,2021-08-30
147813,Alpha Innovations,Influencer,All Ages,15 days,Google Ads,0.01,"$13,743.00",5.1,Chicago,English,395,7493,1,Fashionistas,2021-12-19
147825,Alpha Innovations,Display,Men 25-34,30 days,Facebook,0.03,"$13,009.00",5.45,New York,French,963,4544,3,Health & Wellness,2021-12-31
147868,Innovate Industries,Social Media,All Ages,45 days,YouTube,0.1,"$13,892.00",6.81,Houston,French,903,1304,2,Tech Enthusiasts,2021-02-12
147922,Alpha Innovations,Search,Women 25-34,60 days,Facebook,0.02,"$16,172.00",7.46,Miami,German,529,1902,9,Health & Wellness,2021-04-07
148028,TechCorp,Influencer,Men 18-24,45 days,Instagram,0.1,"$12,140.00",3.61,Houston,Mandarin,483,4464,7,Health & Wellness,2021-07-22
148044,DataTech Solutions,Influencer,Men 25-34,15 days,Instagram,0.01,"$15,343.00",6.39,Miami,Spanish,623,2349,7,Health & Wellness,2021-08-07
148122,TechCorp,Social Media,All Ages,30 days,Google Ads,0.12,"$5,169.00",2.93,Miami,Spanish,826,3326,1,Health & Wellness,2021-10-24
148181,NexGen Systems,Social Media,Men 25-34,60 days,YouTube,0.11,"$18,152.00",7.04,Miami,English,323,5385,7,Health & Wellness,2021-12-22
148237,NexGen Systems,Display,Women 25-34,15 days,Facebook,0.06,"$10,021.00",2.79,Houston,German,416,5555,1,Health & Wellness,2021-02-16
148315,TechCorp,Display,Women 35-44,60 days,Facebook,0.07,"$11,592.00",7.67,New York,German,578,9350,7,Fashionistas,2021-05-05
148319,NexGen Systems,Social Media,All Ages,45 days,Instagram,0.08,"$10,564.00",6.56,New York,French,114,9263,9,Health & Wellness,2021-05-09
148327,Alpha Innovations,Search,Men 25-34,15 days,Website,0.12,"$13,672.00",3.47,Houston,French,386,4427,2,Tech Enthusiasts,2021-05-17
148483,TechCorp,Email,Women 25-34,45 days,Email,0.11,"$17,385.00",3.85,New York,French,624,6580,6,Fashionistas,2021-10-20
148485,DataTech Solutions,Email,Women 25-34,15 days,Email,0.13,"$6,516.00",5.79,Miami,German,761,5886,10,Tech Enthusiasts,2021-10-22
148540,Alpha Innovations,Search,Men 25-34,30 days,Website,0.05,"$10,184.00",7.86,Houston,Mandarin,794,2123,6,Foodies,2021-12-16
148550,NexGen Systems,Social Media,Women 25-34,60 days,Website,0.06,"$7,243.00",6.1,Miami,Mandarin,480,2286,2,Tech Enthusiasts,2021-12-26
148607,NexGen Systems,Influencer,Women 35-44,15 days,YouTube,0.03,"$18,842.00",7.42,Miami,Spanish,806,1136,2,Outdoor Adventurers,2021-02-21
148632,NexGen Systems,Display,All Ages,45 days,Website,0.03,"$17,086.00",2.13,Houston,French,501,6125,5,Fashionistas,2021-03-18
148652,TechCorp,Display,Men 25-34,45 days,Email,0.03,"$13,286.00",5.43,Miami,French,326,6662,10,Tech Enthusiasts,2021-04-07
148664,Alpha Innovations,Display,Men 25-34,45 days,Facebook,0.08,"$7,199.00",5.97,Los Angeles,English,933,1001,4,Outdoor Adventurers,2021-04-19
148743,Alpha Innovations,Social Media,Men 25-34,60 days,YouTube,0.08,"$5,121.00",7.38,Miami,German,865,5799,8,Health & Wellness,2021-07-07
148834,NexGen Systems,Search,Men 18-24,60 days,Facebook,0.08,"$17,766.00",2.37,New York,German,490,4107,5,Tech Enthusiasts,2021-10-06
148862,NexGen Systems,Display,Women 35-44,60 days,Google Ads,0.08,"$5,786.00",2.73,Los Angeles,Spanish,390,4438,10,Foodies,2021-11-03
148865,DataTech Solutions,Social Media,Men 25-34,15 days,Website,0.03,"$10,264.00",5.95,Los Angeles,Spanish,873,3436,10,Outdoor Adventurers,2021-11-06
148907,TechCorp,Influencer,Women 25-34,15 days,Google Ads,0.08,"$16,830.00",3.53,Houston,German,173,7022,9,Outdoor Adventurers,2021-12-18
148919,Alpha Innovations,Email,Men 18-24,30 days,Facebook,0.09,"$15,299.00",4.4,Los Angeles,Spanish,627,9282,6,Fashionistas,2021-12-30
148927,NexGen Systems,Influencer,Women 25-34,30 days,YouTube,0.15,"$15,185.00",2.19,Miami,English,275,6263,8,Foodies,2021-01-07
148964,NexGen Systems,Email,Women 25-34,15 days,Email,0.14,"$9,993.00",5.37,Los Angeles,Spanish,820,1934,5,Health & Wellness,2021-02-13
149024,TechCorp,Search,Men 18-24,60 days,Facebook,0.03,"$8,783.00",4.2,Los Angeles,English,499,5542,8,Fashionistas,2021-04-14
149038,Alpha Innovations,Search,Men 18-24,60 days,Facebook,0.04,"$16,998.00",2.94,Chicago,English,406,1376,9,Health & Wellness,2021-04-28
149101,Innovate Industries,Display,Women 35-44,45 days,Website,0.06,"$7,038.00",6.37,Chicago,English,980,5265,3,Foodies,2021-06-30
149125,Innovate Industries,Email,Women 25-34,30 days,Facebook,0.04,"$6,439.00",6.4,Miami,Mandarin,300,3918,4,Foodies,2021-07-24
149174,TechCorp,Email,Women 35-44,60 days,YouTube,0.11,"$15,963.00",3.78,Los Angeles,Mandarin,857,6408,6,Health & Wellness,2021-09-11
149220,Alpha Innovations,Influencer,Men 18-24,15 days,Email,0.04,"$17,363.00",7.67,New York,Mandarin,133,5259,10,Outdoor Adventurers,2021-10-27
149338,NexGen Systems,Display,Women 35-44,15 days,Email,0.14,"$11,721.00",5.55,Houston,Spanish,210,5750,7,Outdoor Adventurers,2021-02-22
149410,TechCorp,Search,Men 18-24,45 days,Google Ads,0.1,"$14,512.00",4.88,New York,German,855,9535,6,Tech Enthusiasts,2021-05-05
149442,NexGen Systems,Display,Men 18-24,30 days,Email,0.03,"$17,783.00",6.83,Chicago,German,427,5979,7,Foodies,2021-06-06
149470,TechCorp,Display,Men 25-34,60 days,YouTube,0.07,"$16,362.00",6.1,Miami,Spanish,378,7854,6,Outdoor Adventurers,2021-07-04
149485,Alpha Innovations,Influencer,Men 18-24,45 days,YouTube,0.05,"$7,269.00",6.41,Houston,English,556,4732,7,Foodies,2021-07-19
149492,Innovate Industries,Social Media,Women 35-44,45 days,Email,0.08,"$14,888.00",3.57,Miami,French,230,8581,1,Health & Wellness,2021-07-26
149500,NexGen Systems,Influencer,All Ages,15 days,YouTube,0.1,"$12,454.00",3.73,Houston,Spanish,179,5005,6,Tech Enthusiasts,2021-08-03
149517,TechCorp,Display,All Ages,60 days,Facebook,0.11,"$18,716.00",5.97,Chicago,Spanish,357,9115,1,Outdoor Adventurers,2021-08-20
149562,TechCorp,Display,Men 18-24,15 days,Email,0.12,"$5,224.00",5.94,Miami,Mandarin,748,3637,7,Health & Wellness,2021-10-04
149568,Innovate Industries,Email,Men 18-24,45 days,YouTube,0.14,"$18,071.00",3.6,Houston,Spanish,117,5066,5,Tech Enthusiasts,2021-10-10
149590,Alpha Innovations,Influencer,Men 25-34,60 days,Facebook,0.14,"$18,696.00",7.33,Los Angeles,Spanish,602,4211,4,Outdoor Adventurers,2021-11-01
149618,DataTech Solutions,Social Media,Men 18-24,30 days,Email,0.09,"$11,920.00",3.47,Chicago,English,522,2954,7,Foodies,2021-11-29
149634,NexGen Systems,Email,Women 35-44,15 days,YouTube,0.07,"$17,306.00",4.14,Los Angeles,English,733,1374,3,Tech Enthusiasts,2021-12-15
149640,Alpha Innovations,Search,Men 18-24,60 days,YouTube,0.13,"$14,546.00",3.93,Houston,English,744,4779,8,Foodies,2021-12-21
149691,NexGen Systems,Influencer,All Ages,30 days,Google Ads,0.1,"$13,891.00",7.78,Houston,English,522,6434,10,Tech Enthusiasts,2021-02-10
149808,Innovate Industries,Display,Men 18-24,30 days,Instagram,0.1,"$12,591.00",6.18,Miami,French,926,3251,9,Foodies,2021-06-07
149969,Innovate Industries,Search,Men 25-34,45 days,Facebook,0.01,"$19,539.00",7.47,Los Angeles,French,781,4924,1,Outdoor Adventurers,2021-11-15
150002,NexGen Systems,Search,Men 25-34,60 days,YouTube,0.14,"$7,165.00",6.47,New York,English,165,1022,10,Fashionistas,2021-12-18
150020,NexGen Systems,Search,Women 25-34,15 days,Website,0.03,"$19,911.00",6.37,New York,English,529,7587,9,Outdoor Adventurers,2021-01-05
150050,DataTech Solutions,Influencer,Men 25-34,60 days,Instagram,0.08,"$17,696.00",2.18,New York,German,589,1389,3,Fashionistas,2021-02-04
150075,NexGen Systems,Display,All Ages,15 days,Email,0.08,"$15,447.00",5.72,Los Angeles,English,997,4731,10,Tech Enthusiasts,2021-03-01
150078,Innovate Industries,Search,Men 25-34,15 days,Instagram,0.07,"$16,630.00",5.95,Chicago,French,879,6179,3,Health & Wellness,2021-03-04
150107,TechCorp,Display,All Ages,30 days,Google Ads,0.06,"$14,647.00",5.36,Los Angeles,Mandarin,463,1996,4,Fashionistas,2021-04-02
150155,Alpha Innovations,Social Media,Women 35-44,15 days,Website,0.11,"$8,012.00",3.16,Chicago,Mandarin,470,1005,1,Tech Enthusiasts,2021-05-20
150192,TechCorp,Influencer,Women 35-44,15 days,Instagram,0.15,"$18,413.00",3.07,Los Angeles,Mandarin,782,7927,5,Fashionistas,2021-06-26
150193,DataTech Solutions,Social Media,All Ages,30 days,Instagram,0.14,"$5,688.00",6.06,New York,Spanish,158,4151,8,Fashionistas,2021-06-27
150222,DataTech Solutions,Email,Men 18-24,45 days,Email,0.03,"$13,685.00",3.38,Houston,German,383,3622,9,Tech Enthusiasts,2021-07-26
150237,DataTech Solutions,Email,Men 18-24,15 days,Instagram,0.1,"$15,658.00",4.93,Miami,English,342,8807,1,Outdoor Adventurers,2021-08-10
150301,TechCorp,Display,Men 25-34,45 days,Facebook,0.13,"$17,553.00",3.39,Houston,Mandarin,945,8110,2,Foodies,2021-10-13
150307,TechCorp,Email,Women 25-34,45 days,Instagram,0.1,"$15,652.00",7.43,New York,Spanish,813,1090,10,Foodies,2021-10-19
150318,DataTech Solutions,Influencer,Men 18-24,30 days,Website,0.01,"$19,982.00",4.29,New York,French,433,1577,10,Fashionistas,2021-10-30
150344,Alpha Innovations,Search,Men 18-24,60 days,Facebook,0.1,"$6,181.00",4.01,Miami,Spanish,225,8695,4,Fashionistas,2021-11-25
150352,Innovate Industries,Social Media,Women 35-44,45 days,Google Ads,0.12,"$11,381.00",4.26,Los Angeles,English,635,6583,2,Health & Wellness,2021-12-03
150367,NexGen Systems,Social Media,Women 35-44,15 days,Instagram,0.14,"$15,542.00",2.93,Miami,Mandarin,594,6767,7,Health & Wellness,2021-12-18
150431,DataTech Solutions,Email,Women 35-44,15 days,Facebook,0.05,"$17,328.00",5.66,New York,English,402,1432,5,Health & Wellness,2021-02-20
150504,Innovate Industries,Search,Women 25-34,30 days,Google Ads,0.04,"$19,786.00",3.45,Chicago,German,407,3327,1,Health & Wellness,2021-05-04
150562,Innovate Industries,Search,Men 25-34,15 days,Google Ads,0.11,"$8,860.00",6.96,New York,French,753,9027,1,Tech Enthusiasts,2021-07-01
150647,NexGen Systems,Influencer,Women 25-34,15 days,Facebook,0.06,"$5,821.00",3.65,Chicago,Spanish,506,7606,4,Foodies,2021-09-24
150708,Innovate Industries,Display,All Ages,45 days,YouTube,0.14,"$5,881.00",4.12,Los Angeles,Mandarin,324,2738,5,Health & Wellness,2021-11-24
150931,DataTech Solutions,Influencer,All Ages,60 days,Website,0.02,"$16,053.00",3.4,New York,Mandarin,192,5693,3,Outdoor Adventurers,2021-07-05
151006,DataTech Solutions,Search,Women 25-34,45 days,YouTube,0.14,"$11,597.00",6.99,Houston,Mandarin,851,6090,4,Tech Enthusiasts,2021-09-18
151009,Alpha Innovations,Influencer,Men 25-34,45 days,Facebook,0.11,"$6,283.00",6.0,Chicago,German,967,4861,9,Outdoor Adventurers,2021-09-21
151059,DataTech Solutions,Social Media,Women 25-34,15 days,YouTube,0.04,"$9,909.00",3.56,Chicago,Spanish,739,7320,5,Foodies,2021-11-10
151074,NexGen Systems,Display,Women 35-44,30 days,Instagram,0.05,"$16,480.00",4.96,Chicago,French,303,1619,8,Outdoor Adventurers,2021-11-25
151164,NexGen Systems,Email,Men 18-24,45 days,Website,0.09,"$17,113.00",3.79,Miami,English,830,2428,2,Tech Enthusiasts,2021-02-23
151177,Innovate Industries,Social Media,Men 25-34,45 days,Google Ads,0.1,"$9,280.00",6.76,Chicago,German,835,9012,2,Fashionistas,2021-03-08
151212,TechCorp,Search,All Ages,15 days,Google Ads,0.06,"$15,756.00",2.46,Miami,Spanish,841,7931,4,Fashionistas,2021-04-12
151277,NexGen Systems,Email,Men 25-34,45 days,Email,0.02,"$10,763.00",7.47,New York,German,389,1545,6,Outdoor Adventurers,2021-06-16
151305,Innovate Industries,Social Media,All Ages,60 days,Website,0.07,"$6,153.00",4.61,New York,French,874,5203,1,Outdoor Adventurers,2021-07-14
151312,NexGen Systems,Email,Men 25-34,30 days,YouTube,0.06,"$10,207.00",3.42,Chicago,Mandarin,960,3548,1,Health & Wellness,2021-07-21
151415,TechCorp,Influencer,All Ages,15 days,Google Ads,0.03,"$12,305.00",5.44,New York,English,813,8686,1,Foodies,2021-11-01
151419,Innovate Industries,Search,Women 35-44,45 days,YouTube,0.14,"$6,584.00",6.69,New York,English,817,2160,6,Health & Wellness,2021-11-05
151428,Innovate Industries,Search,Women 35-44,30 days,Google Ads,0.02,"$6,141.00",2.82,Houston,French,324,8702,7,Health & Wellness,2021-11-14
151450,TechCorp,Social Media,All Ages,30 days,YouTube,0.15,"$7,341.00",5.21,Houston,French,650,8655,5,Fashionistas,2021-12-06
151458,TechCorp,Search,Men 18-24,45 days,Instagram,0.12,"$16,771.00",3.75,Chicago,French,383,1812,5,Fashionistas,2021-12-14
151550,Alpha Innovations,Influencer,All Ages,30 days,Website,0.06,"$14,454.00",5.12,Houston,German,382,6279,3,Fashionistas,2021-03-16
151553,TechCorp,Search,Women 25-34,60 days,Google Ads,0.06,"$19,744.00",5.98,New York,English,534,2775,6,Fashionistas,2021-03-19
151570,Alpha Innovations,Influencer,Women 35-44,45 days,Email,0.1,"$10,056.00",4.75,Miami,Mandarin,734,9136,2,Tech Enthusiasts,2021-04-05
151881,TechCorp,Search,Women 35-44,30 days,Website,0.14,"$9,269.00",5.21,Chicago,Mandarin,590,5595,4,Fashionistas,2021-02-10
151917,Innovate Industries,Social Media,Women 25-34,60 days,Google Ads,0.07,"$14,743.00",7.66,New York,Spanish,182,2930,3,Outdoor Adventurers,2021-03-18
151926,DataTech Solutions,Email,Women 25-34,30 days,Website,0.03,"$14,828.00",2.27,Miami,German,881,2237,8,Outdoor Adventurers,2021-03-27
151928,NexGen Systems,Email,Men 18-24,60 days,Facebook,0.12,"$12,992.00",3.14,Chicago,French,328,6323,4,Health & Wellness,2021-03-29
151986,DataTech Solutions,Social Media,Women 35-44,60 days,Instagram,0.08,"$16,190.00",3.0,New York,French,124,7113,9,Fashionistas,2021-05-26
152012,Innovate Industries,Display,All Ages,60 days,Website,0.08,"$16,224.00",3.35,Los Angeles,Mandarin,173,3977,6,Foodies,2021-06-21
152039,TechCorp,Search,Women 25-34,45 days,Email,0.12,"$19,308.00",7.85,Chicago,Spanish,628,8795,2,Tech Enthusiasts,2021-07-18
152079,TechCorp,Email,Men 18-24,15 days,Email,0.12,"$5,934.00",6.75,Los Angeles,German,463,2249,4,Foodies,2021-08-27
152092,DataTech Solutions,Social Media,Women 25-34,30 days,YouTube,0.08,"$17,495.00",6.21,Los Angeles,English,418,6868,10,Tech Enthusiasts,2021-09-09
152119,DataTech Solutions,Search,Women 35-44,15 days,YouTube,0.13,"$5,926.00",7.41,Houston,English,822,9983,1,Outdoor Adventurers,2021-10-06
152161,Alpha Innovations,Display,Women 25-34,15 days,Google Ads,0.08,"$5,078.00",3.99,New York,Mandarin,527,8746,1,Fashionistas,2021-11-17
152198,Innovate Industries,Display,Women 35-44,30 days,Instagram,0.03,"$7,151.00",6.4,Houston,English,566,3852,5,Foodies,2021-12-24
152231,Innovate Industries,Search,Women 25-34,30 days,Facebook,0.05,"$8,341.00",3.56,New York,Spanish,933,3385,4,Outdoor Adventurers,2021-01-26
152301,TechCorp,Social Media,All Ages,30 days,Website,0.13,"$11,228.00",2.96,Chicago,Mandarin,137,6726,8,Outdoor Adventurers,2021-04-06
152305,Innovate Industries,Social Media,Men 18-24,30 days,Email,0.12,"$8,639.00",3.07,Houston,German,770,3223,4,Foodies,2021-04-10
152468,Alpha Innovations,Display,All Ages,60 days,Website,0.14,"$9,897.00",7.33,Houston,English,746,9865,6,Fashionistas,2021-09-20
152503,DataTech Solutions,Social Media,Men 25-34,30 days,Website,0.09,"$17,570.00",7.34,Houston,Spanish,884,3149,1,Foodies,2021-10-25
152549,Innovate Industries,Search,Men 25-34,60 days,Website,0.15,"$9,860.00",7.54,Houston,English,477,1878,2,Fashionistas,2021-12-10
152550,Innovate Industries,Display,All Ages,15 days,Email,0.1,"$5,198.00",5.46,Los Angeles,French,212,5799,6,Outdoor Adventurers,2021-12-11
152662,NexGen Systems,Influencer,Men 25-34,60 days,Email,0.06,"$6,335.00",6.38,New York,French,417,6410,3,Fashionistas,2021-04-02
152664,TechCorp,Social Media,Men 18-24,15 days,YouTube,0.1,"$7,975.00",6.84,Houston,French,234,5073,10,Fashionistas,2021-04-04
152699,Innovate Industries,Email,Men 18-24,30 days,Google Ads,0.01,"$17,166.00",2.78,Los Angeles,German,803,7692,7,Tech Enthusiasts,2021-05-09
152728,Alpha Innovations,Display,Women 35-44,45 days,YouTube,0.1,"$18,067.00",7.65,Houston,French,873,5963,7,Tech Enthusiasts,2021-06-07
152783,DataTech Solutions,Display,Men 25-34,60 days,Website,0.09,"$8,785.00",4.23,Miami,English,215,5585,5,Fashionistas,2021-08-01
152801,DataTech Solutions,Display,All Ages,15 days,Google Ads,0.05,"$7,034.00",4.46,Chicago,French,633,4725,8,Outdoor Adventurers,2021-08-19
152825,Innovate Industries,Social Media,Men 18-24,60 days,Facebook,0.09,"$10,629.00",3.94,Los Angeles,English,652,2250,5,Fashionistas,2021-09-12
152849,NexGen Systems,Search,All Ages,45 days,YouTube,0.13,"$5,644.00",5.56,Chicago,English,635,8257,7,Outdoor Adventurers,2021-10-06
152856,Innovate Industries,Display,All Ages,15 days,Instagram,0.11,"$6,915.00",2.54,New York,German,761,3186,9,Tech Enthusiasts,2021-10-13
153029,DataTech Solutions,Social Media,Men 18-24,60 days,YouTube,0.13,"$9,632.00",3.09,Los Angeles,Mandarin,424,9623,7,Foodies,2021-04-04
153119,TechCorp,Social Media,Men 18-24,15 days,Email,0.05,"$11,650.00",5.83,Miami,French,510,2443,2,Outdoor Adventurers,2021-07-03
153126,Alpha Innovations,Email,Women 35-44,15 days,Website,0.11,"$16,282.00",2.88,Chicago,Spanish,626,9006,1,Outdoor Adventurers,2021-07-10
153149,TechCorp,Display,Men 25-34,30 days,Google Ads,0.12,"$14,523.00",2.72,New York,English,605,8441,10,Outdoor Adventurers,2021-08-02
153152,Innovate Industries,Social Media,Men 18-24,15 days,Email,0.13,"$16,440.00",3.05,Los Angeles,German,296,7023,2,Foodies,2021-08-05
153248,TechCorp,Email,Women 35-44,60 days,Website,0.09,"$13,510.00",4.49,Houston,Spanish,207,6756,10,Health & Wellness,2021-11-09
153368,NexGen Systems,Search,Women 35-44,60 days,YouTube,0.04,"$13,398.00",2.88,Houston,French,181,7798,5,Foodies,2021-03-09
153399,Innovate Industries,Social Media,Men 25-34,60 days,Facebook,0.08,"$14,859.00",5.1,Chicago,English,605,5815,6,Tech Enthusiasts,2021-04-09
153478,DataTech Solutions,Influencer,Women 25-34,15 days,Email,0.03,"$6,354.00",6.37,Miami,French,890,9789,4,Fashionistas,2021-06-27
153486,DataTech Solutions,Influencer,Women 35-44,30 days,Website,0.05,"$7,813.00",2.63,New York,French,422,1909,5,Outdoor Adventurers,2021-07-05
153596,Innovate Industries,Email,Women 25-34,60 days,Instagram,0.08,"$19,488.00",4.41,Houston,Spanish,611,3962,2,Fashionistas,2021-10-23
153643,NexGen Systems,Email,Men 25-34,15 days,Google Ads,0.11,"$10,413.00",6.75,Miami,Spanish,187,9257,8,Foodies,2021-12-09
153647,NexGen Systems,Display,Women 35-44,15 days,Instagram,0.15,"$11,111.00",2.72,Houston,Mandarin,656,1463,2,Fashionistas,2021-12-13
153694,Alpha Innovations,Search,Women 35-44,15 days,Facebook,0.06,"$5,574.00",7.46,Chicago,Mandarin,892,9757,3,Fashionistas,2021-01-29
153706,NexGen Systems,Search,Women 25-34,60 days,Email,0.11,"$8,206.00",3.04,Chicago,English,933,9739,4,Outdoor Adventurers,2021-02-10
153724,DataTech Solutions,Display,Women 35-44,45 days,Website,0.06,"$18,793.00",6.25,New York,Mandarin,296,5578,5,Health & Wellness,2021-02-28
153728,DataTech Solutions,Display,Women 25-34,15 days,Website,0.13,"$7,676.00",7.51,Houston,English,469,9500,4,Outdoor Adventurers,2021-03-04
153770,Alpha Innovations,Email,Men 25-34,30 days,YouTube,0.15,"$13,649.00",7.58,New York,French,687,4451,3,Health & Wellness,2021-04-15
153816,Innovate Industries,Search,Men 18-24,15 days,Email,0.07,"$9,853.00",5.16,Houston,German,693,5176,6,Health & Wellness,2021-05-31
153837,Innovate Industries,Display,Women 25-34,45 days,Instagram,0.02,"$17,895.00",7.72,Chicago,German,382,9581,10,Tech Enthusiasts,2021-06-21
153844,Alpha Innovations,Influencer,Women 25-34,60 days,Instagram,0.09,"$6,270.00",5.82,New York,English,737,2364,5,Tech Enthusiasts,2021-06-28
153852,TechCorp,Influencer,Men 18-24,60 days,Google Ads,0.04,"$5,850.00",7.99,Los Angeles,French,535,5005,8,Fashionistas,2021-07-06
153885,Alpha Innovations,Influencer,Women 35-44,60 days,Email,0.08,"$17,686.00",5.76,Miami,French,411,4174,5,Tech Enthusiasts,2021-08-08
153902,Innovate Industries,Influencer,Women 25-34,60 days,Email,0.07,"$10,196.00",2.03,New York,Spanish,290,4379,4,Health & Wellness,2021-08-25
154021,Alpha Innovations,Email,Men 25-34,45 days,Instagram,0.15,"$9,792.00",5.84,Chicago,French,106,3396,1,Foodies,2021-12-22
154161,TechCorp,Display,All Ages,30 days,Instagram,0.12,"$14,590.00",6.25,Chicago,English,746,1244,3,Outdoor Adventurers,2021-05-11
154181,TechCorp,Social Media,Women 25-34,45 days,YouTube,0.1,"$5,578.00",6.48,Los Angeles,German,201,7468,3,Fashionistas,2021-05-31
154231,NexGen Systems,Social Media,Men 25-34,30 days,Instagram,0.11,"$19,930.00",6.91,Los Angeles,Spanish,325,1981,7,Health & Wellness,2021-07-20
154265,Alpha Innovations,Display,Men 25-34,15 days,Facebook,0.14,"$17,272.00",6.04,Houston,German,719,3074,3,Foodies,2021-08-23
154314,Alpha Innovations,Search,Men 25-34,45 days,Email,0.03,"$18,424.00",4.76,Houston,German,108,1812,5,Outdoor Adventurers,2021-10-11
154345,Alpha Innovations,Influencer,Women 35-44,15 days,Instagram,0.15,"$13,527.00",6.22,Miami,English,168,8148,6,Health & Wellness,2021-11-11
154409,Innovate Industries,Display,Men 25-34,15 days,Website,0.05,"$15,811.00",2.47,New York,English,289,1772,10,Health & Wellness,2021-01-14
154446,Innovate Industries,Display,All Ages,15 days,Email,0.1,"$9,857.00",5.02,Chicago,German,389,8284,8,Foodies,2021-02-20
154694,NexGen Systems,Search,Women 25-34,45 days,Instagram,0.12,"$14,361.00",7.93,Chicago,Mandarin,285,7131,9,Outdoor Adventurers,2021-10-26
154709,DataTech Solutions,Display,Women 25-34,30 days,Email,0.08,"$14,011.00",7.96,Houston,French,696,8545,8,Fashionistas,2021-11-10
154723,TechCorp,Display,Men 18-24,15 days,Website,0.09,"$15,518.00",4.31,Los Angeles,German,909,5389,9,Health & Wellness,2021-11-24
154740,TechCorp,Email,Men 25-34,30 days,YouTube,0.14,"$10,505.00",2.5,Los Angeles,English,117,2759,9,Outdoor Adventurers,2021-12-11
154804,NexGen Systems,Influencer,Women 35-44,45 days,YouTube,0.12,"$15,512.00",5.87,Chicago,French,297,4022,8,Foodies,2021-02-13
154837,Alpha Innovations,Email,All Ages,45 days,Website,0.1,"$10,154.00",5.78,Miami,French,217,8003,7,Outdoor Adventurers,2021-03-18
154839,DataTech Solutions,Email,Women 25-34,60 days,Instagram,0.09,"$12,057.00",6.15,New York,Mandarin,391,6951,3,Outdoor Adventurers,2021-03-20
154862,Innovate Industries,Email,Women 35-44,30 days,YouTube,0.15,"$18,830.00",2.58,New York,French,638,2710,3,Health & Wellness,2021-04-12
154880,Innovate Industries,Display,Men 25-34,60 days,Website,0.08,"$19,174.00",7.14,New York,Mandarin,659,2206,8,Foodies,2021-04-30
154905,Alpha Innovations,Email,All Ages,60 days,Facebook,0.14,"$14,633.00",7.65,Houston,French,720,2309,9,Tech Enthusiasts,2021-05-25
154924,Alpha Innovations,Influencer,Men 18-24,15 days,YouTube,0.14,"$10,878.00",5.43,Houston,English,805,7231,8,Fashionistas,2021-06-13
154975,NexGen Systems,Influencer,All Ages,60 days,Facebook,0.14,"$9,141.00",3.52,Houston,Spanish,196,5786,7,Outdoor Adventurers,2021-08-03
155020,TechCorp,Display,Men 18-24,15 days,YouTube,0.08,"$19,883.00",3.19,New York,English,714,3766,5,Foodies,2021-09-17
155059,Alpha Innovations,Email,Women 35-44,15 days,Website,0.11,"$6,546.00",7.0,Houston,Spanish,471,6330,7,Health & Wellness,2021-10-26
155083,Alpha Innovations,Email,Men 25-34,30 days,Facebook,0.04,"$19,379.00",3.3,New York,Mandarin,663,6645,8,Fashionistas,2021-11-19
155084,Innovate Industries,Social Media,Men 18-24,30 days,YouTube,0.06,"$12,138.00",5.89,Chicago,English,148,1074,1,Health & Wellness,2021-11-20
155105,Innovate Industries,Email,Men 25-34,45 days,Google Ads,0.08,"$14,011.00",7.99,Los Angeles,German,509,8636,7,Health & Wellness,2021-12-11
155173,DataTech Solutions,Influencer,Men 25-34,15 days,Instagram,0.07,"$18,945.00",3.0,Houston,English,822,6544,10,Outdoor Adventurers,2021-02-17
155263,Alpha Innovations,Search,Women 35-44,30 days,YouTube,0.12,"$19,435.00",4.34,Miami,German,966,5338,1,Health & Wellness,2021-05-18
155271,DataTech Solutions,Search,Men 25-34,30 days,Website,0.02,"$8,939.00",3.75,Houston,French,289,1992,3,Fashionistas,2021-05-26
155288,Alpha Innovations,Search,Men 18-24,45 days,Website,0.02,"$13,403.00",6.94,Houston,French,855,2058,4,Fashionistas,2021-06-12
155350,Alpha Innovations,Social Media,Women 25-34,30 days,YouTube,0.07,"$6,064.00",4.83,Houston,Mandarin,539,1093,2,Foodies,2021-08-13
155396,Alpha Innovations,Display,Women 25-34,15 days,Instagram,0.08,"$13,920.00",3.77,Miami,English,345,5401,1,Health & Wellness,2021-09-28
155431,NexGen Systems,Email,Women 25-34,45 days,Email,0.12,"$19,924.00",7.86,Chicago,German,680,2849,9,Fashionistas,2021-11-02
155445,NexGen Systems,Email,Women 35-44,15 days,Google Ads,0.09,"$12,542.00",3.27,Los Angeles,Mandarin,700,4544,5,Outdoor Adventurers,2021-11-16
155504,Innovate Industries,Email,Men 18-24,60 days,YouTube,0.06,"$18,286.00",2.13,Houston,English,250,7922,1,Foodies,2021-01-14
155512,Innovate Industries,Influencer,Women 35-44,45 days,Instagram,0.08,"$8,374.00",3.3,Los Angeles,German,979,9802,10,Health & Wellness,2021-01-22
155514,Alpha Innovations,Influencer,Men 25-34,30 days,YouTube,0.04,"$15,308.00",6.54,Miami,English,378,8010,7,Tech Enthusiasts,2021-01-24
155534,TechCorp,Influencer,Men 18-24,30 days,Website,0.15,"$9,876.00",5.02,New York,English,603,1033,4,Foodies,2021-02-13
155602,Innovate Industries,Search,All Ages,30 days,Instagram,0.06,"$13,837.00",7.53,Chicago,French,133,2001,5,Health & Wellness,2021-04-22
155646,DataTech Solutions,Search,Men 18-24,45 days,YouTube,0.06,"$19,091.00",5.5,Los Angeles,Spanish,575,7255,10,Fashionistas,2021-06-05
155756,DataTech Solutions,Social Media,Women 35-44,45 days,Instagram,0.08,"$17,130.00",7.06,Chicago,German,761,3377,7,Fashionistas,2021-09-23
155996,Alpha Innovations,Influencer,All Ages,45 days,YouTube,0.1,"$15,648.00",7.79,Miami,Spanish,835,2660,1,Foodies,2021-05-21
156083,DataTech Solutions,Email,All Ages,15 days,Google Ads,0.04,"$8,170.00",2.42,Chicago,Mandarin,184,6942,3,Foodies,2021-08-16
156323,DataTech Solutions,Search,Men 18-24,60 days,Website,0.03,"$6,528.00",6.64,Chicago,English,628,1868,3,Health & Wellness,2021-04-13
156336,Innovate Industries,Email,Men 25-34,60 days,Facebook,0.14,"$17,272.00",6.08,New York,German,817,7106,5,Foodies,2021-04-26
156376,TechCorp,Search,Women 25-34,15 days,Website,0.13,"$5,954.00",7.82,Houston,Spanish,132,6572,2,Health & Wellness,2021-06-05
156398,Innovate Industries,Search,Men 18-24,45 days,Google Ads,0.1,"$5,158.00",2.71,New York,German,857,8829,5,Foodies,2021-06-27
156399,DataTech Solutions,Social Media,Men 25-34,30 days,Google Ads,0.08,"$14,190.00",4.2,New York,Mandarin,528,7011,9,Foodies,2021-06-28
156468,Innovate Industries,Display,Men 18-24,45 days,Website,0.11,"$6,049.00",4.31,Los Angeles,English,742,2391,1,Outdoor Adventurers,2021-09-05
156519,Alpha Innovations,Search,Men 18-24,45 days,YouTube,0.05,"$18,666.00",4.48,Miami,Spanish,553,6070,6,Foodies,2021-10-26
156526,TechCorp,Social Media,All Ages,60 days,Facebook,0.12,"$19,408.00",7.55,New York,Mandarin,624,4766,8,Health & Wellness,2021-11-02
156646,NexGen Systems,Influencer,Men 18-24,15 days,Facebook,0.08,"$14,397.00",3.31,Houston,French,849,1249,7,Outdoor Adventurers,2021-03-02
156701,NexGen Systems,Influencer,All Ages,45 days,Facebook,0.09,"$16,062.00",2.01,Chicago,English,258,1160,9,Tech Enthusiasts,2021-04-26
156733,DataTech Solutions,Display,Men 25-34,60 days,Website,0.04,"$14,735.00",5.77,Chicago,Mandarin,650,5102,3,Foodies,2021-05-28
156735,DataTech Solutions,Search,Men 25-34,45 days,Facebook,0.09,"$12,569.00",6.41,New York,French,820,4356,5,Tech Enthusiasts,2021-05-30
156754,DataTech Solutions,Influencer,All Ages,30 days,Facebook,0.11,"$19,867.00",7.87,Chicago,English,793,2047,6,Outdoor Adventurers,2021-06-18
156755,TechCorp,Email,Women 35-44,30 days,Facebook,0.15,"$12,219.00",4.17,Houston,German,404,1206,5,Fashionistas,2021-06-19
156758,TechCorp,Social Media,All Ages,60 days,Facebook,0.07,"$12,650.00",7.17,New York,French,713,7535,7,Tech Enthusiasts,2021-06-22
156792,Alpha Innovations,Search,Men 18-24,15 days,Website,0.12,"$5,411.00",5.87,Miami,French,312,2398,4,Tech Enthusiasts,2021-07-26
156869,TechCorp,Email,Men 18-24,60 days,Facebook,0.14,"$13,461.00",5.85,Chicago,English,653,7791,3,Outdoor Adventurers,2021-10-11
156912,TechCorp,Influencer,Men 18-24,45 days,YouTube,0.04,"$16,010.00",2.09,New York,English,737,8543,2,Health & Wellness,2021-11-23
156958,TechCorp,Influencer,Men 18-24,30 days,Email,0.14,"$10,065.00",3.75,Miami,French,383,6044,1,Tech Enthusiasts,2021-01-08
157038,DataTech Solutions,Display,Women 25-34,30 days,YouTube,0.12,"$14,544.00",4.83,New York,Spanish,141,4856,9,Tech Enthusiasts,2021-03-29
157042,Innovate Industries,Display,Women 35-44,45 days,Website,0.05,"$15,435.00",4.6,Miami,German,882,6774,10,Fashionistas,2021-04-02
157104,DataTech Solutions,Social Media,Women 35-44,15 days,Email,0.14,"$7,124.00",3.64,Los Angeles,French,825,6150,4,Tech Enthusiasts,2021-06-03
157105,NexGen Systems,Search,All Ages,45 days,Instagram,0.03,"$9,010.00",3.49,Los Angeles,English,698,5420,9,Health & Wellness,2021-06-04
157249,Innovate Industries,Social Media,All Ages,45 days,Instagram,0.11,"$10,286.00",2.56,Chicago,German,1000,5027,9,Foodies,2021-10-26
157260,Alpha Innovations,Display,Men 25-34,15 days,Website,0.09,"$7,275.00",4.2,New York,English,221,3898,4,Outdoor Adventurers,2021-11-06
157273,NexGen Systems,Display,All Ages,15 days,Website,0.08,"$13,613.00",4.85,Los Angeles,French,278,2922,5,Health & Wellness,2021-11-19
157290,DataTech Solutions,Email,Women 35-44,15 days,Instagram,0.11,"$10,554.00",4.59,New York,English,627,7352,7,Outdoor Adventurers,2021-12-06
157296,Alpha Innovations,Influencer,Women 25-34,60 days,Website,0.07,"$17,395.00",4.5,Chicago,French,865,9973,10,Tech Enthusiasts,2021-12-12
157349,NexGen Systems,Influencer,Women 35-44,45 days,Instagram,0.13,"$14,538.00",3.92,Houston,Spanish,513,7583,2,Outdoor Adventurers,2021-02-03
157418,Innovate Industries,Search,Men 18-24,45 days,Website,0.04,"$14,544.00",5.55,Houston,French,199,4434,3,Fashionistas,2021-04-13
157427,Alpha Innovations,Search,All Ages,15 days,Website,0.02,"$8,722.00",6.25,New York,German,757,1948,7,Health & Wellness,2021-04-22
157429,Innovate Industries,Influencer,Women 35-44,45 days,Facebook,0.03,"$6,407.00",3.1,Los Angeles,English,884,5810,5,Foodies,2021-04-24
157486,Innovate Industries,Social Media,Women 35-44,30 days,Google Ads,0.05,"$15,751.00",3.37,Los Angeles,Spanish,600,8309,1,Health & Wellness,2021-06-20
157537,Innovate Industries,Social Media,Women 25-34,30 days,Website,0.03,"$11,752.00",7.97,New York,Spanish,568,4975,8,Foodies,2021-08-10
157636,Innovate Industries,Display,Men 25-34,30 days,Facebook,0.05,"$19,813.00",7.04,Miami,German,810,6515,9,Fashionistas,2021-11-17
157679,TechCorp,Display,Women 25-34,30 days,Google Ads,0.04,"$10,243.00",4.21,Los Angeles,German,412,6956,5,Health & Wellness,2021-12-30
157710,TechCorp,Email,All Ages,30 days,Instagram,0.05,"$8,416.00",3.76,Los Angeles,Mandarin,480,6185,10,Tech Enthusiasts,2021-01-30
157751,Alpha Innovations,Social Media,Men 25-34,45 days,Google Ads,0.1,"$6,083.00",5.98,Los Angeles,French,475,1780,4,Tech Enthusiasts,2021-03-12
157757,TechCorp,Email,All Ages,45 days,Website,0.11,"$5,896.00",4.83,Los Angeles,German,733,6237,3,Tech Enthusiasts,2021-03-18
157768,NexGen Systems,Search,Men 25-34,45 days,Instagram,0.04,"$17,111.00",5.6,Los Angeles,German,613,4607,9,Outdoor Adventurers,2021-03-29
157810,Innovate Industries,Display,Men 25-34,45 days,Email,0.12,"$7,310.00",7.55,Chicago,English,753,4222,2,Tech Enthusiasts,2021-05-10
157831,Innovate Industries,Social Media,Men 18-24,15 days,Google Ads,0.01,"$9,306.00",4.28,Los Angeles,German,918,7100,3,Foodies,2021-05-31
157842,Innovate Industries,Influencer,Women 25-34,45 days,Facebook,0.09,"$17,986.00",4.28,Chicago,German,199,2287,8,Fashionistas,2021-06-11
157844,NexGen Systems,Display,Men 18-24,60 days,Email,0.11,"$6,036.00",6.14,New York,German,102,1396,8,Fashionistas,2021-06-13
157926,DataTech Solutions,Social Media,Men 25-34,60 days,Facebook,0.11,"$10,922.00",2.71,Chicago,French,336,5218,2,Fashionistas,2021-09-03
157960,Alpha Innovations,Email,Women 25-34,45 days,Instagram,0.1,"$6,642.00",6.58,Miami,Mandarin,260,4457,4,Health & Wellness,2021-10-07
158013,Innovate Industries,Display,All Ages,15 days,YouTube,0.04,"$18,735.00",6.29,Miami,German,152,4011,6,Foodies,2021-11-29
158038,NexGen Systems,Email,Women 35-44,15 days,YouTube,0.1,"$18,284.00",2.89,Los Angeles,English,288,3034,4,Fashionistas,2021-12-24
158072,Alpha Innovations,Search,All Ages,60 days,Instagram,0.05,"$18,019.00",5.96,Los Angeles,Spanish,944,5736,8,Health & Wellness,2021-01-27
158131,DataTech Solutions,Influencer,Men 18-24,60 days,Email,0.07,"$18,094.00",4.81,Miami,English,754,8547,3,Outdoor Adventurers,2021-03-27
158136,DataTech Solutions,Display,All Ages,45 days,Facebook,0.03,"$12,725.00",7.02,New York,Mandarin,419,4197,2,Fashionistas,2021-04-01
158143,Alpha Innovations,Email,Women 25-34,15 days,Facebook,0.01,"$12,857.00",6.09,Los Angeles,Mandarin,980,3358,5,Tech Enthusiasts,2021-04-08
158155,TechCorp,Email,Women 35-44,45 days,Google Ads,0.07,"$9,687.00",3.72,Houston,Spanish,840,9038,5,Outdoor Adventurers,2021-04-20
158156,DataTech Solutions,Social Media,Women 35-44,15 days,Email,0.09,"$9,960.00",3.49,Miami,English,739,7487,5,Health & Wellness,2021-04-21
158191,NexGen Systems,Social Media,Women 25-34,45 days,Google Ads,0.13,"$16,856.00",7.9,New York,German,767,1114,7,Health & Wellness,2021-05-26
158297,Innovate Industries,Search,Women 35-44,30 days,Google Ads,0.07,"$11,129.00",5.32,Chicago,French,561,1623,3,Tech Enthusiasts,2021-09-09
158298,TechCorp,Social Media,Men 25-34,15 days,YouTube,0.14,"$5,137.00",5.94,Houston,German,414,3023,2,Outdoor Adventurers,2021-09-10
158382,DataTech Solutions,Email,Men 25-34,15 days,YouTube,0.12,"$10,927.00",6.81,Houston,Spanish,798,9553,6,Health & Wellness,2021-12-03
158398,Alpha Innovations,Display,Men 25-34,45 days,Google Ads,0.08,"$15,547.00",3.19,New York,English,498,5087,10,Health & Wellness,2021-12-19
158413,Innovate Industries,Email,Men 25-34,30 days,Website,0.08,"$6,650.00",3.19,Los Angeles,Mandarin,500,6326,9,Outdoor Adventurers,2021-01-03
158441,DataTech Solutions,Search,Men 25-34,60 days,YouTube,0.1,"$6,882.00",6.25,Houston,English,517,7400,8,Tech Enthusiasts,2021-01-31
158462,Innovate Industries,Search,Men 18-24,30 days,Instagram,0.14,"$7,265.00",4.15,New York,French,953,4673,9,Tech Enthusiasts,2021-02-21
158468,Alpha Innovations,Search,All Ages,15 days,Instagram,0.04,"$7,550.00",5.3,Houston,Mandarin,530,6630,7,Health & Wellness,2021-02-27
158510,NexGen Systems,Email,Men 18-24,15 days,YouTube,0.09,"$14,462.00",7.21,Houston,German,354,5605,5,Foodies,2021-04-10
158537,NexGen Systems,Search,All Ages,60 days,Facebook,0.14,"$11,933.00",4.1,Los Angeles,English,988,2236,8,Fashionistas,2021-05-07
158701,NexGen Systems,Email,Men 18-24,45 days,Google Ads,0.14,"$5,685.00",5.84,Los Angeles,German,789,1371,3,Outdoor Adventurers,2021-10-18
158754,NexGen Systems,Influencer,Men 18-24,30 days,YouTube,0.07,"$17,598.00",4.41,Los Angeles,French,938,2161,1,Fashionistas,2021-12-10
158842,DataTech Solutions,Search,All Ages,30 days,Google Ads,0.14,"$17,643.00",6.0,Houston,English,799,8257,1,Health & Wellness,2021-03-08
158845,NexGen Systems,Influencer,Women 35-44,15 days,YouTube,0.12,"$6,220.00",5.34,Los Angeles,German,763,4429,8,Health & Wellness,2021-03-11
158865,DataTech Solutions,Email,Women 25-34,30 days,Google Ads,0.08,"$12,511.00",4.17,Chicago,Mandarin,685,1741,1,Outdoor Adventurers,2021-03-31
158889,DataTech Solutions,Email,Women 35-44,45 days,Website,0.09,"$5,461.00",2.53,Miami,Mandarin,589,3750,4,Tech Enthusiasts,2021-04-24
158954,DataTech Solutions,Influencer,Men 18-24,30 days,Email,0.1,"$19,737.00",3.83,New York,English,837,6789,5,Foodies,2021-06-28
159055,Innovate Industries,Email,All Ages,15 days,Website,0.05,"$15,380.00",2.2,Miami,German,532,8933,1,Fashionistas,2021-10-07
159077,DataTech Solutions,Influencer,Women 25-34,60 days,YouTube,0.15,"$9,972.00",5.0,Miami,German,417,1802,4,Tech Enthusiasts,2021-10-29
159121,Alpha Innovations,Email,All Ages,45 days,Instagram,0.07,"$5,340.00",5.9,New York,French,161,7798,3,Outdoor Adventurers,2021-12-12
159148,DataTech Solutions,Display,Women 25-34,60 days,Email,0.06,"$13,965.00",3.55,Los Angeles,Spanish,327,2005,9,Tech Enthusiasts,2021-01-08
159190,Innovate Industries,Social Media,Women 25-34,15 days,Instagram,0.03,"$13,989.00",4.26,Miami,Mandarin,904,1643,10,Health & Wellness,2021-02-19
159282,TechCorp,Social Media,Men 18-24,15 days,Website,0.13,"$11,376.00",2.91,New York,Spanish,689,4894,1,Health & Wellness,2021-05-22
159284,Alpha Innovations,Influencer,Women 35-44,60 days,Google Ads,0.14,"$15,444.00",6.71,New York,Mandarin,394,9660,5,Tech Enthusiasts,2021-05-24
159378,DataTech Solutions,Influencer,Women 25-34,45 days,YouTube,0.02,"$13,629.00",5.57,Los Angeles,English,538,4057,7,Outdoor Adventurers,2021-08-26
159421,NexGen Systems,Display,Men 18-24,45 days,Email,0.12,"$15,232.00",6.41,Los Angeles,Spanish,258,2105,4,Outdoor Adventurers,2021-10-08
159514,Alpha Innovations,Email,Men 25-34,15 days,Instagram,0.12,"$5,244.00",7.87,New York,Mandarin,751,4654,8,Health & Wellness,2021-01-09
159518,TechCorp,Social Media,Men 25-34,45 days,Facebook,0.11,"$14,786.00",2.55,Houston,Mandarin,403,7584,4,Health & Wellness,2021-01-13
159528,TechCorp,Display,All Ages,45 days,Email,0.12,"$19,485.00",4.75,Los Angeles,German,275,5358,9,Tech Enthusiasts,2021-01-23
159553,TechCorp,Influencer,Men 25-34,15 days,Email,0.12,"$10,069.00",6.13,Los Angeles,Mandarin,651,7682,8,Tech Enthusiasts,2021-02-17
159568,TechCorp,Display,Men 18-24,15 days,Email,0.12,"$16,448.00",6.13,Chicago,Spanish,903,3467,3,Health & Wellness,2021-03-04
159606,Alpha Innovations,Search,Men 25-34,15 days,Instagram,0.02,"$12,595.00",4.56,Houston,French,625,2937,1,Health & Wellness,2021-04-11
159701,TechCorp,Search,All Ages,30 days,Instagram,0.02,"$9,202.00",3.91,Miami,French,465,9271,6,Foodies,2021-07-15
159710,Innovate Industries,Display,Women 35-44,60 days,Google Ads,0.07,"$9,586.00",5.8,Chicago,Mandarin,343,7968,9,Tech Enthusiasts,2021-07-24
159713,Alpha Innovations,Email,All Ages,45 days,Website,0.07,"$11,008.00",7.88,Houston,German,290,4569,4,Fashionistas,2021-07-27
159778,Alpha Innovations,Social Media,All Ages,30 days,Email,0.02,"$14,069.00",7.64,Miami,French,375,9767,8,Fashionistas,2021-09-30
159807,DataTech Solutions,Influencer,Men 18-24,15 days,Facebook,0.02,"$17,340.00",5.48,Miami,Spanish,662,4408,3,Foodies,2021-10-29
159912,Innovate Industries,Influencer,Men 25-34,15 days,YouTube,0.06,"$18,681.00",2.08,Los Angeles,French,532,5409,6,Health & Wellness,2021-02-11
159917,NexGen Systems,Search,Women 35-44,60 days,Website,0.08,"$7,555.00",7.51,Chicago,English,816,4170,4,Health & Wellness,2021-02-16
159950,DataTech Solutions,Search,All Ages,30 days,Google Ads,0.05,"$10,765.00",3.16,New York,French,264,9192,4,Tech Enthusiasts,2021-03-21
160004,Innovate Industries,Influencer,All Ages,15 days,Email,0.06,"$18,185.00",7.34,Miami,Mandarin,483,6803,7,Tech Enthusiasts,2021-05-14
160020,DataTech Solutions,Display,Men 18-24,60 days,Email,0.01,"$9,018.00",3.82,Chicago,German,761,7006,3,Health & Wellness,2021-05-30
160032,DataTech Solutions,Display,Women 35-44,30 days,Instagram,0.15,"$9,852.00",3.62,Houston,Spanish,446,4571,8,Health & Wellness,2021-06-11
160068,DataTech Solutions,Social Media,All Ages,15 days,Instagram,0.1,"$6,597.00",7.32,Miami,German,263,1207,4,Outdoor Adventurers,2021-07-17
160109,Alpha Innovations,Display,Women 35-44,30 days,YouTube,0.03,"$7,344.00",7.26,New York,English,893,3895,2,Outdoor Adventurers,2021-08-27
160181,Innovate Industries,Social Media,Men 18-24,45 days,Google Ads,0.02,"$13,229.00",3.39,Chicago,French,263,6482,1,Tech Enthusiasts,2021-11-07
160203,Alpha Innovations,Social Media,Men 18-24,30 days,Google Ads,0.08,"$11,444.00",7.09,Miami,English,169,1055,5,Fashionistas,2021-11-29
160284,Innovate Industries,Social Media,Men 18-24,45 days,Facebook,0.02,"$10,130.00",2.2,Miami,German,819,5139,6,Health & Wellness,2021-02-18
160324,Innovate Industries,Social Media,Women 35-44,60 days,Google Ads,0.01,"$15,984.00",3.06,Los Angeles,Mandarin,568,9337,8,Fashionistas,2021-03-30
160344,Innovate Industries,Search,All Ages,45 days,Email,0.08,"$5,355.00",4.02,Houston,Spanish,409,6554,9,Outdoor Adventurers,2021-04-19
160388,NexGen Systems,Influencer,Men 25-34,60 days,Google Ads,0.14,"$5,249.00",2.71,Houston,French,745,1639,3,Fashionistas,2021-06-02
160414,NexGen Systems,Email,Men 25-34,15 days,Website,0.14,"$19,924.00",7.91,Miami,German,754,9645,2,Health & Wellness,2021-06-28
160422,NexGen Systems,Display,Women 25-34,15 days,Instagram,0.07,"$9,699.00",2.18,Chicago,English,254,3398,1,Outdoor Adventurers,2021-07-06
160426,TechCorp,Email,Men 25-34,15 days,Google Ads,0.04,"$16,233.00",2.68,Los Angeles,English,930,3652,3,Foodies,2021-07-10
160485,Innovate Industries,Display,Women 25-34,60 days,Email,0.09,"$12,876.00",5.44,Miami,French,875,6981,6,Outdoor Adventurers,2021-09-07
160708,DataTech Solutions,Social Media,Women 25-34,45 days,Instagram,0.15,"$9,365.00",2.82,Los Angeles,English,778,4057,9,Health & Wellness,2021-04-18
160821,Innovate Industries,Influencer,Women 25-34,15 days,YouTube,0.07,"$19,438.00",4.79,Los Angeles,Spanish,605,8381,1,Outdoor Adventurers,2021-08-09
160823,Innovate Industries,Social Media,Women 25-34,60 days,Instagram,0.09,"$7,450.00",3.29,Chicago,Spanish,129,2545,9,Fashionistas,2021-08-11
160873,Alpha Innovations,Search,Women 35-44,45 days,YouTube,0.03,"$9,082.00",3.92,Los Angeles,Mandarin,210,6169,2,Outdoor Adventurers,2021-09-30
160881,Innovate Industries,Email,Men 18-24,60 days,Website,0.1,"$11,311.00",2.47,New York,Spanish,784,7760,7,Health & Wellness,2021-10-08
160889,DataTech Solutions,Search,Men 18-24,45 days,Website,0.1,"$5,559.00",6.88,Miami,German,978,2618,5,Foodies,2021-10-16
160892,Innovate Industries,Search,Women 35-44,60 days,Google Ads,0.05,"$11,709.00",7.35,New York,French,883,1116,3,Fashionistas,2021-10-19
160921,TechCorp,Email,All Ages,45 days,Google Ads,0.05,"$7,903.00",3.31,Chicago,French,901,1369,4,Outdoor Adventurers,2021-11-17
160947,DataTech Solutions,Email,All Ages,45 days,Email,0.03,"$11,464.00",6.48,New York,German,617,1113,2,Foodies,2021-12-13
160968,Alpha Innovations,Display,Men 18-24,30 days,Email,0.04,"$10,548.00",3.48,Los Angeles,Mandarin,835,4065,2,Health & Wellness,2021-01-03
160973,DataTech Solutions,Search,All Ages,15 days,Instagram,0.1,"$8,096.00",5.0,Miami,English,977,4981,3,Foodies,2021-01-08
161010,NexGen Systems,Display,Men 25-34,15 days,Facebook,0.07,"$10,983.00",5.27,Chicago,Mandarin,417,6862,10,Outdoor Adventurers,2021-02-14
161143,DataTech Solutions,Email,All Ages,60 days,YouTube,0.06,"$12,668.00",2.34,Los Angeles,French,262,9856,8,Foodies,2021-06-27
161219,DataTech Solutions,Influencer,Women 25-34,45 days,Google Ads,0.03,"$11,956.00",3.01,Houston,English,631,3072,3,Health & Wellness,2021-09-11
161223,TechCorp,Email,All Ages,60 days,Facebook,0.08,"$12,038.00",5.14,Miami,Spanish,909,9392,7,Health & Wellness,2021-09-15
161233,Alpha Innovations,Search,Men 25-34,30 days,YouTube,0.13,"$6,838.00",4.56,New York,Mandarin,697,1304,7,Outdoor Adventurers,2021-09-25
161249,Innovate Industries,Email,Women 25-34,45 days,YouTube,0.03,"$15,093.00",7.24,New York,French,296,1271,10,Outdoor Adventurers,2021-10-11
161294,Innovate Industries,Display,Women 25-34,15 days,YouTube,0.02,"$11,956.00",3.23,Houston,English,632,5231,1,Foodies,2021-11-25
161348,Alpha Innovations,Email,Men 18-24,30 days,Email,0.05,"$18,829.00",7.01,Los Angeles,Spanish,530,6231,5,Foodies,2021-01-18
161354,TechCorp,Social Media,Women 35-44,30 days,YouTube,0.04,"$18,580.00",6.88,Miami,Spanish,376,4021,5,Health & Wellness,2021-01-24
161536,NexGen Systems,Search,Women 25-34,30 days,Facebook,0.1,"$16,362.00",3.82,New York,English,635,9944,2,Fashionistas,2021-07-25
161602,TechCorp,Social Media,Men 25-34,15 days,Instagram,0.09,"$16,955.00",4.24,Houston,French,473,3706,2,Outdoor Adventurers,2021-09-29
161605,Alpha Innovations,Social Media,Women 25-34,15 days,Instagram,0.12,"$12,494.00",4.13,Houston,French,820,8545,8,Outdoor Adventurers,2021-10-02
161624,TechCorp,Display,All Ages,30 days,Google Ads,0.15,"$15,714.00",3.89,Miami,Mandarin,508,3172,5,Fashionistas,2021-10-21
161639,DataTech Solutions,Social Media,Men 25-34,30 days,Website,0.07,"$9,983.00",4.34,Miami,Mandarin,328,2355,5,Foodies,2021-11-05
161663,DataTech Solutions,Email,Women 35-44,60 days,Google Ads,0.08,"$9,533.00",5.12,Chicago,French,241,5620,10,Outdoor Adventurers,2021-11-29
161719,Innovate Industries,Social Media,All Ages,15 days,Google Ads,0.14,"$11,637.00",5.16,Los Angeles,Spanish,750,2604,10,Fashionistas,2021-01-24
161747,Innovate Industries,Social Media,Men 18-24,30 days,Website,0.04,"$5,726.00",4.05,Houston,Mandarin,232,1497,6,Outdoor Adventurers,2021-02-21
161760,Alpha Innovations,Social Media,Women 25-34,45 days,YouTube,0.05,"$9,468.00",5.06,Houston,German,497,5803,4,Tech Enthusiasts,2021-03-06
161769,TechCorp,Search,All Ages,45 days,Facebook,0.05,"$6,131.00",6.69,Houston,English,761,6880,2,Outdoor Adventurers,2021-03-15
161796,NexGen Systems,Social Media,All Ages,15 days,Instagram,0.1,"$10,526.00",5.61,Los Angeles,French,917,1233,10,Tech Enthusiasts,2021-04-11
161797,Innovate Industries,Search,Women 35-44,45 days,Email,0.14,"$13,604.00",4.64,Chicago,German,525,9699,6,Outdoor Adventurers,2021-04-12
161848,Alpha Innovations,Social Media,All Ages,45 days,YouTube,0.06,"$11,314.00",4.94,Houston,German,221,6057,1,Foodies,2021-06-02
161944,TechCorp,Search,Women 35-44,30 days,Facebook,0.05,"$10,342.00",7.57,New York,Mandarin,427,9402,10,Fashionistas,2021-09-06
161983,DataTech Solutions,Display,Women 25-34,30 days,Email,0.02,"$17,954.00",5.8,Houston,Mandarin,509,3040,3,Foodies,2021-10-15
162016,NexGen Systems,Search,Women 35-44,45 days,Google Ads,0.14,"$18,554.00",2.96,Los Angeles,German,762,6818,9,Fashionistas,2021-11-17
162034,NexGen Systems,Email,Women 25-34,15 days,Instagram,0.14,"$9,761.00",7.62,Miami,Mandarin,173,9994,10,Tech Enthusiasts,2021-12-05
162056,Innovate Industries,Search,Women 35-44,15 days,Facebook,0.15,"$8,507.00",4.7,Chicago,Spanish,694,7664,2,Health & Wellness,2021-12-27
162145,NexGen Systems,Display,Men 25-34,15 days,Facebook,0.11,"$18,264.00",2.64,Los Angeles,French,790,6908,2,Health & Wellness,2021-03-26
162208,Innovate Industries,Social Media,All Ages,60 days,Website,0.11,"$15,481.00",7.4,Chicago,Spanish,269,1379,10,Tech Enthusiasts,2021-05-28
162239,NexGen Systems,Social Media,All Ages,60 days,Email,0.13,"$13,274.00",3.19,Miami,German,239,5876,6,Health & Wellness,2021-06-28
162313,TechCorp,Email,Women 35-44,45 days,Instagram,0.03,"$13,783.00",2.7,Houston,German,150,2276,2,Outdoor Adventurers,2021-09-10
162362,DataTech Solutions,Search,Men 25-34,45 days,Email,0.03,"$14,865.00",4.63,Chicago,English,996,6836,5,Fashionistas,2021-10-29
162386,TechCorp,Email,Women 35-44,45 days,YouTube,0.05,"$10,504.00",7.24,Houston,French,306,4547,9,Fashionistas,2021-11-22
162445,Alpha Innovations,Display,All Ages,30 days,YouTube,0.04,"$8,681.00",2.2,Houston,English,198,6914,4,Health & Wellness,2021-01-20
162580,DataTech Solutions,Search,Women 35-44,15 days,Instagram,0.03,"$8,417.00",3.86,New York,German,374,7926,4,Fashionistas,2021-06-04
162602,NexGen Systems,Email,Men 18-24,45 days,YouTube,0.13,"$5,796.00",6.05,Los Angeles,Mandarin,169,2986,5,Fashionistas,2021-06-26
162642,TechCorp,Email,Men 18-24,15 days,Website,0.13,"$19,975.00",7.68,Miami,Spanish,438,3046,2,Tech Enthusiasts,2021-08-05
162654,Innovate Industries,Display,Women 25-34,30 days,Google Ads,0.01,"$6,461.00",5.97,Miami,French,715,4953,9,Outdoor Adventurers,2021-08-17
162670,NexGen Systems,Display,All Ages,30 days,Instagram,0.06,"$15,343.00",5.93,Los Angeles,English,812,8806,8,Fashionistas,2021-09-02
162765,NexGen Systems,Influencer,Women 25-34,60 days,Instagram,0.11,"$16,810.00",7.48,Chicago,German,486,8278,3,Tech Enthusiasts,2021-12-06
162816,DataTech Solutions,Search,Men 18-24,60 days,Website,0.05,"$9,845.00",6.56,Houston,French,765,1272,9,Foodies,2021-01-26
162874,DataTech Solutions,Display,Women 25-34,15 days,Email,0.12,"$18,187.00",7.25,Houston,Spanish,931,7087,3,Health & Wellness,2021-03-25
162901,NexGen Systems,Influencer,All Ages,30 days,Facebook,0.14,"$5,715.00",7.25,Houston,French,732,8737,4,Outdoor Adventurers,2021-04-21
162957,TechCorp,Email,Men 25-34,30 days,Website,0.03,"$13,195.00",3.01,Los Angeles,German,151,5650,8,Foodies,2021-06-16
163088,DataTech Solutions,Influencer,Men 18-24,15 days,Email,0.05,"$8,741.00",7.12,Miami,English,906,1945,3,Fashionistas,2021-10-25
163138,NexGen Systems,Search,Men 25-34,45 days,YouTube,0.15,"$17,080.00",7.06,Chicago,French,516,2359,3,Tech Enthusiasts,2021-12-14
163153,NexGen Systems,Search,Men 25-34,30 days,Website,0.08,"$6,043.00",5.57,Chicago,German,891,1879,6,Fashionistas,2021-12-29
163227,TechCorp,Email,Women 25-34,45 days,Instagram,0.06,"$11,918.00",2.53,Chicago,Spanish,624,6249,9,Outdoor Adventurers,2021-03-13
163243,DataTech Solutions,Search,Men 25-34,45 days,YouTube,0.04,"$10,654.00",7.65,Los Angeles,Spanish,613,7278,4,Tech Enthusiasts,2021-03-29
163249,TechCorp,Display,Men 18-24,30 days,Facebook,0.08,"$19,626.00",3.33,Houston,French,459,7661,10,Fashionistas,2021-04-04
163297,NexGen Systems,Social Media,Women 25-34,60 days,Google Ads,0.05,"$7,416.00",3.1,Miami,English,128,5404,1,Fashionistas,2021-05-22
163324,DataTech Solutions,Social Media,Men 25-34,30 days,Instagram,0.13,"$18,557.00",6.98,Chicago,English,237,9612,7,Fashionistas,2021-06-18
163347,TechCorp,Display,Women 25-34,45 days,YouTube,0.08,"$5,185.00",2.54,New York,German,748,1824,2,Health & Wellness,2021-07-11
163359,NexGen Systems,Display,Women 25-34,30 days,Facebook,0.04,"$19,978.00",2.16,Houston,French,591,4725,7,Health & Wellness,2021-07-23
163424,TechCorp,Influencer,Women 25-34,60 days,YouTube,0.05,"$14,415.00",6.02,Miami,English,317,3685,10,Tech Enthusiasts,2021-09-26
163558,DataTech Solutions,Influencer,Women 25-34,15 days,YouTube,0.05,"$11,709.00",3.33,Los Angeles,German,395,7725,7,Tech Enthusiasts,2021-02-07
163560,Alpha Innovations,Display,All Ages,60 days,Instagram,0.02,"$17,681.00",3.58,Houston,English,756,2597,1,Outdoor Adventurers,2021-02-09
163650,TechCorp,Influencer,Men 25-34,30 days,Google Ads,0.09,"$6,675.00",5.55,Los Angeles,Mandarin,1000,2444,3,Fashionistas,2021-05-10
163658,DataTech Solutions,Email,Men 25-34,60 days,Email,0.02,"$17,076.00",4.85,New York,German,969,9417,5,Foodies,2021-05-18
163662,TechCorp,Email,Men 18-24,45 days,YouTube,0.04,"$14,642.00",6.27,New York,Mandarin,302,5312,9,Tech Enthusiasts,2021-05-22
163692,Alpha Innovations,Social Media,All Ages,45 days,Google Ads,0.12,"$15,819.00",5.73,Los Angeles,French,877,5838,8,Foodies,2021-06-21
163704,Alpha Innovations,Social Media,Men 18-24,45 days,Facebook,0.12,"$15,880.00",3.99,Miami,French,875,8814,2,Foodies,2021-07-03
163810,Alpha Innovations,Search,Women 25-34,45 days,Instagram,0.01,"$5,255.00",7.35,Los Angeles,Mandarin,504,5970,9,Outdoor Adventurers,2021-10-17
163830,Innovate Industries,Display,Men 25-34,60 days,Email,0.14,"$16,735.00",4.08,Chicago,English,333,4695,10,Outdoor Adventurers,2021-11-06
163838,Alpha Innovations,Display,Women 25-34,60 days,Website,0.04,"$5,646.00",2.88,Chicago,German,767,9718,3,Fashionistas,2021-11-14
163841,TechCorp,Social Media,Men 25-34,15 days,YouTube,0.13,"$13,406.00",4.86,Los Angeles,French,538,8263,10,Health & Wellness,2021-11-17
163851,NexGen Systems,Display,Women 25-34,30 days,Google Ads,0.06,"$8,094.00",5.27,New York,Mandarin,977,3737,5,Health & Wellness,2021-11-27
163894,Innovate Industries,Search,Women 35-44,30 days,Instagram,0.13,"$17,320.00",3.5,Houston,French,636,7947,5,Health & Wellness,2021-01-09
163929,TechCorp,Email,All Ages,30 days,Email,0.1,"$19,813.00",4.71,Houston,Spanish,601,1451,8,Fashionistas,2021-02-13
163963,DataTech Solutions,Display,Men 25-34,60 days,Email,0.01,"$13,155.00",2.37,Los Angeles,French,334,4182,10,Foodies,2021-03-19
163991,TechCorp,Display,Men 18-24,15 days,Website,0.12,"$6,081.00",5.72,Miami,French,200,1453,4,Tech Enthusiasts,2021-04-16
163995,TechCorp,Display,Men 25-34,30 days,YouTube,0.12,"$6,627.00",3.52,Los Angeles,German,786,4837,8,Health & Wellness,2021-04-20
164016,TechCorp,Display,Women 35-44,45 days,Google Ads,0.13,"$7,568.00",5.3,Miami,German,851,6493,9,Health & Wellness,2021-05-11
164026,NexGen Systems,Search,All Ages,45 days,Google Ads,0.06,"$9,184.00",5.02,Chicago,French,449,1867,10,Foodies,2021-05-21
164047,Alpha Innovations,Display,Women 35-44,15 days,Email,0.14,"$18,251.00",6.32,Chicago,Mandarin,681,1072,2,Outdoor Adventurers,2021-06-11
164180,TechCorp,Influencer,All Ages,15 days,YouTube,0.1,"$6,076.00",3.7,Los Angeles,German,519,5606,1,Outdoor Adventurers,2021-10-22
164230,DataTech Solutions,Influencer,Women 25-34,60 days,Instagram,0.12,"$14,057.00",7.14,New York,German,868,7693,9,Fashionistas,2021-12-11
164270,DataTech Solutions,Influencer,Men 18-24,30 days,YouTube,0.09,"$16,681.00",7.02,Miami,German,635,6034,7,Fashionistas,2021-01-20
164274,NexGen Systems,Email,All Ages,45 days,Instagram,0.14,"$12,218.00",4.15,Miami,Mandarin,443,6968,9,Outdoor Adventurers,2021-01-24
164284,DataTech Solutions,Display,Women 25-34,15 days,Email,0.02,"$10,490.00",3.78,Houston,English,837,6814,9,Health & Wellness,2021-02-03
164289,DataTech Solutions,Influencer,Men 25-34,45 days,Instagram,0.04,"$16,099.00",4.62,Los Angeles,English,908,9598,2,Outdoor Adventurers,2021-02-08
164326,Innovate Industries,Social Media,All Ages,45 days,Website,0.1,"$12,449.00",2.95,New York,Mandarin,586,8603,2,Fashionistas,2021-03-17
164350,Alpha Innovations,Influencer,All Ages,15 days,Website,0.04,"$7,651.00",4.95,Houston,English,559,4991,4,Foodies,2021-04-10
164488,Innovate Industries,Social Media,Women 35-44,15 days,Facebook,0.01,"$13,643.00",6.2,Chicago,Mandarin,943,6588,2,Tech Enthusiasts,2021-08-26
164541,NexGen Systems,Influencer,Women 35-44,60 days,Google Ads,0.15,"$17,847.00",6.43,Miami,Spanish,517,7505,9,Fashionistas,2021-10-18
164577,Alpha Innovations,Email,All Ages,45 days,Email,0.12,"$6,642.00",3.86,Chicago,English,639,1631,6,Outdoor Adventurers,2021-11-23
164590,TechCorp,Display,Women 25-34,30 days,YouTube,0.13,"$9,006.00",4.72,New York,Mandarin,803,9532,10,Health & Wellness,2021-12-06
164685,DataTech Solutions,Search,Men 18-24,30 days,Website,0.07,"$11,818.00",5.75,Los Angeles,German,991,4066,1,Health & Wellness,2021-03-11
164692,TechCorp,Social Media,All Ages,15 days,YouTube,0.09,"$9,164.00",5.32,Houston,Spanish,141,7645,2,Foodies,2021-03-18
164707,DataTech Solutions,Influencer,Women 25-34,15 days,Google Ads,0.04,"$6,667.00",7.5,Los Angeles,Mandarin,907,7797,5,Health & Wellness,2021-04-02
164775,DataTech Solutions,Display,Women 35-44,30 days,YouTube,0.11,"$8,953.00",6.19,New York,English,592,8384,1,Outdoor Adventurers,2021-06-09
164777,Alpha Innovations,Social Media,Women 25-34,45 days,Email,0.12,"$9,210.00",3.81,Houston,French,730,9785,4,Fashionistas,2021-06-11
164825,TechCorp,Email,Women 35-44,60 days,Instagram,0.02,"$9,278.00",7.73,Los Angeles,French,219,7159,1,Tech Enthusiasts,2021-07-29
164852,NexGen Systems,Email,Men 25-34,15 days,Instagram,0.04,"$11,075.00",6.96,Chicago,English,646,5605,5,Foodies,2021-08-25
164905,Innovate Industries,Display,Women 25-34,60 days,Instagram,0.01,"$17,321.00",5.17,Chicago,Spanish,803,4811,7,Outdoor Adventurers,2021-10-17
164943,Alpha Innovations,Email,Women 25-34,15 days,Google Ads,0.14,"$15,885.00",7.09,Houston,English,655,1210,10,Health & Wellness,2021-11-24
164959,NexGen Systems,Social Media,Women 35-44,60 days,Instagram,0.03,"$12,739.00",5.92,Chicago,Mandarin,961,2754,6,Foodies,2021-12-10
164965,TechCorp,Search,All Ages,30 days,Facebook,0.05,"$17,033.00",6.47,Houston,Mandarin,104,6604,9,Tech Enthusiasts,2021-12-16
164996,Innovate Industries,Social Media,Women 25-34,45 days,Google Ads,0.07,"$10,901.00",5.36,Los Angeles,Spanish,701,7588,7,Fashionistas,2021-01-16
165017,NexGen Systems,Influencer,Women 35-44,15 days,YouTube,0.15,"$10,843.00",3.68,Miami,French,622,6716,7,Outdoor Adventurers,2021-02-06
165060,DataTech Solutions,Display,Women 35-44,15 days,Email,0.1,"$17,993.00",4.66,Miami,French,166,9803,10,Outdoor Adventurers,2021-03-21
165119,Innovate Industries,Influencer,All Ages,60 days,Google Ads,0.1,"$10,466.00",7.21,Houston,German,585,4722,6,Health & Wellness,2021-05-19
165120,Innovate Industries,Email,Men 25-34,30 days,Website,0.08,"$10,870.00",4.69,Chicago,English,273,2473,1,Tech Enthusiasts,2021-05-20
165149,Innovate Industries,Display,Women 25-34,15 days,Google Ads,0.05,"$5,235.00",7.9,Chicago,English,174,9035,2,Foodies,2021-06-18
165161,DataTech Solutions,Social Media,Women 25-34,15 days,Google Ads,0.01,"$18,511.00",2.87,New York,German,645,5318,10,Health & Wellness,2021-06-30
165177,NexGen Systems,Search,Men 25-34,30 days,Instagram,0.04,"$11,924.00",6.22,Houston,Mandarin,995,1439,3,Health & Wellness,2021-07-16
165208,TechCorp,Influencer,All Ages,30 days,Instagram,0.05,"$7,071.00",4.13,Chicago,English,994,9968,7,Tech Enthusiasts,2021-08-16
165226,DataTech Solutions,Social Media,Women 35-44,30 days,YouTube,0.12,"$16,642.00",4.0,Los Angeles,French,772,8742,1,Outdoor Adventurers,2021-09-03
165254,Innovate Industries,Social Media,All Ages,45 days,Website,0.1,"$15,960.00",4.88,Chicago,German,690,5409,7,Foodies,2021-10-01
165258,NexGen Systems,Display,All Ages,15 days,Website,0.15,"$9,119.00",4.75,Miami,English,918,9655,10,Foodies,2021-10-05
165327,TechCorp,Search,All Ages,30 days,Instagram,0.05,"$16,941.00",5.91,Chicago,Mandarin,877,3093,5,Tech Enthusiasts,2021-12-13
165339,Innovate Industries,Search,Women 35-44,15 days,Website,0.14,"$15,702.00",3.05,Miami,English,793,1005,1,Health & Wellness,2021-12-25
165401,DataTech Solutions,Email,Men 25-34,45 days,Email,0.12,"$7,226.00",7.51,Los Angeles,Mandarin,357,5059,10,Tech Enthusiasts,2021-02-25
165430,TechCorp,Email,All Ages,15 days,Facebook,0.13,"$15,728.00",3.8,Miami,English,824,8824,5,Foodies,2021-03-26
165491,TechCorp,Social Media,Men 18-24,60 days,Website,0.09,"$7,034.00",6.23,Houston,Mandarin,155,4872,3,Health & Wellness,2021-05-26
165500,Alpha Innovations,Search,All Ages,15 days,Google Ads,0.05,"$13,852.00",3.32,Houston,Spanish,484,3760,5,Outdoor Adventurers,2021-06-04
165546,TechCorp,Display,All Ages,15 days,YouTube,0.02,"$6,831.00",6.03,Miami,Mandarin,220,8415,4,Health & Wellness,2021-07-20
165563,NexGen Systems,Search,Women 35-44,60 days,Google Ads,0.05,"$16,246.00",4.54,Chicago,Spanish,313,7347,9,Outdoor Adventurers,2021-08-06
165581,NexGen Systems,Influencer,All Ages,45 days,YouTube,0.11,"$16,719.00",7.75,Miami,German,923,2083,4,Foodies,2021-08-24
165605,Alpha Innovations,Display,Women 25-34,30 days,Instagram,0.12,"$11,965.00",3.17,Miami,Spanish,634,9869,3,Foodies,2021-09-17
165607,TechCorp,Search,Women 25-34,60 days,Instagram,0.06,"$8,729.00",4.03,Chicago,English,918,6738,9,Foodies,2021-09-19
165658,NexGen Systems,Social Media,Men 18-24,30 days,Google Ads,0.1,"$15,070.00",2.42,Miami,French,152,2306,4,Health & Wellness,2021-11-09
165661,DataTech Solutions,Influencer,Women 35-44,15 days,YouTube,0.02,"$5,120.00",6.24,Houston,English,415,3557,9,Outdoor Adventurers,2021-11-12
165746,TechCorp,Display,All Ages,15 days,Website,0.02,"$14,610.00",6.87,Miami,German,855,8476,9,Health & Wellness,2021-02-05
165857,NexGen Systems,Social Media,Women 35-44,45 days,YouTube,0.06,"$5,197.00",7.79,New York,German,661,9669,1,Health & Wellness,2021-05-27
165922,DataTech Solutions,Search,Women 25-34,60 days,YouTube,0.09,"$12,876.00",6.58,New York,Mandarin,948,9969,5,Health & Wellness,2021-07-31
165960,DataTech Solutions,Display,Women 35-44,60 days,Email,0.06,"$10,744.00",5.54,Houston,French,272,9624,3,Foodies,2021-09-07
166032,DataTech Solutions,Influencer,All Ages,60 days,Email,0.1,"$11,600.00",3.03,New York,French,317,6081,6,Fashionistas,2021-11-18
166037,DataTech Solutions,Influencer,Men 25-34,60 days,Website,0.11,"$16,331.00",4.97,Los Angeles,English,965,8560,6,Foodies,2021-11-23
166038,NexGen Systems,Display,Women 35-44,45 days,Google Ads,0.11,"$19,980.00",7.84,New York,German,978,9750,2,Tech Enthusiasts,2021-11-24
166159,Alpha Innovations,Influencer,All Ages,60 days,Website,0.12,"$8,469.00",2.04,New York,Spanish,972,6513,10,Outdoor Adventurers,2021-03-25
166172,DataTech Solutions,Search,All Ages,15 days,Email,0.15,"$12,087.00",2.91,Los Angeles,German,895,7370,7,Foodies,2021-04-07
166187,Alpha Innovations,Influencer,Men 18-24,30 days,Google Ads,0.07,"$18,488.00",6.84,Chicago,German,992,3950,2,Outdoor Adventurers,2021-04-22
166203,DataTech Solutions,Display,Women 25-34,30 days,YouTube,0.11,"$9,254.00",4.26,Los Angeles,English,353,5085,5,Fashionistas,2021-05-08
166226,NexGen Systems,Search,All Ages,60 days,Google Ads,0.08,"$9,820.00",4.58,Los Angeles,French,266,3835,2,Tech Enthusiasts,2021-05-31
166247,DataTech Solutions,Search,Women 35-44,30 days,YouTube,0.08,"$17,095.00",5.9,Los Angeles,French,469,5329,10,Tech Enthusiasts,2021-06-21
166254,TechCorp,Email,Men 18-24,45 days,Google Ads,0.03,"$13,497.00",2.94,Miami,Spanish,336,7709,4,Outdoor Adventurers,2021-06-28
166292,NexGen Systems,Social Media,Men 18-24,45 days,YouTube,0.09,"$16,943.00",2.04,New York,Spanish,601,6775,1,Tech Enthusiasts,2021-08-05
166314,Alpha Innovations,Email,Women 25-34,45 days,Instagram,0.11,"$15,670.00",6.98,Miami,English,370,6690,10,Foodies,2021-08-27
166324,Alpha Innovations,Display,All Ages,45 days,Instagram,0.13,"$8,637.00",4.27,Los Angeles,Mandarin,375,1976,6,Health & Wellness,2021-09-06
166357,NexGen Systems,Display,Women 25-34,30 days,YouTube,0.04,"$9,609.00",7.97,Chicago,French,859,2213,10,Fashionistas,2021-10-09
166373,Innovate Industries,Social Media,Women 25-34,30 days,Email,0.13,"$19,401.00",6.06,Miami,German,206,8739,1,Outdoor Adventurers,2021-10-25
166385,Innovate Industries,Search,Women 35-44,30 days,Email,0.15,"$15,482.00",3.84,Houston,French,558,9683,4,Tech Enthusiasts,2021-11-06
166390,DataTech Solutions,Search,Women 35-44,60 days,Instagram,0.08,"$6,651.00",3.2,Miami,Mandarin,798,8809,10,Outdoor Adventurers,2021-11-11
166468,DataTech Solutions,Social Media,All Ages,15 days,YouTube,0.08,"$9,589.00",5.62,New York,Mandarin,555,1685,4,Tech Enthusiasts,2021-01-28
166493,DataTech Solutions,Social Media,All Ages,60 days,Instagram,0.11,"$12,686.00",7.71,New York,French,716,5719,3,Health & Wellness,2021-02-22
166496,Innovate Industries,Social Media,Women 25-34,45 days,Google Ads,0.07,"$16,088.00",3.56,Los Angeles,English,407,7528,2,Foodies,2021-02-25
166512,TechCorp,Influencer,Men 25-34,45 days,Instagram,0.06,"$7,899.00",2.62,Miami,Mandarin,469,1972,3,Fashionistas,2021-03-13
166525,TechCorp,Influencer,Men 25-34,15 days,Facebook,0.13,"$18,856.00",4.28,Chicago,French,613,6110,4,Fashionistas,2021-03-26
166535,Innovate Industries,Influencer,Women 25-34,45 days,Email,0.05,"$11,590.00",2.97,Chicago,Spanish,317,6295,8,Outdoor Adventurers,2021-04-05
166583,NexGen Systems,Social Media,Women 35-44,15 days,YouTube,0.02,"$7,836.00",5.08,New York,Spanish,496,8204,2,Fashionistas,2021-05-23
166645,DataTech Solutions,Email,Men 25-34,45 days,YouTube,0.11,"$13,075.00",3.77,New York,German,883,9812,4,Outdoor Adventurers,2021-07-24
166713,Innovate Industries,Email,All Ages,15 days,Facebook,0.11,"$10,966.00",6.28,Chicago,French,583,2168,5,Health & Wellness,2021-09-30
166715,TechCorp,Search,Women 25-34,45 days,YouTube,0.03,"$15,089.00",5.78,New York,Mandarin,282,1078,4,Outdoor Adventurers,2021-10-02
166758,DataTech Solutions,Display,All Ages,30 days,Email,0.13,"$5,528.00",6.97,Chicago,French,222,2986,5,Foodies,2021-11-14
166771,Innovate Industries,Email,Men 25-34,60 days,Email,0.02,"$19,930.00",5.94,Miami,Mandarin,843,7639,5,Outdoor Adventurers,2021-11-27
166788,Innovate Industries,Search,Women 25-34,60 days,Instagram,0.07,"$5,721.00",6.06,Chicago,German,417,6516,7,Outdoor Adventurers,2021-12-14
166881,Alpha Innovations,Email,Men 25-34,45 days,Email,0.06,"$14,085.00",6.19,Houston,French,483,5980,10,Fashionistas,2021-03-17
166907,Alpha Innovations,Display,Men 18-24,15 days,Website,0.04,"$10,744.00",4.11,New York,Spanish,563,8732,6,Outdoor Adventurers,2021-04-12
166908,Innovate Industries,Social Media,Women 25-34,30 days,Website,0.03,"$9,416.00",5.05,Chicago,Mandarin,996,8585,6,Outdoor Adventurers,2021-04-13
166976,Alpha Innovations,Email,Men 25-34,30 days,Facebook,0.02,"$8,811.00",2.44,Chicago,Spanish,126,5218,4,Outdoor Adventurers,2021-06-20
167001,Alpha Innovations,Email,All Ages,60 days,Facebook,0.15,"$15,555.00",4.48,Los Angeles,Mandarin,868,6622,1,Fashionistas,2021-07-15
167010,Innovate Industries,Search,Men 18-24,15 days,Facebook,0.1,"$15,286.00",4.84,Houston,English,753,2076,10,Tech Enthusiasts,2021-07-24
167030,Alpha Innovations,Email,Men 18-24,30 days,Instagram,0.06,"$9,793.00",7.02,Chicago,English,938,9950,9,Fashionistas,2021-08-13
167050,Alpha Innovations,Search,Men 25-34,30 days,YouTube,0.07,"$19,069.00",2.87,Houston,German,961,4143,1,Foodies,2021-09-02
167137,TechCorp,Display,Men 25-34,45 days,Facebook,0.12,"$7,600.00",4.89,Houston,German,424,8672,9,Outdoor Adventurers,2021-11-28
167195,Innovate Industries,Display,Men 25-34,30 days,Google Ads,0.11,"$8,120.00",6.44,Houston,English,126,7301,6,Tech Enthusiasts,2021-01-25
167318,TechCorp,Social Media,Men 18-24,30 days,YouTube,0.14,"$18,078.00",7.19,New York,German,918,2439,8,Health & Wellness,2021-05-28
167364,TechCorp,Influencer,Women 25-34,60 days,Website,0.07,"$8,487.00",5.72,Miami,French,929,4512,5,Fashionistas,2021-07-13
167383,Alpha Innovations,Display,All Ages,30 days,Email,0.02,"$18,745.00",5.4,Los Angeles,French,128,3287,5,Fashionistas,2021-08-01
167482,Alpha Innovations,Email,Women 25-34,15 days,Google Ads,0.12,"$10,004.00",3.43,New York,English,591,3778,10,Tech Enthusiasts,2021-11-08
167503,Alpha Innovations,Display,Men 18-24,30 days,Email,0.08,"$7,904.00",6.36,Chicago,Mandarin,983,7076,1,Fashionistas,2021-11-29
167515,Alpha Innovations,Social Media,Men 25-34,45 days,YouTube,0.07,"$18,184.00",6.89,Chicago,French,155,5711,9,Fashionistas,2021-12-11
167564,DataTech Solutions,Display,Men 25-34,60 days,Instagram,0.15,"$19,134.00",5.5,Miami,English,653,8628,4,Fashionistas,2021-01-29
167581,TechCorp,Influencer,Men 18-24,45 days,Website,0.02,"$16,012.00",3.05,Los Angeles,French,237,1179,8,Foodies,2021-02-15
167650,NexGen Systems,Email,Men 18-24,30 days,Email,0.14,"$19,438.00",4.3,Miami,German,891,9565,10,Fashionistas,2021-04-25
167749,Innovate Industries,Email,Men 18-24,60 days,YouTube,0.15,"$16,336.00",4.7,Miami,German,529,4634,2,Fashionistas,2021-08-02
167757,Alpha Innovations,Influencer,All Ages,60 days,Email,0.11,"$13,931.00",4.97,Miami,English,746,1059,9,Fashionistas,2021-08-10
167765,TechCorp,Display,Men 25-34,15 days,Facebook,0.02,"$8,457.00",7.33,Miami,French,969,7404,10,Fashionistas,2021-08-18
167828,Alpha Innovations,Influencer,Men 25-34,15 days,Instagram,0.03,"$11,642.00",2.36,Chicago,French,438,4486,1,Tech Enthusiasts,2021-10-20
167840,Innovate Industries,Search,Men 25-34,30 days,Instagram,0.07,"$15,141.00",3.0,New York,English,203,2951,8,Health & Wellness,2021-11-01
167875,TechCorp,Display,Men 25-34,60 days,Google Ads,0.12,"$14,480.00",4.64,Chicago,French,594,1929,9,Fashionistas,2021-12-06
167916,DataTech Solutions,Display,Women 25-34,45 days,YouTube,0.08,"$5,237.00",6.25,Chicago,German,168,6645,3,Fashionistas,2021-01-16
167934,Alpha Innovations,Email,Men 25-34,45 days,Instagram,0.08,"$9,600.00",4.21,New York,English,749,3726,7,Tech Enthusiasts,2021-02-03
167946,DataTech Solutions,Influencer,Women 35-44,30 days,Website,0.02,"$16,091.00",7.0,Los Angeles,French,911,6012,8,Fashionistas,2021-02-15
168102,DataTech Solutions,Display,Men 18-24,45 days,Google Ads,0.01,"$7,377.00",2.29,Miami,French,232,9862,3,Fashionistas,2021-07-21
168156,NexGen Systems,Social Media,Women 35-44,45 days,Instagram,0.06,"$13,972.00",2.07,Chicago,Spanish,325,5399,2,Tech Enthusiasts,2021-09-13
168246,DataTech Solutions,Social Media,Men 18-24,15 days,Facebook,0.14,"$16,223.00",6.7,New York,French,184,8818,3,Foodies,2021-12-12
168259,Innovate Industries,Social Media,Men 25-34,30 days,Instagram,0.11,"$14,808.00",6.46,Houston,German,714,5973,6,Fashionistas,2021-12-25
168320,Alpha Innovations,Email,All Ages,60 days,Google Ads,0.04,"$12,918.00",5.63,Los Angeles,English,241,5271,4,Fashionistas,2021-02-24
168331,Innovate Industries,Email,Men 25-34,15 days,YouTube,0.11,"$7,966.00",3.66,Miami,Spanish,763,8766,2,Fashionistas,2021-03-07
168332,TechCorp,Social Media,Men 25-34,60 days,Google Ads,0.1,"$10,412.00",3.25,Houston,Spanish,833,2047,6,Foodies,2021-03-08
168381,DataTech Solutions,Social Media,Men 25-34,15 days,YouTube,0.03,"$19,237.00",6.62,Houston,Mandarin,106,5685,2,Fashionistas,2021-04-26
168413,Innovate Industries,Social Media,All Ages,15 days,Website,0.05,"$19,343.00",7.14,Los Angeles,Mandarin,780,1294,6,Outdoor Adventurers,2021-05-28
168476,TechCorp,Influencer,Women 35-44,45 days,Facebook,0.13,"$18,365.00",5.99,Los Angeles,French,874,5658,5,Tech Enthusiasts,2021-07-30
168490,NexGen Systems,Email,Women 25-34,45 days,Google Ads,0.02,"$15,342.00",2.35,Chicago,Spanish,391,7717,2,Fashionistas,2021-08-13
168648,NexGen Systems,Display,All Ages,60 days,YouTube,0.04,"$19,333.00",2.97,Los Angeles,German,909,9333,9,Tech Enthusiasts,2021-01-18
168696,NexGen Systems,Display,Women 25-34,60 days,Google Ads,0.04,"$6,075.00",6.96,Miami,Mandarin,279,4895,1,Health & Wellness,2021-03-07
168717,NexGen Systems,Email,Men 25-34,45 days,Instagram,0.14,"$10,309.00",2.21,Miami,Spanish,709,3800,1,Foodies,2021-03-28
168808,Innovate Industries,Social Media,All Ages,60 days,Website,0.13,"$15,964.00",6.12,Houston,French,626,4715,5,Fashionistas,2021-06-27
168813,DataTech Solutions,Display,All Ages,45 days,Website,0.04,"$18,952.00",7.64,Miami,Mandarin,501,8132,7,Tech Enthusiasts,2021-07-02
168859,DataTech Solutions,Influencer,All Ages,60 days,Google Ads,0.06,"$9,138.00",7.24,Houston,Mandarin,377,9653,3,Outdoor Adventurers,2021-08-17
168871,Innovate Industries,Display,Women 35-44,15 days,Instagram,0.11,"$17,881.00",6.88,New York,German,752,7330,8,Outdoor Adventurers,2021-08-29
168937,Innovate Industries,Search,Men 25-34,60 days,Email,0.04,"$6,428.00",2.97,New York,Mandarin,791,3869,7,Tech Enthusiasts,2021-11-03
168979,Alpha Innovations,Email,Men 25-34,60 days,YouTube,0.02,"$12,630.00",5.53,New York,German,309,2755,5,Tech Enthusiasts,2021-12-15
168983,NexGen Systems,Email,Women 35-44,30 days,Instagram,0.1,"$6,735.00",3.63,Houston,Spanish,945,2076,8,Health & Wellness,2021-12-19
169019,Innovate Industries,Influencer,Women 35-44,15 days,Email,0.04,"$18,523.00",3.87,Houston,Spanish,986,1032,6,Outdoor Adventurers,2021-01-24
169071,NexGen Systems,Search,Women 35-44,15 days,YouTube,0.04,"$19,358.00",5.53,Los Angeles,French,344,4261,5,Fashionistas,2021-03-17
169125,DataTech Solutions,Email,All Ages,45 days,Instagram,0.03,"$5,596.00",6.12,Miami,Mandarin,701,6395,8,Foodies,2021-05-10
169130,TechCorp,Display,Men 18-24,60 days,Google Ads,0.08,"$7,520.00",4.44,Houston,German,237,2707,6,Outdoor Adventurers,2021-05-15
169151,Alpha Innovations,Social Media,Women 25-34,60 days,Facebook,0.08,"$5,119.00",4.72,Miami,Spanish,246,6845,3,Foodies,2021-06-05
169285,TechCorp,Influencer,Men 25-34,30 days,Google Ads,0.1,"$12,157.00",2.87,New York,German,225,3364,1,Outdoor Adventurers,2021-10-17
169348,Innovate Industries,Display,Women 25-34,60 days,Email,0.02,"$8,127.00",5.46,Miami,German,641,3157,4,Foodies,2021-12-19
169467,Alpha Innovations,Influencer,All Ages,15 days,Google Ads,0.12,"$12,007.00",4.84,New York,Spanish,963,5105,1,Fashionistas,2021-04-17
169513,Innovate Industries,Social Media,Women 25-34,60 days,Email,0.05,"$6,093.00",5.65,Miami,German,409,5488,2,Fashionistas,2021-06-02
169526,Innovate Industries,Social Media,Women 25-34,45 days,Email,0.11,"$17,752.00",2.03,Houston,English,902,2441,2,Tech Enthusiasts,2021-06-15
169595,Alpha Innovations,Display,Men 25-34,15 days,Instagram,0.04,"$5,401.00",5.86,New York,English,852,7259,9,Tech Enthusiasts,2021-08-23
169663,DataTech Solutions,Email,Women 35-44,15 days,Instagram,0.1,"$10,379.00",6.07,New York,Mandarin,698,6950,5,Tech Enthusiasts,2021-10-30
169778,Innovate Industries,Search,Men 25-34,60 days,Website,0.09,"$12,477.00",3.17,Houston,German,403,9392,3,Foodies,2021-02-22
169836,TechCorp,Search,Men 18-24,30 days,YouTube,0.11,"$9,152.00",4.05,Miami,French,224,6029,6,Foodies,2021-04-21
169879,DataTech Solutions,Email,Men 18-24,30 days,Email,0.05,"$17,793.00",3.93,Houston,French,443,8257,2,Fashionistas,2021-06-03
169930,Alpha Innovations,Social Media,All Ages,45 days,Email,0.07,"$15,881.00",5.43,Houston,English,173,6922,5,Fashionistas,2021-07-24
169936,DataTech Solutions,Search,Women 35-44,60 days,Email,0.13,"$10,777.00",4.32,New York,Spanish,577,2685,1,Outdoor Adventurers,2021-07-30
169939,DataTech Solutions,Email,Women 25-34,30 days,Instagram,0.11,"$16,314.00",5.99,Houston,English,930,1920,8,Foodies,2021-08-02
169941,DataTech Solutions,Display,Men 25-34,15 days,Google Ads,0.02,"$12,539.00",2.46,Los Angeles,French,648,6805,9,Fashionistas,2021-08-04
169962,NexGen Systems,Search,Women 25-34,30 days,Website,0.13,"$5,403.00",7.76,Miami,German,708,6315,5,Foodies,2021-08-25
170073,Alpha Innovations,Influencer,Women 25-34,15 days,Website,0.14,"$6,561.00",4.95,Miami,Mandarin,987,9273,10,Health & Wellness,2021-12-14
170100,TechCorp,Social Media,Women 25-34,45 days,Google Ads,0.02,"$5,797.00",6.75,Los Angeles,French,547,4016,7,Foodies,2021-01-10
170109,TechCorp,Search,Men 25-34,30 days,Website,0.14,"$13,000.00",7.69,Chicago,German,718,9410,1,Health & Wellness,2021-01-19
170122,DataTech Solutions,Social Media,Men 25-34,30 days,Instagram,0.13,"$15,182.00",4.71,Los Angeles,Mandarin,198,8594,2,Health & Wellness,2021-02-01
170240,Innovate Industries,Influencer,Men 18-24,30 days,Instagram,0.09,"$18,889.00",4.46,Miami,English,280,3601,4,Health & Wellness,2021-05-30
170243,Alpha Innovations,Social Media,Women 35-44,30 days,Google Ads,0.12,"$16,867.00",2.89,New York,French,441,8934,4,Tech Enthusiasts,2021-06-02
170248,TechCorp,Social Media,Women 35-44,15 days,Facebook,0.12,"$9,645.00",5.32,Los Angeles,French,485,2607,8,Outdoor Adventurers,2021-06-07
170268,Alpha Innovations,Email,Women 35-44,30 days,Instagram,0.15,"$14,262.00",4.12,New York,German,996,9746,6,Foodies,2021-06-27
170271,Alpha Innovations,Influencer,Women 35-44,30 days,YouTube,0.05,"$17,706.00",7.07,Miami,German,361,6382,4,Outdoor Adventurers,2021-06-30
170290,NexGen Systems,Email,Women 35-44,45 days,Google Ads,0.06,"$8,564.00",6.87,Houston,French,750,5739,8,Tech Enthusiasts,2021-07-19
170347,NexGen Systems,Email,Women 25-34,60 days,Instagram,0.11,"$5,422.00",4.29,Los Angeles,German,500,4803,9,Tech Enthusiasts,2021-09-14
170369,NexGen Systems,Display,Men 25-34,60 days,Email,0.1,"$18,089.00",6.37,New York,Spanish,496,9778,5,Tech Enthusiasts,2021-10-06
170386,Innovate Industries,Social Media,Men 18-24,30 days,Email,0.02,"$10,373.00",2.62,Los Angeles,Mandarin,579,4358,7,Tech Enthusiasts,2021-10-23
170400,Innovate Industries,Display,Men 18-24,45 days,Website,0.11,"$17,915.00",2.52,New York,Mandarin,502,3682,1,Foodies,2021-11-06
170409,NexGen Systems,Influencer,Women 25-34,45 days,Instagram,0.12,"$8,919.00",2.79,Houston,Mandarin,988,2360,5,Fashionistas,2021-11-15
170444,Alpha Innovations,Search,All Ages,60 days,Email,0.01,"$11,161.00",6.74,Chicago,French,129,9813,6,Tech Enthusiasts,2021-12-20
170483,DataTech Solutions,Email,Men 25-34,15 days,Facebook,0.1,"$13,980.00",5.58,Los Angeles,English,539,3625,2,Fashionistas,2021-01-28
170528,TechCorp,Influencer,Women 25-34,15 days,YouTube,0.06,"$13,169.00",3.83,New York,English,443,7715,4,Fashionistas,2021-03-14
170548,Alpha Innovations,Email,Women 35-44,15 days,Email,0.14,"$10,971.00",6.01,Houston,English,436,7979,5,Health & Wellness,2021-04-03
170587,DataTech Solutions,Email,Men 18-24,15 days,Google Ads,0.08,"$15,644.00",6.71,Los Angeles,French,452,1402,8,Tech Enthusiasts,2021-05-12
170637,Alpha Innovations,Search,Men 18-24,45 days,Google Ads,0.02,"$6,119.00",6.63,New York,German,589,1151,5,Health & Wellness,2021-07-01
170689,Innovate Industries,Display,All Ages,15 days,Instagram,0.05,"$8,800.00",7.35,Chicago,French,319,8655,2,Health & Wellness,2021-08-22
170695,DataTech Solutions,Search,Women 25-34,30 days,Facebook,0.14,"$8,468.00",2.12,Houston,Mandarin,593,8205,8,Outdoor Adventurers,2021-08-28
170742,Alpha Innovations,Display,Women 25-34,15 days,Facebook,0.03,"$16,505.00",2.99,Los Angeles,Mandarin,779,8439,9,Fashionistas,2021-10-14
170813,TechCorp,Search,All Ages,45 days,Facebook,0.06,"$16,124.00",4.12,Houston,Spanish,150,2314,9,Outdoor Adventurers,2021-12-24
170824,Innovate Industries,Display,Men 18-24,45 days,Facebook,0.09,"$8,432.00",5.37,Chicago,French,833,7500,2,Tech Enthusiasts,2021-01-04
170983,NexGen Systems,Influencer,Women 25-34,30 days,Email,0.12,"$7,421.00",4.48,Chicago,German,858,5627,2,Fashionistas,2021-06-12
170984,Innovate Industries,Social Media,Men 25-34,45 days,Website,0.05,"$14,966.00",7.72,Los Angeles,Spanish,726,2325,7,Health & Wellness,2021-06-13
170994,NexGen Systems,Email,All Ages,15 days,Facebook,0.09,"$7,711.00",3.37,Los Angeles,Mandarin,355,8040,7,Fashionistas,2021-06-23
171032,Alpha Innovations,Influencer,Men 25-34,30 days,Facebook,0.12,"$15,881.00",5.75,Chicago,Mandarin,381,2064,5,Foodies,2021-07-31
171058,Innovate Industries,Search,Women 25-34,15 days,YouTube,0.01,"$5,763.00",7.59,Chicago,Mandarin,722,7503,2,Foodies,2021-08-26
171063,DataTech Solutions,Email,Men 18-24,45 days,Facebook,0.06,"$14,415.00",7.47,Chicago,Spanish,118,4843,8,Tech Enthusiasts,2021-08-31
171074,Innovate Industries,Email,Men 18-24,45 days,YouTube,0.09,"$8,561.00",7.16,Miami,Spanish,169,7095,8,Outdoor Adventurers,2021-09-11
171084,TechCorp,Email,Men 25-34,45 days,Email,0.06,"$13,889.00",4.31,Houston,English,179,2259,8,Health & Wellness,2021-09-21
171090,Innovate Industries,Display,Women 25-34,60 days,YouTube,0.05,"$12,721.00",3.76,Los Angeles,German,625,2955,8,Fashionistas,2021-09-27
171114,Alpha Innovations,Influencer,All Ages,15 days,Google Ads,0.09,"$16,652.00",2.57,Miami,Mandarin,690,5218,6,Foodies,2021-10-21
171147,TechCorp,Display,All Ages,30 days,Google Ads,0.1,"$10,613.00",7.94,New York,English,406,7454,7,Tech Enthusiasts,2021-11-23
171163,TechCorp,Email,All Ages,60 days,Website,0.11,"$17,032.00",6.88,Chicago,French,861,9035,8,Tech Enthusiasts,2021-12-09
171164,NexGen Systems,Display,Men 25-34,60 days,Email,0.03,"$7,523.00",3.1,New York,French,986,7414,1,Outdoor Adventurers,2021-12-10
171196,DataTech Solutions,Email,Women 25-34,60 days,Google Ads,0.07,"$14,325.00",7.47,Los Angeles,Mandarin,220,5702,5,Fashionistas,2021-01-11
171205,DataTech Solutions,Search,All Ages,15 days,YouTube,0.02,"$7,282.00",5.48,Chicago,Mandarin,919,9734,8,Tech Enthusiasts,2021-01-20
171252,NexGen Systems,Influencer,All Ages,60 days,Email,0.05,"$8,213.00",4.65,Chicago,French,731,4886,3,Outdoor Adventurers,2021-03-08
171311,Alpha Innovations,Display,Women 25-34,15 days,Instagram,0.13,"$10,262.00",6.01,Houston,English,300,6590,10,Fashionistas,2021-05-06
171365,NexGen Systems,Email,Men 25-34,60 days,Facebook,0.02,"$19,761.00",4.1,New York,Spanish,337,1450,7,Fashionistas,2021-06-29
171403,TechCorp,Influencer,Women 35-44,15 days,Google Ads,0.12,"$6,853.00",3.83,Miami,Spanish,109,4575,4,Tech Enthusiasts,2021-08-06
171446,Alpha Innovations,Social Media,Women 35-44,30 days,Website,0.08,"$15,435.00",6.02,New York,German,360,3097,2,Fashionistas,2021-09-18
171466,Innovate Industries,Search,Women 35-44,15 days,Email,0.12,"$5,862.00",6.47,Houston,French,876,6177,10,Tech Enthusiasts,2021-10-08
171526,Innovate Industries,Display,Women 35-44,15 days,Instagram,0.03,"$12,300.00",2.03,New York,German,280,2802,4,Health & Wellness,2021-12-07
171547,DataTech Solutions,Influencer,Men 25-34,30 days,Facebook,0.11,"$9,534.00",2.38,Miami,German,110,2037,4,Outdoor Adventurers,2021-12-28
171589,Innovate Industries,Search,Women 35-44,45 days,Instagram,0.05,"$5,184.00",2.74,Houston,Spanish,449,1293,10,Health & Wellness,2021-02-08
171634,Innovate Industries,Social Media,Men 25-34,15 days,Email,0.07,"$6,618.00",5.66,New York,French,493,4906,8,Foodies,2021-03-25
171635,Alpha Innovations,Influencer,Men 25-34,45 days,Instagram,0.1,"$16,116.00",2.65,Houston,Mandarin,299,8258,8,Tech Enthusiasts,2021-03-26
171679,Innovate Industries,Social Media,All Ages,15 days,YouTube,0.01,"$14,526.00",6.66,Chicago,Spanish,429,7998,4,Health & Wellness,2021-05-09
171753,NexGen Systems,Search,Women 25-34,30 days,Instagram,0.15,"$16,685.00",6.24,Miami,French,358,5112,7,Foodies,2021-07-22
171771,DataTech Solutions,Search,Women 25-34,30 days,Website,0.1,"$18,851.00",5.61,Miami,German,650,7719,1,Foodies,2021-08-09
171792,Innovate Industries,Search,Men 18-24,45 days,Facebook,0.03,"$11,145.00",7.96,Houston,Spanish,177,6524,3,Fashionistas,2021-08-30
171847,Alpha Innovations,Display,Men 25-34,60 days,YouTube,0.04,"$16,216.00",5.2,Houston,English,550,2930,4,Foodies,2021-10-24
171859,Innovate Industries,Influencer,All Ages,15 days,YouTube,0.08,"$9,101.00",7.5,Miami,French,460,6699,2,Health & Wellness,2021-11-05
171860,DataTech Solutions,Email,Women 25-34,45 days,Instagram,0.04,"$12,826.00",2.25,Miami,English,510,5892,2,Fashionistas,2021-11-06
171866,Innovate Industries,Search,Men 18-24,30 days,Email,0.08,"$15,822.00",5.68,Chicago,French,612,5422,2,Tech Enthusiasts,2021-11-12
171879,Innovate Industries,Influencer,All Ages,30 days,Email,0.13,"$15,064.00",4.78,Chicago,Mandarin,828,8120,4,Foodies,2021-11-25
171910,TechCorp,Email,Women 35-44,60 days,Google Ads,0.04,"$14,110.00",2.74,Los Angeles,German,170,4192,5,Fashionistas,2021-12-26
171914,TechCorp,Display,Women 35-44,60 days,Instagram,0.06,"$10,389.00",4.68,Miami,French,375,8217,3,Tech Enthusiasts,2021-12-30
171925,Innovate Industries,Search,Men 18-24,45 days,Email,0.1,"$15,554.00",4.71,New York,English,186,6432,7,Tech Enthusiasts,2021-01-10
172058,Alpha Innovations,Display,Men 25-34,15 days,Instagram,0.07,"$15,960.00",6.79,Los Angeles,English,461,5624,7,Fashionistas,2021-05-23
172064,TechCorp,Email,All Ages,15 days,YouTube,0.07,"$9,148.00",7.55,Miami,French,880,7310,1,Health & Wellness,2021-05-29
172065,Alpha Innovations,Email,All Ages,30 days,Email,0.12,"$12,547.00",2.83,Miami,English,998,1996,2,Tech Enthusiasts,2021-05-30
172100,DataTech Solutions,Influencer,Women 25-34,30 days,YouTube,0.15,"$10,312.00",2.03,New York,German,731,2539,2,Foodies,2021-07-04
172118,NexGen Systems,Social Media,Men 18-24,60 days,Facebook,0.13,"$12,674.00",2.38,Chicago,Mandarin,627,8759,9,Tech Enthusiasts,2021-07-22
172162,TechCorp,Influencer,Men 25-34,45 days,Google Ads,0.12,"$18,368.00",7.32,Miami,Spanish,672,2507,2,Tech Enthusiasts,2021-09-04
172195,Alpha Innovations,Display,Men 18-24,30 days,Instagram,0.09,"$7,100.00",2.7,Houston,German,924,3515,7,Outdoor Adventurers,2021-10-07
172247,DataTech Solutions,Display,Women 35-44,30 days,Email,0.11,"$7,841.00",7.93,Houston,German,782,3917,2,Fashionistas,2021-11-28
172254,Alpha Innovations,Email,Women 35-44,45 days,Google Ads,0.13,"$12,160.00",7.52,Houston,Mandarin,666,6152,10,Outdoor Adventurers,2021-12-05
172260,Alpha Innovations,Display,Women 25-34,30 days,Website,0.08,"$14,331.00",2.85,Chicago,French,631,4407,7,Tech Enthusiasts,2021-12-11
172295,TechCorp,Social Media,All Ages,15 days,YouTube,0.1,"$11,378.00",6.12,Miami,English,126,3650,1,Outdoor Adventurers,2021-01-15
172423,Alpha Innovations,Email,All Ages,30 days,Email,0.04,"$9,939.00",3.22,Miami,French,924,1899,6,Foodies,2021-05-23
172444,DataTech Solutions,Display,Men 25-34,60 days,YouTube,0.08,"$6,309.00",3.32,Miami,Mandarin,697,7033,6,Health & Wellness,2021-06-13
172515,TechCorp,Influencer,Women 35-44,60 days,YouTube,0.02,"$19,274.00",6.87,Chicago,Mandarin,583,5503,8,Outdoor Adventurers,2021-08-23
172535,TechCorp,Search,Women 35-44,60 days,YouTube,0.01,"$17,451.00",3.29,New York,French,746,9888,8,Foodies,2021-09-12
172544,NexGen Systems,Email,All Ages,45 days,YouTube,0.1,"$13,468.00",2.72,New York,Mandarin,767,5378,8,Tech Enthusiasts,2021-09-21
172609,Alpha Innovations,Email,Women 25-34,60 days,Instagram,0.14,"$9,808.00",5.69,Miami,Mandarin,340,1789,3,Fashionistas,2021-11-25
172611,DataTech Solutions,Influencer,Women 25-34,15 days,YouTube,0.03,"$11,950.00",6.85,New York,English,828,6390,3,Foodies,2021-11-27
172658,Innovate Industries,Social Media,Women 35-44,15 days,Facebook,0.13,"$11,116.00",6.62,Los Angeles,English,660,6309,9,Outdoor Adventurers,2021-01-13
172681,TechCorp,Influencer,Women 35-44,15 days,Instagram,0.05,"$10,853.00",6.73,Los Angeles,German,144,2110,5,Outdoor Adventurers,2021-02-05
172703,TechCorp,Email,Women 35-44,30 days,Email,0.11,"$9,981.00",7.18,Chicago,Mandarin,222,1603,2,Tech Enthusiasts,2021-02-27
172786,Alpha Innovations,Influencer,Women 25-34,30 days,YouTube,0.03,"$5,808.00",3.66,New York,Mandarin,406,6407,5,Fashionistas,2021-05-21
172813,TechCorp,Influencer,Women 35-44,30 days,Website,0.02,"$17,291.00",2.69,Miami,Spanish,370,9739,8,Fashionistas,2021-06-17
172831,Alpha Innovations,Social Media,Men 18-24,45 days,Website,0.08,"$10,116.00",2.56,Houston,English,620,5335,7,Outdoor Adventurers,2021-07-05
172854,Innovate Industries,Influencer,Women 35-44,30 days,Website,0.05,"$19,275.00",7.23,Chicago,Mandarin,398,3132,5,Fashionistas,2021-07-28
172958,DataTech Solutions,Display,Women 25-34,60 days,Website,0.11,"$11,726.00",4.23,Houston,Mandarin,604,5700,2,Health & Wellness,2021-11-09
172969,NexGen Systems,Search,Women 25-34,15 days,Email,0.14,"$15,475.00",3.14,New York,Mandarin,127,2002,9,Health & Wellness,2021-11-20
172988,NexGen Systems,Email,All Ages,45 days,Website,0.09,"$6,650.00",7.01,Los Angeles,Mandarin,379,9326,6,Foodies,2021-12-09
173058,NexGen Systems,Display,All Ages,30 days,Google Ads,0.01,"$15,054.00",2.49,Houston,German,777,8018,7,Outdoor Adventurers,2021-02-17
173141,NexGen Systems,Display,Women 25-34,15 days,Instagram,0.02,"$10,874.00",4.56,New York,Mandarin,857,5932,9,Outdoor Adventurers,2021-05-11
173146,Innovate Industries,Email,Women 25-34,30 days,Google Ads,0.02,"$5,873.00",7.48,Houston,English,237,7025,7,Tech Enthusiasts,2021-05-16
173271,TechCorp,Influencer,Women 35-44,60 days,Instagram,0.02,"$10,423.00",4.06,Chicago,German,586,9156,7,Fashionistas,2021-09-18
173274,TechCorp,Display,Women 25-34,60 days,Website,0.12,"$11,210.00",2.08,Houston,French,147,6560,8,Health & Wellness,2021-09-21
173277,Innovate Industries,Search,All Ages,45 days,Website,0.12,"$17,707.00",3.87,Miami,French,141,8009,2,Tech Enthusiasts,2021-09-24
173309,DataTech Solutions,Email,Men 18-24,30 days,Facebook,0.05,"$14,621.00",7.9,Chicago,Mandarin,503,1460,3,Outdoor Adventurers,2021-10-26
173368,NexGen Systems,Search,Women 35-44,60 days,Google Ads,0.07,"$12,108.00",5.48,New York,German,360,5704,2,Outdoor Adventurers,2021-12-24
173553,DataTech Solutions,Display,Women 25-34,60 days,YouTube,0.08,"$19,455.00",4.56,Miami,English,645,1906,3,Outdoor Adventurers,2021-06-27
173561,NexGen Systems,Influencer,Women 25-34,45 days,Google Ads,0.01,"$14,704.00",7.47,Los Angeles,German,731,2879,1,Outdoor Adventurers,2021-07-05
173668,Innovate Industries,Search,Men 25-34,15 days,Facebook,0.04,"$14,701.00",6.47,New York,English,481,9392,10,Foodies,2021-10-20
173693,NexGen Systems,Search,Men 18-24,60 days,Facebook,0.06,"$14,983.00",5.17,Houston,German,145,4810,10,Health & Wellness,2021-11-14
173717,Innovate Industries,Search,Men 18-24,45 days,Instagram,0.04,"$16,570.00",3.09,Houston,French,262,4003,7,Tech Enthusiasts,2021-12-08
173753,DataTech Solutions,Social Media,Women 25-34,30 days,Website,0.03,"$10,981.00",4.58,Miami,Mandarin,390,6022,9,Outdoor Adventurers,2021-01-13
173771,Innovate Industries,Influencer,Men 25-34,45 days,YouTube,0.08,"$18,009.00",4.46,Chicago,French,689,6592,1,Outdoor Adventurers,2021-01-31
173775,Innovate Industries,Social Media,Women 25-34,30 days,YouTube,0.14,"$15,947.00",6.84,Miami,German,280,4707,8,Outdoor Adventurers,2021-02-04
173846,TechCorp,Social Media,Men 25-34,45 days,Email,0.15,"$5,741.00",4.69,Chicago,German,630,7588,6,Foodies,2021-04-16
173939,TechCorp,Influencer,All Ages,30 days,Facebook,0.13,"$19,277.00",7.53,Houston,Spanish,314,1438,2,Foodies,2021-07-18
173949,Innovate Industries,Search,Men 25-34,15 days,Facebook,0.04,"$9,340.00",2.88,Chicago,French,728,3561,10,Outdoor Adventurers,2021-07-28
173993,Alpha Innovations,Influencer,Women 25-34,30 days,Email,0.08,"$13,409.00",7.44,New York,Mandarin,698,4009,4,Health & Wellness,2021-09-10
174111,NexGen Systems,Social Media,Women 25-34,45 days,Google Ads,0.14,"$10,273.00",3.02,Houston,English,826,5996,5,Health & Wellness,2021-01-06
174161,TechCorp,Display,Women 35-44,15 days,Email,0.12,"$9,081.00",4.22,Houston,Mandarin,897,8926,9,Health & Wellness,2021-02-25
174164,Innovate Industries,Search,Women 35-44,60 days,Google Ads,0.09,"$7,173.00",3.78,Houston,Spanish,730,1559,10,Outdoor Adventurers,2021-02-28
174180,NexGen Systems,Social Media,All Ages,45 days,YouTube,0.07,"$11,939.00",2.01,Chicago,German,131,3407,10,Health & Wellness,2021-03-16
174191,DataTech Solutions,Influencer,Men 25-34,30 days,Facebook,0.1,"$14,444.00",7.29,New York,French,995,5341,3,Outdoor Adventurers,2021-03-27
174223,Innovate Industries,Search,All Ages,60 days,Email,0.11,"$10,549.00",5.94,New York,Mandarin,261,8446,5,Outdoor Adventurers,2021-04-28
174245,DataTech Solutions,Email,Men 18-24,30 days,Facebook,0.09,"$8,312.00",5.81,Chicago,French,973,6481,6,Health & Wellness,2021-05-20
174334,Innovate Industries,Social Media,Men 25-34,15 days,Facebook,0.08,"$8,956.00",2.42,Chicago,English,497,1262,5,Foodies,2021-08-17
174337,TechCorp,Influencer,All Ages,60 days,Facebook,0.11,"$12,504.00",6.98,Miami,French,244,4953,5,Foodies,2021-08-20
174340,Alpha Innovations,Search,Women 25-34,45 days,Email,0.09,"$7,508.00",2.2,Chicago,French,960,9729,5,Tech Enthusiasts,2021-08-23
174445,DataTech Solutions,Social Media,Men 18-24,15 days,YouTube,0.04,"$10,591.00",5.44,Miami,English,146,4999,4,Tech Enthusiasts,2021-12-06
174466,TechCorp,Social Media,Women 35-44,15 days,Instagram,0.03,"$14,270.00",4.35,Los Angeles,Mandarin,599,5619,2,Outdoor Adventurers,2021-12-27
174512,NexGen Systems,Influencer,Women 35-44,45 days,Instagram,0.11,"$11,981.00",2.07,Houston,French,309,5490,10,Foodies,2021-02-11
174578,DataTech Solutions,Email,Men 25-34,15 days,Website,0.08,"$5,610.00",5.67,New York,German,817,1428,6,Foodies,2021-04-18
174630,Innovate Industries,Social Media,Women 25-34,30 days,Email,0.11,"$6,885.00",6.76,Houston,German,912,4603,9,Foodies,2021-06-09
174658,Alpha Innovations,Social Media,Men 25-34,30 days,Instagram,0.13,"$7,217.00",2.43,Chicago,Mandarin,161,1099,3,Fashionistas,2021-07-07
174673,NexGen Systems,Search,Women 35-44,15 days,Email,0.09,"$17,373.00",3.94,Los Angeles,German,457,6047,9,Tech Enthusiasts,2021-07-22
174688,DataTech Solutions,Email,Women 35-44,45 days,Google Ads,0.1,"$11,821.00",7.07,Los Angeles,English,776,1178,10,Fashionistas,2021-08-06
174739,Alpha Innovations,Email,All Ages,30 days,Google Ads,0.1,"$5,850.00",3.72,Los Angeles,French,337,6848,1,Tech Enthusiasts,2021-09-26
174810,DataTech Solutions,Social Media,Women 35-44,45 days,Google Ads,0.13,"$14,117.00",5.93,Miami,English,875,3206,1,Tech Enthusiasts,2021-12-06
174853,DataTech Solutions,Search,Men 25-34,30 days,Email,0.14,"$16,709.00",7.62,New York,English,665,5917,1,Outdoor Adventurers,2021-01-18
174862,TechCorp,Display,Women 35-44,15 days,Email,0.1,"$11,007.00",5.1,Chicago,German,259,6232,8,Foodies,2021-01-27
174889,TechCorp,Influencer,Women 25-34,15 days,Google Ads,0.06,"$18,320.00",4.84,Chicago,Mandarin,404,1206,5,Fashionistas,2021-02-23
174935,NexGen Systems,Email,All Ages,60 days,Email,0.07,"$8,699.00",3.39,Houston,French,365,7188,3,Health & Wellness,2021-04-10
174962,TechCorp,Email,Women 35-44,60 days,Google Ads,0.12,"$10,733.00",5.87,Miami,French,567,4236,4,Fashionistas,2021-05-07
175019,TechCorp,Social Media,Men 18-24,30 days,Website,0.13,"$9,028.00",4.81,Miami,Mandarin,924,7006,9,Health & Wellness,2021-07-03
175061,Innovate Industries,Influencer,All Ages,15 days,YouTube,0.08,"$18,858.00",4.85,Miami,French,119,7538,3,Foodies,2021-08-14
175155,Innovate Industries,Influencer,Women 25-34,60 days,YouTube,0.04,"$9,193.00",7.45,Miami,French,353,7693,3,Foodies,2021-11-16
175195,Innovate Industries,Influencer,Men 18-24,30 days,Facebook,0.06,"$5,576.00",7.63,Houston,English,383,6519,5,Fashionistas,2021-12-26
175223,Alpha Innovations,Social Media,All Ages,30 days,Instagram,0.03,"$10,729.00",2.2,Houston,English,787,1917,10,Fashionistas,2021-01-23
175243,DataTech Solutions,Social Media,Women 35-44,45 days,Website,0.09,"$14,447.00",3.62,Miami,Mandarin,481,3672,8,Health & Wellness,2021-02-12
175292,TechCorp,Influencer,All Ages,45 days,Email,0.13,"$16,972.00",3.95,Houston,Spanish,490,5589,10,Foodies,2021-04-02
175298,NexGen Systems,Influencer,Women 25-34,45 days,YouTube,0.06,"$15,691.00",7.85,Miami,Spanish,358,5080,9,Foodies,2021-04-08
175413,NexGen Systems,Display,Women 35-44,30 days,Instagram,0.02,"$13,878.00",7.98,New York,Mandarin,951,8001,1,Tech Enthusiasts,2021-08-01
175512,Innovate Industries,Display,Men 18-24,15 days,Email,0.12,"$16,232.00",4.96,Chicago,Spanish,811,1713,4,Outdoor Adventurers,2021-11-08
175574,Alpha Innovations,Social Media,Men 25-34,45 days,Facebook,0.05,"$6,733.00",6.57,Chicago,French,650,6889,6,Health & Wellness,2021-01-09
175644,Innovate Industries,Display,All Ages,30 days,Google Ads,0.15,"$14,572.00",2.08,Houston,German,425,3519,1,Tech Enthusiasts,2021-03-20
175694,NexGen Systems,Search,Women 35-44,30 days,Website,0.07,"$12,703.00",4.9,New York,French,339,9716,3,Outdoor Adventurers,2021-05-09
175725,TechCorp,Influencer,Men 25-34,30 days,Website,0.13,"$5,852.00",5.86,Houston,French,277,4673,6,Fashionistas,2021-06-09
175743,DataTech Solutions,Display,All Ages,15 days,Facebook,0.13,"$14,203.00",2.84,Miami,Mandarin,369,5880,8,Health & Wellness,2021-06-27
175770,Innovate Industries,Email,Women 25-34,60 days,Email,0.05,"$9,713.00",4.93,New York,German,912,5562,4,Outdoor Adventurers,2021-07-24
175865,Alpha Innovations,Search,All Ages,15 days,Google Ads,0.03,"$14,957.00",7.85,Los Angeles,Mandarin,468,2121,3,Tech Enthusiasts,2021-10-27
175914,DataTech Solutions,Social Media,Women 25-34,30 days,YouTube,0.11,"$19,712.00",2.0,New York,English,597,8536,2,Health & Wellness,2021-12-15
175957,Innovate Industries,Social Media,All Ages,45 days,YouTube,0.14,"$5,961.00",5.58,Miami,Mandarin,618,9694,5,Tech Enthusiasts,2021-01-27
176034,Innovate Industries,Social Media,Men 18-24,60 days,Google Ads,0.05,"$14,385.00",5.57,New York,Mandarin,178,4302,4,Outdoor Adventurers,2021-04-14
176080,Alpha Innovations,Email,Women 25-34,30 days,Instagram,0.04,"$14,403.00",2.78,Houston,English,989,3628,3,Health & Wellness,2021-05-30
176094,Alpha Innovations,Email,Men 25-34,30 days,Google Ads,0.04,"$14,825.00",7.73,Chicago,Spanish,650,7681,1,Health & Wellness,2021-06-13
176139,DataTech Solutions,Display,All Ages,30 days,YouTube,0.03,"$15,816.00",5.45,Chicago,English,289,4237,10,Outdoor Adventurers,2021-07-28
176179,Innovate Industries,Social Media,Men 18-24,15 days,Facebook,0.12,"$11,389.00",4.26,Chicago,Spanish,239,9347,2,Foodies,2021-09-06
176220,Alpha Innovations,Email,Women 35-44,15 days,Google Ads,0.05,"$19,949.00",3.91,Los Angeles,Mandarin,837,1695,5,Foodies,2021-10-17
176297,TechCorp,Email,Men 18-24,45 days,Instagram,0.15,"$12,798.00",2.03,New York,French,188,2296,8,Health & Wellness,2021-01-02
176334,TechCorp,Social Media,Women 35-44,15 days,Instagram,0.04,"$17,702.00",3.43,Chicago,English,165,3278,8,Foodies,2021-02-08
176341,Innovate Industries,Social Media,All Ages,30 days,Email,0.03,"$6,106.00",6.68,Chicago,Spanish,596,2727,9,Tech Enthusiasts,2021-02-15
176351,Alpha Innovations,Social Media,Women 25-34,60 days,Google Ads,0.06,"$12,747.00",5.13,Chicago,Mandarin,611,3116,6,Outdoor Adventurers,2021-02-25
176419,NexGen Systems,Social Media,Women 35-44,60 days,Google Ads,0.02,"$14,221.00",7.7,Miami,English,935,9389,8,Health & Wellness,2021-05-04
176440,TechCorp,Influencer,Women 25-34,60 days,Email,0.12,"$18,214.00",5.96,Houston,Mandarin,943,3843,4,Health & Wellness,2021-05-25
176464,NexGen Systems,Display,Women 25-34,30 days,Email,0.14,"$15,606.00",5.64,Chicago,Mandarin,877,4191,8,Health & Wellness,2021-06-18
176592,Innovate Industries,Display,Women 25-34,60 days,YouTube,0.1,"$6,974.00",7.15,Houston,English,694,4529,4,Tech Enthusiasts,2021-10-24
176633,Innovate Industries,Email,All Ages,45 days,Google Ads,0.13,"$10,847.00",3.77,Chicago,German,379,1389,7,Foodies,2021-12-04
176671,TechCorp,Display,Men 18-24,60 days,Instagram,0.09,"$6,599.00",3.35,Miami,German,408,5235,9,Foodies,2021-01-11
176692,TechCorp,Display,Women 25-34,30 days,Facebook,0.1,"$14,573.00",6.14,Chicago,French,887,3366,9,Foodies,2021-02-01
176736,Innovate Industries,Display,Women 25-34,15 days,Instagram,0.04,"$19,067.00",4.91,Houston,Mandarin,124,7674,1,Outdoor Adventurers,2021-03-17
176758,TechCorp,Search,Women 35-44,30 days,Facebook,0.08,"$17,999.00",2.44,Houston,German,922,7523,10,Fashionistas,2021-04-08
176814,Alpha Innovations,Search,Women 25-34,15 days,YouTube,0.05,"$19,741.00",6.36,Miami,English,730,5940,3,Health & Wellness,2021-06-03
176829,TechCorp,Influencer,Men 25-34,30 days,Website,0.09,"$16,102.00",3.67,Miami,Mandarin,189,5985,1,Fashionistas,2021-06-18
176836,NexGen Systems,Search,Women 35-44,45 days,Email,0.05,"$10,725.00",7.2,Chicago,German,766,8184,4,Tech Enthusiasts,2021-06-25
176859,Innovate Industries,Display,Men 25-34,60 days,Facebook,0.09,"$9,417.00",7.69,New York,Spanish,398,2047,6,Fashionistas,2021-07-18
176907,Alpha Innovations,Social Media,Women 25-34,45 days,YouTube,0.08,"$18,517.00",5.17,Chicago,English,494,3928,9,Tech Enthusiasts,2021-09-04
177007,NexGen Systems,Influencer,Women 25-34,30 days,Website,0.13,"$5,916.00",6.01,Chicago,French,744,4774,10,Foodies,2021-12-13
177029,DataTech Solutions,Display,Women 35-44,30 days,Website,0.08,"$11,424.00",7.34,Houston,Spanish,702,5628,10,Tech Enthusiasts,2021-01-04
177063,DataTech Solutions,Search,Men 25-34,60 days,YouTube,0.14,"$10,198.00",2.81,New York,French,649,7495,9,Foodies,2021-02-07
177150,NexGen Systems,Social Media,Men 18-24,30 days,Email,0.13,"$14,795.00",3.01,Houston,French,159,1685,10,Health & Wellness,2021-05-05
177193,TechCorp,Influencer,All Ages,30 days,Instagram,0.06,"$17,939.00",7.91,Los Angeles,Spanish,371,7180,4,Tech Enthusiasts,2021-06-17
177243,Alpha Innovations,Display,Men 25-34,30 days,Email,0.02,"$9,991.00",2.57,Miami,Spanish,182,8425,1,Tech Enthusiasts,2021-08-06
177267,Alpha Innovations,Display,Women 25-34,30 days,Email,0.08,"$8,640.00",4.55,Houston,Spanish,495,5491,1,Fashionistas,2021-08-30
177326,Alpha Innovations,Social Media,Women 25-34,60 days,YouTube,0.09,"$18,187.00",2.46,New York,English,436,3687,10,Health & Wellness,2021-10-28
177339,Innovate Industries,Display,Women 25-34,60 days,Instagram,0.11,"$18,159.00",5.01,New York,English,770,5839,7,Foodies,2021-11-10
177400,DataTech Solutions,Social Media,Men 18-24,30 days,Google Ads,0.01,"$11,058.00",5.93,Miami,German,155,2822,6,Foodies,2021-01-10
177494,TechCorp,Search,Men 25-34,15 days,Website,0.1,"$13,371.00",6.98,Los Angeles,English,356,3373,4,Tech Enthusiasts,2021-04-14
177503,TechCorp,Social Media,Women 35-44,15 days,Facebook,0.12,"$9,122.00",2.11,Chicago,English,461,5158,9,Foodies,2021-04-23
177513,Alpha Innovations,Display,Women 25-34,60 days,Website,0.12,"$17,040.00",2.16,Los Angeles,Spanish,986,8808,7,Foodies,2021-05-03
177566,TechCorp,Display,Men 18-24,15 days,Facebook,0.1,"$17,699.00",6.47,Los Angeles,English,852,4983,6,Tech Enthusiasts,2021-06-25
177602,NexGen Systems,Influencer,Men 25-34,45 days,Website,0.04,"$16,093.00",5.58,Los Angeles,French,445,2562,5,Outdoor Adventurers,2021-07-31
177803,Innovate Industries,Email,Women 25-34,60 days,Facebook,0.05,"$5,622.00",2.15,New York,Spanish,896,3241,8,Tech Enthusiasts,2021-02-17
177808,NexGen Systems,Email,All Ages,60 days,Google Ads,0.11,"$12,938.00",6.89,Chicago,French,758,4785,7,Health & Wellness,2021-02-22
177874,Innovate Industries,Search,All Ages,30 days,Instagram,0.12,"$5,575.00",5.09,Los Angeles,French,855,7204,10,Foodies,2021-04-29
177941,NexGen Systems,Social Media,Women 25-34,45 days,Instagram,0.03,"$10,601.00",7.52,Chicago,German,573,7232,4,Fashionistas,2021-07-05
178024,Alpha Innovations,Social Media,All Ages,30 days,YouTube,0.12,"$7,564.00",6.1,Los Angeles,English,246,9079,2,Foodies,2021-09-26
178050,Alpha Innovations,Social Media,All Ages,60 days,Instagram,0.03,"$8,432.00",2.74,Chicago,English,301,5020,2,Fashionistas,2021-10-22
178079,TechCorp,Influencer,Men 25-34,15 days,Instagram,0.09,"$10,083.00",3.19,Chicago,English,107,4157,5,Fashionistas,2021-11-20
178116,Innovate Industries,Social Media,Men 18-24,60 days,Google Ads,0.1,"$17,352.00",5.85,New York,German,157,3864,4,Outdoor Adventurers,2021-12-27
178140,DataTech Solutions,Display,Women 25-34,60 days,Google Ads,0.11,"$5,102.00",6.68,Miami,English,494,4090,10,Foodies,2021-01-20
178200,TechCorp,Display,Women 35-44,15 days,Facebook,0.06,"$13,010.00",6.6,Houston,French,339,1388,3,Foodies,2021-03-21
178217,NexGen Systems,Social Media,Men 25-34,60 days,YouTube,0.07,"$8,743.00",4.42,New York,French,741,7008,10,Outdoor Adventurers,2021-04-07
178231,Alpha Innovations,Social Media,Men 25-34,15 days,Website,0.05,"$7,553.00",2.06,Houston,Spanish,368,9252,9,Health & Wellness,2021-04-21
178248,TechCorp,Display,Men 18-24,45 days,Facebook,0.05,"$11,318.00",6.78,New York,German,428,4274,8,Tech Enthusiasts,2021-05-08
178319,NexGen Systems,Influencer,Men 18-24,30 days,Google Ads,0.14,"$12,293.00",2.83,Chicago,English,939,1618,2,Health & Wellness,2021-07-18
178376,Innovate Industries,Display,Men 18-24,30 days,Email,0.01,"$18,247.00",7.23,Houston,French,714,1460,2,Foodies,2021-09-13
178411,NexGen Systems,Email,Women 35-44,45 days,YouTube,0.14,"$11,632.00",6.25,Los Angeles,French,821,2701,6,Fashionistas,2021-10-18
178427,Innovate Industries,Search,Men 18-24,45 days,Google Ads,0.13,"$10,913.00",3.95,Miami,Mandarin,727,5126,1,Fashionistas,2021-11-03
178434,DataTech Solutions,Influencer,Men 25-34,60 days,Instagram,0.12,"$5,290.00",6.44,Chicago,French,277,2166,9,Health & Wellness,2021-11-10
178443,Innovate Industries,Display,Women 35-44,60 days,Website,0.06,"$11,588.00",5.95,Los Angeles,French,668,2199,8,Fashionistas,2021-11-19
178490,NexGen Systems,Search,Women 25-34,30 days,Facebook,0.02,"$8,563.00",6.81,New York,German,455,6232,5,Foodies,2021-01-05
178505,Alpha Innovations,Influencer,Men 18-24,45 days,Email,0.05,"$9,317.00",7.61,Chicago,Mandarin,421,5276,6,Outdoor Adventurers,2021-01-20
178521,NexGen Systems,Social Media,Men 18-24,30 days,Facebook,0.11,"$19,389.00",7.48,Los Angeles,French,828,6978,5,Health & Wellness,2021-02-05
178532,TechCorp,Social Media,All Ages,45 days,Google Ads,0.07,"$16,076.00",5.03,Houston,Mandarin,458,2198,7,Health & Wellness,2021-02-16
178541,NexGen Systems,Email,All Ages,60 days,YouTube,0.09,"$9,559.00",4.47,Chicago,Mandarin,119,5316,10,Foodies,2021-02-25
178546,TechCorp,Display,Men 25-34,60 days,YouTube,0.04,"$16,704.00",5.68,Chicago,Mandarin,138,6652,1,Tech Enthusiasts,2021-03-02
178595,DataTech Solutions,Email,All Ages,15 days,Google Ads,0.02,"$9,604.00",4.54,Houston,Spanish,153,8049,10,Fashionistas,2021-04-20
178621,Innovate Industries,Social Media,Men 18-24,30 days,Google Ads,0.13,"$8,790.00",7.87,New York,English,962,5948,10,Foodies,2021-05-16
178639,Innovate Industries,Display,All Ages,15 days,Facebook,0.09,"$12,705.00",3.77,Chicago,English,161,9092,6,Outdoor Adventurers,2021-06-03
178648,NexGen Systems,Search,Women 25-34,45 days,Facebook,0.03,"$18,693.00",2.95,Chicago,French,943,5708,10,Health & Wellness,2021-06-12
178683,NexGen Systems,Social Media,Women 35-44,15 days,Email,0.03,"$5,898.00",7.73,Houston,Spanish,656,7700,2,Foodies,2021-07-17
178689,Innovate Industries,Display,Women 25-34,30 days,Website,0.14,"$11,485.00",6.64,Chicago,French,510,8949,9,Outdoor Adventurers,2021-07-23
178701,NexGen Systems,Influencer,Men 18-24,15 days,YouTube,0.11,"$16,310.00",3.99,Chicago,French,725,8268,3,Foodies,2021-08-04
178728,Alpha Innovations,Search,All Ages,15 days,Facebook,0.06,"$14,223.00",2.8,Houston,English,363,8493,1,Foodies,2021-08-31
178734,Innovate Industries,Social Media,Women 25-34,30 days,YouTube,0.1,"$12,357.00",7.54,Miami,English,446,4647,6,Outdoor Adventurers,2021-09-06
178750,Innovate Industries,Display,Men 25-34,60 days,YouTube,0.07,"$12,657.00",6.62,Los Angeles,Mandarin,551,7274,1,Foodies,2021-09-22
178793,Alpha Innovations,Search,Men 18-24,60 days,Email,0.03,"$11,969.00",6.79,Houston,Mandarin,527,4391,1,Foodies,2021-11-04
178798,TechCorp,Social Media,Men 25-34,30 days,Instagram,0.03,"$10,904.00",3.02,New York,French,253,4695,3,Fashionistas,2021-11-09
178803,TechCorp,Social Media,Men 25-34,30 days,Google Ads,0.1,"$16,849.00",3.74,Chicago,English,912,2384,6,Outdoor Adventurers,2021-11-14
178810,Innovate Industries,Display,Men 25-34,60 days,Facebook,0.03,"$6,664.00",3.4,Houston,Mandarin,587,4245,9,Outdoor Adventurers,2021-11-21
178820,TechCorp,Influencer,Women 25-34,60 days,YouTube,0.07,"$15,139.00",6.86,Miami,Spanish,831,3838,4,Health & Wellness,2021-12-01
178896,TechCorp,Display,All Ages,15 days,YouTube,0.01,"$10,697.00",5.95,Houston,Spanish,526,1828,2,Outdoor Adventurers,2021-02-15
178935,Innovate Industries,Display,Women 35-44,15 days,Google Ads,0.15,"$16,737.00",2.32,Chicago,German,849,9264,6,Outdoor Adventurers,2021-03-26
178998,Alpha Innovations,Influencer,All Ages,60 days,Facebook,0.06,"$19,648.00",7.17,Houston,French,720,2862,3,Foodies,2021-05-28
179077,TechCorp,Influencer,All Ages,15 days,Website,0.14,"$6,669.00",4.82,Chicago,Mandarin,899,5101,9,Health & Wellness,2021-08-15
179102,DataTech Solutions,Email,Men 18-24,15 days,Instagram,0.03,"$13,246.00",4.33,Houston,English,605,2624,5,Tech Enthusiasts,2021-09-09
179127,DataTech Solutions,Email,Women 25-34,60 days,Instagram,0.09,"$8,090.00",4.24,New York,Spanish,146,6571,7,Foodies,2021-10-04
179128,TechCorp,Influencer,Men 25-34,45 days,Facebook,0.04,"$17,774.00",2.95,Chicago,English,405,3064,10,Health & Wellness,2021-10-05
179166,NexGen Systems,Email,All Ages,30 days,Website,0.1,"$17,457.00",2.82,New York,Spanish,985,3299,5,Tech Enthusiasts,2021-11-12
179254,DataTech Solutions,Email,Men 25-34,60 days,YouTube,0.04,"$5,389.00",5.85,Houston,French,290,6915,8,Tech Enthusiasts,2021-02-08
179331,NexGen Systems,Search,Men 25-34,15 days,Instagram,0.02,"$14,616.00",2.13,Miami,French,410,4265,7,Foodies,2021-04-26
179343,NexGen Systems,Influencer,Women 35-44,15 days,Email,0.06,"$11,229.00",7.72,Chicago,Mandarin,539,2603,1,Health & Wellness,2021-05-08
179356,DataTech Solutions,Social Media,Women 25-34,60 days,Google Ads,0.07,"$18,638.00",7.74,Chicago,English,266,7007,2,Tech Enthusiasts,2021-05-21
179391,TechCorp,Influencer,Men 18-24,45 days,Google Ads,0.04,"$11,351.00",2.22,Los Angeles,English,900,1585,2,Outdoor Adventurers,2021-06-25
179440,DataTech Solutions,Search,Men 25-34,45 days,Email,0.07,"$8,804.00",2.25,Miami,French,344,4910,4,Fashionistas,2021-08-13
179447,Innovate Industries,Social Media,Men 25-34,30 days,Instagram,0.05,"$19,845.00",7.23,Houston,English,385,7154,5,Tech Enthusiasts,2021-08-20
179456,TechCorp,Display,Women 25-34,15 days,Website,0.06,"$14,314.00",2.73,Chicago,English,970,5790,10,Tech Enthusiasts,2021-08-29
179476,DataTech Solutions,Influencer,Men 25-34,15 days,Google Ads,0.09,"$19,172.00",3.01,Miami,English,777,2203,2,Tech Enthusiasts,2021-09-18
179484,TechCorp,Influencer,Women 25-34,45 days,YouTube,0.08,"$14,779.00",7.53,Miami,Mandarin,184,2929,2,Foodies,2021-09-26
179536,NexGen Systems,Display,Men 18-24,30 days,Email,0.05,"$6,036.00",2.27,Houston,French,129,5231,1,Fashionistas,2021-11-17
179543,Alpha Innovations,Social Media,Men 18-24,30 days,YouTube,0.06,"$8,671.00",2.19,Los Angeles,Mandarin,146,8213,3,Tech Enthusiasts,2021-11-24
179556,TechCorp,Influencer,Women 35-44,45 days,Google Ads,0.06,"$17,692.00",6.98,Los Angeles,German,986,5907,2,Health & Wellness,2021-12-07
179561,Alpha Innovations,Email,Women 35-44,45 days,Email,0.12,"$6,194.00",2.4,New York,Spanish,484,8170,9,Health & Wellness,2021-12-12
179591,Innovate Industries,Email,Men 25-34,45 days,YouTube,0.03,"$8,465.00",4.33,Houston,Mandarin,165,6916,3,Tech Enthusiasts,2021-01-11
179602,NexGen Systems,Display,Men 18-24,45 days,Facebook,0.03,"$19,157.00",7.62,Chicago,French,394,8344,6,Health & Wellness,2021-01-22
179613,DataTech Solutions,Social Media,Men 25-34,30 days,Google Ads,0.11,"$15,395.00",5.39,Miami,English,137,1668,1,Outdoor Adventurers,2021-02-02
179687,Alpha Innovations,Display,Men 25-34,15 days,Instagram,0.1,"$11,117.00",4.23,New York,Mandarin,461,8058,7,Health & Wellness,2021-04-17
179699,TechCorp,Influencer,Women 35-44,45 days,Instagram,0.04,"$15,917.00",5.94,Miami,Mandarin,552,4768,10,Health & Wellness,2021-04-29
179739,DataTech Solutions,Email,Men 25-34,45 days,Email,0.13,"$6,777.00",5.5,New York,English,384,8504,3,Outdoor Adventurers,2021-06-08
179879,Alpha Innovations,Social Media,Women 25-34,45 days,Website,0.14,"$16,134.00",6.41,New York,English,142,5033,3,Tech Enthusiasts,2021-10-26
179977,DataTech Solutions,Influencer,Women 25-34,60 days,YouTube,0.15,"$16,565.00",7.48,Houston,Mandarin,642,4494,2,Foodies,2021-02-01
179994,Innovate Industries,Social Media,Men 18-24,15 days,Email,0.08,"$19,105.00",7.42,New York,Mandarin,561,6145,2,Health & Wellness,2021-02-18
180041,Alpha Innovations,Social Media,Men 18-24,60 days,YouTube,0.12,"$14,258.00",7.75,Chicago,German,230,5148,5,Tech Enthusiasts,2021-04-06
180174,TechCorp,Email,Women 25-34,45 days,YouTube,0.05,"$13,998.00",2.99,Miami,German,150,2588,9,Fashionistas,2021-08-17
180192,DataTech Solutions,Display,Men 18-24,15 days,Google Ads,0.09,"$12,351.00",3.01,Miami,Mandarin,122,5461,4,Health & Wellness,2021-09-04
180300,DataTech Solutions,Email,Men 25-34,30 days,Website,0.03,"$16,412.00",3.88,Chicago,German,785,4035,8,Health & Wellness,2021-12-21
180307,NexGen Systems,Email,All Ages,15 days,Google Ads,0.09,"$18,725.00",2.22,New York,Mandarin,761,2931,9,Outdoor Adventurers,2021-12-28
180309,Alpha Innovations,Social Media,Women 25-34,45 days,Instagram,0.12,"$9,309.00",6.88,Houston,Mandarin,601,9813,2,Foodies,2021-12-30
180314,DataTech Solutions,Email,Men 18-24,60 days,Facebook,0.12,"$14,830.00",4.58,New York,Spanish,585,4491,4,Foodies,2021-01-04
180316,Alpha Innovations,Display,All Ages,30 days,Website,0.05,"$13,282.00",5.49,Chicago,French,103,4587,6,Fashionistas,2021-01-06
180397,Alpha Innovations,Influencer,All Ages,60 days,Facebook,0.04,"$15,938.00",3.83,New York,German,372,7403,5,Health & Wellness,2021-03-28
180408,DataTech Solutions,Social Media,Women 25-34,45 days,Email,0.11,"$6,407.00",7.32,Miami,Spanish,537,9070,2,Fashionistas,2021-04-08
180473,TechCorp,Influencer,Men 25-34,30 days,Facebook,0.1,"$6,894.00",6.0,Houston,French,999,9781,5,Foodies,2021-06-12
180559,TechCorp,Influencer,All Ages,30 days,Facebook,0.06,"$12,241.00",2.52,Miami,German,353,7035,10,Tech Enthusiasts,2021-09-06
180571,NexGen Systems,Social Media,Women 35-44,45 days,Instagram,0.05,"$19,718.00",4.11,New York,French,423,1887,5,Foodies,2021-09-18
180582,NexGen Systems,Social Media,All Ages,60 days,Facebook,0.02,"$7,104.00",7.99,New York,Mandarin,104,7511,9,Tech Enthusiasts,2021-09-29
180628,DataTech Solutions,Influencer,Women 35-44,30 days,YouTube,0.04,"$19,596.00",4.61,Miami,German,256,1765,7,Foodies,2021-11-14
180697,Alpha Innovations,Search,Men 25-34,15 days,Facebook,0.11,"$6,642.00",3.57,Houston,Spanish,393,3294,3,Outdoor Adventurers,2021-01-22
180701,Innovate Industries,Display,All Ages,45 days,Facebook,0.06,"$11,994.00",5.56,Los Angeles,Spanish,895,8543,1,Fashionistas,2021-01-26
180735,DataTech Solutions,Display,Women 25-34,60 days,YouTube,0.02,"$18,388.00",3.9,Miami,Mandarin,945,1349,3,Fashionistas,2021-03-01
180789,Innovate Industries,Email,Women 25-34,30 days,Facebook,0.08,"$12,660.00",5.59,Miami,German,697,8762,5,Outdoor Adventurers,2021-04-24
180811,NexGen Systems,Display,Men 18-24,15 days,Website,0.11,"$5,143.00",5.76,New York,English,585,3646,9,Outdoor Adventurers,2021-05-16
180818,NexGen Systems,Influencer,Women 25-34,15 days,Email,0.02,"$6,363.00",6.18,New York,German,563,7329,8,Fashionistas,2021-05-23
180885,Alpha Innovations,Display,Women 35-44,60 days,Instagram,0.12,"$16,976.00",6.45,Houston,German,542,3716,9,Health & Wellness,2021-07-29
180945,Innovate Industries,Search,Men 25-34,60 days,Facebook,0.13,"$6,690.00",6.46,Chicago,German,646,4003,9,Fashionistas,2021-09-27
180952,DataTech Solutions,Search,Men 18-24,45 days,YouTube,0.03,"$12,359.00",7.58,Miami,Mandarin,707,2086,1,Health & Wellness,2021-10-04
180956,Innovate Industries,Social Media,Men 25-34,30 days,Email,0.1,"$12,791.00",2.92,Houston,Spanish,368,4924,4,Foodies,2021-10-08
180980,TechCorp,Email,Men 18-24,45 days,Website,0.11,"$14,305.00",2.8,Houston,English,867,4759,6,Foodies,2021-11-01
181044,Innovate Industries,Social Media,Women 35-44,45 days,YouTube,0.09,"$5,695.00",7.1,Miami,French,452,7860,4,Foodies,2021-01-04
181095,Alpha Innovations,Social Media,Women 35-44,60 days,Website,0.14,"$17,581.00",3.14,New York,German,299,7360,4,Foodies,2021-02-24
181125,Alpha Innovations,Email,Women 25-34,60 days,YouTube,0.13,"$13,032.00",4.55,New York,English,233,8697,6,Health & Wellness,2021-03-26
181149,DataTech Solutions,Display,Men 18-24,45 days,Website,0.03,"$12,592.00",3.15,Miami,Spanish,392,7254,1,Foodies,2021-04-19
181159,NexGen Systems,Email,All Ages,60 days,Facebook,0.05,"$6,671.00",4.55,Los Angeles,Mandarin,818,8792,3,Outdoor Adventurers,2021-04-29
181160,NexGen Systems,Social Media,Women 35-44,60 days,Instagram,0.09,"$15,795.00",2.08,Chicago,French,496,3058,1,Tech Enthusiasts,2021-04-30
181233,TechCorp,Social Media,All Ages,45 days,Email,0.08,"$14,116.00",2.83,Miami,French,246,2128,9,Fashionistas,2021-07-12
181255,Alpha Innovations,Display,Men 25-34,60 days,Google Ads,0.14,"$5,007.00",7.55,Miami,English,707,9853,10,Outdoor Adventurers,2021-08-03
181270,TechCorp,Social Media,Men 25-34,60 days,Instagram,0.11,"$18,696.00",6.9,Los Angeles,French,897,8625,1,Tech Enthusiasts,2021-08-18
181285,NexGen Systems,Influencer,Women 35-44,30 days,YouTube,0.11,"$6,994.00",4.84,Miami,Spanish,999,3701,8,Tech Enthusiasts,2021-09-02
181296,DataTech Solutions,Influencer,Women 35-44,15 days,Google Ads,0.03,"$13,717.00",2.85,Miami,French,102,5021,3,Fashionistas,2021-09-13
181427,DataTech Solutions,Search,Women 25-34,15 days,YouTube,0.03,"$18,956.00",7.06,Miami,Spanish,680,1067,1,Health & Wellness,2021-01-22
181439,TechCorp,Display,All Ages,60 days,Email,0.1,"$16,916.00",7.54,Los Angeles,German,321,3752,5,Outdoor Adventurers,2021-02-03
181460,Alpha Innovations,Search,Women 25-34,60 days,Email,0.06,"$17,394.00",7.75,New York,Mandarin,495,9922,7,Health & Wellness,2021-02-24
181464,DataTech Solutions,Influencer,All Ages,60 days,Google Ads,0.1,"$15,971.00",5.63,Houston,English,162,5794,1,Fashionistas,2021-02-28
181491,NexGen Systems,Social Media,Women 35-44,60 days,YouTube,0.1,"$8,157.00",2.37,Chicago,English,425,2222,1,Foodies,2021-03-27
181493,DataTech Solutions,Display,Women 35-44,15 days,Facebook,0.13,"$12,473.00",2.3,Los Angeles,Spanish,518,8180,10,Foodies,2021-03-29
181499,DataTech Solutions,Email,Women 25-34,15 days,Google Ads,0.02,"$14,905.00",7.44,Los Angeles,Spanish,504,5318,2,Outdoor Adventurers,2021-04-04
181545,Innovate Industries,Search,Women 35-44,30 days,Website,0.04,"$14,522.00",3.84,New York,German,934,4346,1,Health & Wellness,2021-05-20
181567,NexGen Systems,Email,Men 18-24,30 days,Facebook,0.07,"$13,118.00",2.18,Houston,German,946,2954,2,Foodies,2021-06-11
181583,TechCorp,Display,Women 25-34,15 days,Google Ads,0.03,"$18,492.00",4.07,New York,French,946,2663,2,Outdoor Adventurers,2021-06-27
181605,TechCorp,Influencer,All Ages,30 days,Website,0.12,"$18,842.00",7.53,Miami,English,626,4249,8,Fashionistas,2021-07-19
181635,TechCorp,Search,Men 25-34,30 days,Instagram,0.12,"$19,559.00",5.96,Chicago,German,547,4782,6,Fashionistas,2021-08-18
181672,Alpha Innovations,Influencer,All Ages,60 days,Website,0.12,"$11,955.00",5.73,Chicago,Spanish,545,2725,5,Health & Wellness,2021-09-24
181756,NexGen Systems,Search,Women 35-44,60 days,Google Ads,0.1,"$15,149.00",4.07,Los Angeles,German,507,9470,3,Health & Wellness,2021-12-17
181858,Innovate Industries,Display,All Ages,30 days,Website,0.13,"$9,602.00",4.86,Miami,Mandarin,223,5061,5,Fashionistas,2021-03-29
181860,Innovate Industries,Influencer,Men 25-34,60 days,Email,0.05,"$6,222.00",4.19,Los Angeles,German,103,5972,4,Tech Enthusiasts,2021-03-31
181867,Alpha Innovations,Display,Women 25-34,15 days,Website,0.03,"$11,152.00",7.14,New York,Mandarin,380,2751,7,Fashionistas,2021-04-07
181874,Alpha Innovations,Social Media,Women 25-34,15 days,YouTube,0.13,"$10,744.00",2.62,Miami,English,745,8203,3,Tech Enthusiasts,2021-04-14
181885,TechCorp,Influencer,Men 25-34,60 days,Instagram,0.13,"$5,700.00",7.17,Miami,German,617,3010,1,Fashionistas,2021-04-25
181904,DataTech Solutions,Search,Women 25-34,60 days,Google Ads,0.07,"$16,217.00",3.07,New York,Mandarin,672,4281,7,Foodies,2021-05-14
181908,NexGen Systems,Search,All Ages,60 days,YouTube,0.12,"$8,827.00",6.29,Los Angeles,Spanish,708,9141,9,Foodies,2021-05-18
181974,NexGen Systems,Email,Men 18-24,45 days,Google Ads,0.04,"$10,074.00",3.81,Chicago,German,724,1326,8,Fashionistas,2021-07-23
182016,Innovate Industries,Influencer,All Ages,45 days,Instagram,0.05,"$11,594.00",4.07,Houston,German,313,5330,4,Health & Wellness,2021-09-03
182092,Innovate Industries,Email,Men 18-24,15 days,Instagram,0.02,"$17,875.00",3.77,Miami,French,423,4445,9,Foodies,2021-11-18
182109,DataTech Solutions,Search,Women 25-34,60 days,Website,0.09,"$7,227.00",4.77,Houston,German,540,3859,8,Tech Enthusiasts,2021-12-05
182174,Alpha Innovations,Email,Men 18-24,30 days,Website,0.11,"$13,085.00",3.54,New York,French,468,6780,10,Health & Wellness,2021-02-08
182200,DataTech Solutions,Search,Men 25-34,60 days,Facebook,0.11,"$15,903.00",5.55,Chicago,English,145,1165,7,Health & Wellness,2021-03-06
182218,Innovate Industries,Search,Women 25-34,60 days,Website,0.07,"$14,026.00",4.13,New York,English,885,9005,7,Tech Enthusiasts,2021-03-24
182244,Innovate Industries,Email,Women 25-34,45 days,YouTube,0.12,"$5,128.00",7.07,New York,Spanish,536,5663,10,Health & Wellness,2021-04-19
182287,Innovate Industries,Search,Men 18-24,30 days,Google Ads,0.11,"$16,383.00",7.06,Miami,German,687,8155,7,Tech Enthusiasts,2021-06-01
182334,DataTech Solutions,Display,Women 25-34,15 days,Instagram,0.15,"$5,532.00",6.96,New York,Spanish,222,3067,2,Foodies,2021-07-18
182460,Innovate Industries,Email,Men 25-34,60 days,Email,0.1,"$8,916.00",2.21,New York,Spanish,859,3080,6,Outdoor Adventurers,2021-11-21
182509,TechCorp,Social Media,Women 35-44,30 days,Email,0.12,"$17,074.00",7.6,New York,Spanish,829,6922,5,Health & Wellness,2021-01-09
182528,NexGen Systems,Display,Men 25-34,45 days,Website,0.04,"$14,549.00",7.09,New York,Mandarin,393,3180,6,Tech Enthusiasts,2021-01-28
182598,Innovate Industries,Email,Women 35-44,30 days,Website,0.09,"$10,618.00",6.63,Houston,Spanish,969,9987,9,Foodies,2021-04-08
182608,DataTech Solutions,Social Media,All Ages,45 days,Email,0.02,"$12,921.00",5.65,Chicago,Mandarin,930,6170,2,Health & Wellness,2021-04-18
182768,Alpha Innovations,Email,Women 35-44,30 days,YouTube,0.12,"$5,436.00",6.4,Los Angeles,Mandarin,875,8065,9,Foodies,2021-09-25
182773,Alpha Innovations,Display,Women 25-34,60 days,Instagram,0.05,"$10,169.00",5.19,Miami,German,617,4433,5,Foodies,2021-09-30
182781,TechCorp,Email,Men 25-34,45 days,Google Ads,0.09,"$6,893.00",4.36,Houston,English,339,8175,1,Tech Enthusiasts,2021-10-08
182790,DataTech Solutions,Email,Women 35-44,30 days,Instagram,0.07,"$11,535.00",4.74,New York,French,752,2823,2,Health & Wellness,2021-10-17
182813,NexGen Systems,Display,Women 35-44,60 days,Email,0.08,"$19,689.00",2.57,Los Angeles,French,157,8546,7,Tech Enthusiasts,2021-11-09
182882,Alpha Innovations,Email,Women 35-44,45 days,Facebook,0.11,"$10,603.00",2.56,Chicago,English,649,2262,3,Outdoor Adventurers,2021-01-17
182901,NexGen Systems,Email,Women 25-34,60 days,Facebook,0.01,"$8,670.00",4.44,Miami,Mandarin,651,5573,6,Foodies,2021-02-05
182924,Innovate Industries,Search,Men 25-34,30 days,Facebook,0.03,"$16,601.00",2.41,New York,English,729,2878,3,Health & Wellness,2021-02-28
182954,TechCorp,Social Media,Men 25-34,15 days,Google Ads,0.08,"$5,970.00",5.16,Los Angeles,English,935,5219,7,Outdoor Adventurers,2021-03-30
182982,Alpha Innovations,Search,Women 25-34,60 days,Google Ads,0.07,"$9,312.00",5.87,Miami,Spanish,673,7555,2,Fashionistas,2021-04-27
182994,Innovate Industries,Email,All Ages,15 days,Website,0.13,"$11,511.00",6.35,New York,Spanish,613,5025,9,Foodies,2021-05-09
183030,Innovate Industries,Email,Women 35-44,45 days,Instagram,0.06,"$19,776.00",4.11,Chicago,Mandarin,648,6389,1,Outdoor Adventurers,2021-06-14
183060,Innovate Industries,Email,Women 35-44,15 days,Facebook,0.14,"$19,526.00",5.14,Chicago,Spanish,462,8584,10,Health & Wellness,2021-07-14
183102,Alpha Innovations,Influencer,Men 25-34,15 days,Website,0.06,"$6,575.00",3.38,Los Angeles,Mandarin,931,1192,2,Outdoor Adventurers,2021-08-25
183111,DataTech Solutions,Social Media,Men 18-24,15 days,YouTube,0.14,"$12,666.00",5.71,Houston,French,925,5396,9,Tech Enthusiasts,2021-09-03
183217,NexGen Systems,Social Media,All Ages,60 days,Email,0.01,"$14,284.00",7.21,Houston,German,287,1247,2,Fashionistas,2021-12-18
183253,TechCorp,Display,Women 25-34,15 days,Instagram,0.08,"$19,966.00",3.36,New York,French,986,4765,7,Health & Wellness,2021-01-23
183265,NexGen Systems,Influencer,Men 18-24,45 days,YouTube,0.03,"$14,156.00",5.67,Chicago,English,149,2343,3,Tech Enthusiasts,2021-02-04
183310,DataTech Solutions,Display,Men 18-24,60 days,Facebook,0.02,"$17,695.00",3.85,New York,French,619,1807,5,Outdoor Adventurers,2021-03-21
183477,Innovate Industries,Influencer,Men 18-24,45 days,Email,0.1,"$18,854.00",4.69,Los Angeles,English,768,6857,3,Outdoor Adventurers,2021-09-04
183609,TechCorp,Display,Women 35-44,45 days,Facebook,0.13,"$6,359.00",5.66,New York,Spanish,985,2272,6,Foodies,2021-01-14
183636,TechCorp,Search,Men 18-24,30 days,Facebook,0.13,"$19,717.00",2.48,Chicago,Mandarin,163,1233,3,Tech Enthusiasts,2021-02-10
183669,DataTech Solutions,Search,Women 35-44,60 days,Website,0.08,"$16,027.00",3.16,New York,English,800,6139,6,Outdoor Adventurers,2021-03-15
183694,Innovate Industries,Email,Men 18-24,45 days,Google Ads,0.13,"$18,152.00",3.93,Miami,Spanish,161,9117,3,Health & Wellness,2021-04-09
183708,TechCorp,Influencer,All Ages,60 days,YouTube,0.06,"$15,098.00",5.71,Los Angeles,Mandarin,119,9133,7,Foodies,2021-04-23
183710,TechCorp,Social Media,Women 25-34,15 days,Google Ads,0.01,"$18,543.00",5.31,Los Angeles,French,953,6190,8,Health & Wellness,2021-04-25
183751,NexGen Systems,Display,Women 35-44,30 days,Email,0.13,"$12,132.00",5.13,Miami,Mandarin,932,6100,7,Outdoor Adventurers,2021-06-05
183788,NexGen Systems,Display,All Ages,30 days,Facebook,0.12,"$15,405.00",7.54,Houston,French,155,8676,5,Outdoor Adventurers,2021-07-12
183798,NexGen Systems,Display,Women 25-34,15 days,Facebook,0.05,"$14,152.00",3.18,Chicago,Mandarin,536,1974,4,Health & Wellness,2021-07-22
183821,Innovate Industries,Search,Men 18-24,45 days,Website,0.06,"$17,852.00",6.42,Los Angeles,Spanish,725,8231,3,Health & Wellness,2021-08-14
183875,DataTech Solutions,Social Media,All Ages,60 days,Facebook,0.15,"$15,640.00",3.17,Los Angeles,Spanish,169,8549,1,Outdoor Adventurers,2021-10-07
183877,TechCorp,Influencer,Men 18-24,15 days,Email,0.13,"$11,838.00",4.1,Miami,English,695,7737,9,Fashionistas,2021-10-09
183883,NexGen Systems,Search,Women 35-44,60 days,Website,0.11,"$7,853.00",2.26,Los Angeles,German,371,1472,2,Tech Enthusiasts,2021-10-15
183894,TechCorp,Influencer,Women 35-44,45 days,Email,0.06,"$12,801.00",6.6,Miami,German,163,9131,3,Foodies,2021-10-26
183924,TechCorp,Influencer,Women 25-34,15 days,YouTube,0.09,"$11,982.00",2.02,Houston,Spanish,524,1093,5,Foodies,2021-11-25
183925,Alpha Innovations,Email,Women 35-44,30 days,YouTube,0.08,"$11,240.00",3.46,Houston,Spanish,195,8507,4,Fashionistas,2021-11-26
184032,Innovate Industries,Search,Women 35-44,45 days,Instagram,0.1,"$15,844.00",4.29,Los Angeles,Mandarin,625,4506,10,Health & Wellness,2021-03-13
184074,TechCorp,Email,Men 25-34,60 days,Google Ads,0.06,"$11,055.00",4.77,Houston,Spanish,373,1558,8,Fashionistas,2021-04-24
184116,Innovate Industries,Influencer,Men 25-34,15 days,Facebook,0.08,"$13,444.00",5.95,Chicago,German,174,2627,10,Health & Wellness,2021-06-05
184130,NexGen Systems,Display,Men 25-34,45 days,YouTube,0.07,"$8,229.00",5.49,Los Angeles,English,629,2120,2,Outdoor Adventurers,2021-06-19
184254,NexGen Systems,Email,Men 25-34,60 days,Google Ads,0.07,"$7,679.00",7.62,New York,Mandarin,659,3714,3,Outdoor Adventurers,2021-10-21
184307,Alpha Innovations,Search,Women 25-34,45 days,Website,0.14,"$9,145.00",4.76,Los Angeles,Mandarin,522,8658,8,Foodies,2021-12-13
184406,Innovate Industries,Display,All Ages,45 days,Website,0.02,"$5,349.00",4.99,Los Angeles,French,803,7126,2,Outdoor Adventurers,2021-03-22
184490,Alpha Innovations,Display,All Ages,60 days,Facebook,0.07,"$12,676.00",6.14,Chicago,English,675,5714,8,Tech Enthusiasts,2021-06-14
184500,DataTech Solutions,Email,Women 25-34,30 days,Website,0.14,"$16,877.00",4.1,Los Angeles,French,321,4422,8,Tech Enthusiasts,2021-06-24
184525,Innovate Industries,Display,Men 18-24,45 days,Google Ads,0.14,"$13,564.00",5.29,New York,English,126,5584,8,Tech Enthusiasts,2021-07-19
184672,Innovate Industries,Display,Men 18-24,30 days,Google Ads,0.12,"$18,994.00",3.48,Houston,Mandarin,107,4979,6,Tech Enthusiasts,2021-12-13
184724,Innovate Industries,Social Media,Men 18-24,45 days,Google Ads,0.11,"$18,953.00",6.58,Miami,English,943,3461,3,Foodies,2021-02-03
184789,NexGen Systems,Social Media,Men 18-24,60 days,YouTube,0.12,"$10,528.00",7.24,Miami,Mandarin,257,8151,5,Fashionistas,2021-04-09
184871,NexGen Systems,Display,Men 25-34,15 days,Website,0.15,"$12,973.00",6.42,Houston,English,759,8110,8,Foodies,2021-06-30
184897,NexGen Systems,Search,Men 18-24,30 days,Website,0.08,"$14,390.00",7.41,Miami,French,883,2868,5,Outdoor Adventurers,2021-07-26
184943,Alpha Innovations,Social Media,Women 35-44,60 days,YouTube,0.12,"$8,529.00",5.17,Chicago,German,839,1001,5,Tech Enthusiasts,2021-09-10
184986,DataTech Solutions,Influencer,All Ages,30 days,Website,0.11,"$12,735.00",2.7,Chicago,French,709,4898,6,Outdoor Adventurers,2021-10-23
184998,Alpha Innovations,Search,All Ages,30 days,Google Ads,0.03,"$8,566.00",4.27,New York,German,620,4691,1,Health & Wellness,2021-11-04
185004,NexGen Systems,Email,Women 35-44,15 days,Google Ads,0.03,"$19,437.00",2.36,Chicago,French,892,1768,5,Fashionistas,2021-11-10
185034,TechCorp,Display,Men 18-24,15 days,Instagram,0.14,"$15,696.00",6.76,New York,Mandarin,576,8212,7,Health & Wellness,2021-12-10
185074,NexGen Systems,Display,Women 35-44,45 days,Website,0.06,"$18,975.00",7.17,Houston,French,914,6909,6,Health & Wellness,2021-01-19
185095,TechCorp,Email,Men 25-34,60 days,Instagram,0.14,"$12,261.00",3.36,Houston,Mandarin,331,3579,1,Tech Enthusiasts,2021-02-09
185099,DataTech Solutions,Social Media,Women 25-34,60 days,Website,0.11,"$9,993.00",3.99,Miami,English,181,8676,8,Foodies,2021-02-13
185102,TechCorp,Display,All Ages,15 days,YouTube,0.14,"$13,277.00",4.07,Miami,Spanish,844,5947,8,Tech Enthusiasts,2021-02-16
185168,TechCorp,Social Media,Men 18-24,45 days,Facebook,0.12,"$9,615.00",6.28,Los Angeles,Mandarin,259,4449,5,Tech Enthusiasts,2021-04-23
185203,Alpha Innovations,Email,All Ages,45 days,Website,0.09,"$10,013.00",2.06,Los Angeles,English,226,6443,10,Health & Wellness,2021-05-28
185240,Alpha Innovations,Display,All Ages,30 days,Facebook,0.09,"$5,424.00",6.85,Los Angeles,Spanish,781,8209,6,Health & Wellness,2021-07-04
185267,DataTech Solutions,Display,Men 18-24,45 days,Google Ads,0.14,"$5,240.00",5.75,Chicago,German,883,8655,4,Foodies,2021-07-31
185302,NexGen Systems,Email,All Ages,15 days,Facebook,0.15,"$7,103.00",7.42,Chicago,French,971,6898,7,Fashionistas,2021-09-04
185307,DataTech Solutions,Search,Men 25-34,30 days,Website,0.07,"$10,843.00",5.3,Chicago,English,242,9330,8,Foodies,2021-09-09
185449,Alpha Innovations,Social Media,Women 25-34,30 days,Website,0.14,"$13,974.00",7.23,New York,English,455,3327,7,Health & Wellness,2021-01-29
185454,Innovate Industries,Social Media,Men 18-24,60 days,Facebook,0.05,"$10,398.00",6.94,New York,Spanish,429,8615,3,Fashionistas,2021-02-03
185531,Innovate Industries,Display,Women 25-34,15 days,Facebook,0.11,"$11,781.00",6.33,Los Angeles,Mandarin,946,6819,8,Foodies,2021-04-21
185557,TechCorp,Email,Women 25-34,30 days,Instagram,0.14,"$16,808.00",3.01,Los Angeles,French,285,3335,8,Outdoor Adventurers,2021-05-17
185597,NexGen Systems,Email,Women 35-44,45 days,Google Ads,0.09,"$18,685.00",5.89,Houston,French,380,8671,10,Outdoor Adventurers,2021-06-26
185599,TechCorp,Email,Men 25-34,15 days,Email,0.06,"$10,979.00",5.23,Chicago,German,268,4142,7,Outdoor Adventurers,2021-06-28
185644,DataTech Solutions,Influencer,Women 25-34,45 days,Facebook,0.07,"$14,885.00",5.84,New York,English,214,7667,3,Foodies,2021-08-12
185694,Alpha Innovations,Influencer,Men 25-34,15 days,Google Ads,0.09,"$7,928.00",2.89,Miami,English,575,2951,6,Health & Wellness,2021-10-01
185712,TechCorp,Social Media,All Ages,30 days,Facebook,0.13,"$12,812.00",7.14,Miami,Mandarin,254,9216,3,Tech Enthusiasts,2021-10-19
185714,TechCorp,Influencer,Men 18-24,45 days,Website,0.06,"$16,819.00",6.77,Houston,English,643,6681,8,Fashionistas,2021-10-21
185767,Innovate Industries,Social Media,Men 25-34,30 days,YouTube,0.09,"$18,004.00",7.56,Houston,French,845,9047,8,Outdoor Adventurers,2021-12-13
185793,NexGen Systems,Influencer,Women 25-34,30 days,Facebook,0.09,"$9,645.00",3.08,Los Angeles,German,601,2033,3,Fashionistas,2021-01-08
185900,Innovate Industries,Email,Women 25-34,45 days,Email,0.1,"$14,846.00",4.53,Miami,English,667,1522,10,Foodies,2021-04-25
185901,DataTech Solutions,Social Media,Women 35-44,30 days,Website,0.05,"$12,816.00",4.02,Houston,German,320,6443,1,Health & Wellness,2021-04-26
185916,Innovate Industries,Display,All Ages,60 days,Email,0.09,"$12,308.00",3.48,Los Angeles,Mandarin,824,2447,7,Fashionistas,2021-05-11
185951,Alpha Innovations,Display,Men 25-34,45 days,YouTube,0.06,"$19,235.00",2.23,Houston,French,555,4620,8,Fashionistas,2021-06-15
185973,Alpha Innovations,Email,Men 25-34,30 days,YouTube,0.13,"$18,257.00",3.63,Los Angeles,German,557,2650,4,Fashionistas,2021-07-07
186008,Innovate Industries,Email,Women 35-44,30 days,Email,0.05,"$8,983.00",4.55,Houston,German,638,9271,3,Foodies,2021-08-11
186031,TechCorp,Influencer,Women 25-34,30 days,Instagram,0.01,"$8,136.00",5.37,Los Angeles,Mandarin,265,6307,1,Outdoor Adventurers,2021-09-03
186043,Alpha Innovations,Display,Women 25-34,30 days,Google Ads,0.11,"$9,208.00",6.24,Houston,English,231,6731,6,Fashionistas,2021-09-15
186147,Innovate Industries,Search,Men 18-24,30 days,Google Ads,0.05,"$6,051.00",2.95,Miami,French,802,2061,4,Foodies,2021-12-28
186181,Innovate Industries,Display,Men 25-34,30 days,YouTube,0.1,"$13,449.00",3.46,Chicago,Spanish,691,1197,9,Foodies,2021-01-31
186199,Alpha Innovations,Influencer,Women 25-34,30 days,Facebook,0.14,"$15,546.00",7.0,Miami,English,626,5160,4,Foodies,2021-02-18
186378,Innovate Industries,Influencer,Men 18-24,60 days,Website,0.14,"$14,439.00",7.87,New York,English,431,9951,4,Tech Enthusiasts,2021-08-16
186380,Alpha Innovations,Influencer,Men 25-34,15 days,Google Ads,0.01,"$15,582.00",2.1,Los Angeles,German,870,8291,1,Health & Wellness,2021-08-18
186434,Innovate Industries,Search,All Ages,45 days,Instagram,0.02,"$8,295.00",2.53,Chicago,French,106,8986,9,Outdoor Adventurers,2021-10-11
186451,NexGen Systems,Display,Women 35-44,30 days,Instagram,0.07,"$5,760.00",2.53,Miami,English,476,2831,2,Fashionistas,2021-10-28
186514,Alpha Innovations,Social Media,Women 35-44,60 days,Google Ads,0.14,"$16,514.00",6.89,Chicago,Mandarin,403,9791,2,Tech Enthusiasts,2021-12-30
186610,Innovate Industries,Search,Women 35-44,60 days,Email,0.04,"$15,015.00",5.84,Los Angeles,English,137,8600,1,Outdoor Adventurers,2021-04-05
186631,DataTech Solutions,Search,Women 25-34,60 days,Facebook,0.03,"$9,972.00",2.66,Miami,Mandarin,127,6156,5,Fashionistas,2021-04-26
186675,TechCorp,Display,Women 25-34,30 days,Google Ads,0.12,"$17,817.00",6.15,Los Angeles,German,869,8175,3,Foodies,2021-06-09
186813,NexGen Systems,Social Media,All Ages,15 days,Facebook,0.08,"$9,649.00",5.17,Los Angeles,English,603,2085,4,Outdoor Adventurers,2021-10-25
186845,NexGen Systems,Search,Women 35-44,15 days,Email,0.11,"$16,147.00",3.12,Miami,French,694,5952,8,Fashionistas,2021-11-26
186871,NexGen Systems,Influencer,Men 18-24,15 days,Instagram,0.14,"$9,069.00",3.96,Houston,Spanish,997,2504,2,Health & Wellness,2021-12-22
186878,DataTech Solutions,Search,All Ages,60 days,Facebook,0.11,"$14,649.00",7.83,Houston,French,523,6374,4,Outdoor Adventurers,2021-12-29
186879,NexGen Systems,Social Media,Women 25-34,15 days,Website,0.1,"$9,074.00",4.23,Houston,English,922,9901,7,Fashionistas,2021-12-30
186918,Innovate Industries,Display,Women 25-34,30 days,YouTube,0.08,"$18,774.00",2.19,Miami,Mandarin,292,8493,9,Foodies,2021-02-07
186976,NexGen Systems,Influencer,Men 25-34,60 days,Email,0.12,"$9,517.00",7.16,New York,German,300,1528,7,Fashionistas,2021-04-06
187000,Innovate Industries,Influencer,Women 25-34,60 days,Instagram,0.06,"$12,259.00",3.83,Los Angeles,French,600,3946,2,Outdoor Adventurers,2021-04-30
187020,Innovate Industries,Email,Men 25-34,15 days,Google Ads,0.07,"$18,394.00",4.26,New York,English,466,5597,2,Fashionistas,2021-05-20
187059,NexGen Systems,Display,Men 25-34,30 days,Email,0.11,"$15,603.00",7.7,Houston,Spanish,440,3795,8,Fashionistas,2021-06-28
187062,NexGen Systems,Search,Men 25-34,30 days,YouTube,0.08,"$15,901.00",2.05,Houston,Spanish,266,6900,6,Outdoor Adventurers,2021-07-01
187099,DataTech Solutions,Email,Women 35-44,30 days,Google Ads,0.03,"$9,828.00",2.43,Los Angeles,German,409,2342,10,Health & Wellness,2021-08-07
187144,Alpha Innovations,Email,Women 25-34,45 days,Google Ads,0.05,"$9,687.00",7.14,New York,English,728,2390,3,Fashionistas,2021-09-21
187177,NexGen Systems,Social Media,Women 35-44,30 days,Google Ads,0.01,"$9,980.00",5.04,Los Angeles,Mandarin,485,6090,6,Outdoor Adventurers,2021-10-24
187189,Innovate Industries,Social Media,All Ages,15 days,Google Ads,0.03,"$7,238.00",4.35,New York,German,227,3906,2,Outdoor Adventurers,2021-11-05
187231,TechCorp,Search,All Ages,60 days,Website,0.1,"$10,935.00",4.52,Los Angeles,French,280,5054,8,Foodies,2021-12-17
187249,DataTech Solutions,Search,Men 18-24,30 days,Google Ads,0.14,"$13,107.00",5.87,Los Angeles,French,501,5856,2,Fashionistas,2021-01-04
187265,NexGen Systems,Email,Women 25-34,15 days,Website,0.12,"$13,954.00",7.9,Houston,German,382,5926,3,Fashionistas,2021-01-20
187275,Alpha Innovations,Influencer,All Ages,45 days,Google Ads,0.02,"$17,133.00",7.74,Houston,French,644,3522,8,Foodies,2021-01-30
187315,NexGen Systems,Email,Men 18-24,30 days,Instagram,0.14,"$12,532.00",7.7,Houston,Spanish,165,8505,3,Fashionistas,2021-03-11
187345,Innovate Industries,Influencer,Men 25-34,60 days,Facebook,0.07,"$15,165.00",3.92,Chicago,English,884,5682,3,Foodies,2021-04-10
187384,DataTech Solutions,Social Media,Men 18-24,15 days,YouTube,0.06,"$10,848.00",3.3,Houston,English,145,4016,6,Tech Enthusiasts,2021-05-19
187468,Innovate Industries,Influencer,All Ages,45 days,Email,0.01,"$18,476.00",7.12,Houston,Spanish,385,2382,10,Outdoor Adventurers,2021-08-11
187627,TechCorp,Display,Women 25-34,45 days,Email,0.11,"$8,633.00",4.62,Houston,French,964,8147,8,Foodies,2021-01-17
187649,DataTech Solutions,Display,Men 25-34,15 days,Email,0.04,"$9,000.00",3.43,Miami,Spanish,742,6546,10,Fashionistas,2021-02-08
187770,Innovate Industries,Social Media,All Ages,15 days,Facebook,0.02,"$13,938.00",6.51,Chicago,German,616,8494,6,Fashionistas,2021-06-09
187898,NexGen Systems,Display,Women 35-44,45 days,Facebook,0.14,"$18,728.00",6.08,Houston,Mandarin,536,7802,2,Outdoor Adventurers,2021-10-15
187910,Alpha Innovations,Social Media,Women 35-44,60 days,Website,0.15,"$5,089.00",2.22,Los Angeles,Spanish,868,1459,10,Health & Wellness,2021-10-27
187914,NexGen Systems,Social Media,Women 35-44,45 days,Website,0.04,"$14,284.00",2.99,Los Angeles,Mandarin,731,9469,9,Outdoor Adventurers,2021-10-31
187983,NexGen Systems,Email,Men 25-34,30 days,Facebook,0.07,"$14,414.00",5.34,Los Angeles,French,871,8918,10,Health & Wellness,2021-01-08
188045,NexGen Systems,Display,Men 18-24,15 days,Facebook,0.13,"$12,394.00",4.98,Chicago,German,823,8112,2,Fashionistas,2021-03-11
188064,Innovate Industries,Influencer,Men 18-24,45 days,Google Ads,0.07,"$16,232.00",2.17,New York,English,821,4050,9,Fashionistas,2021-03-30
188112,DataTech Solutions,Search,Men 25-34,15 days,Email,0.02,"$12,282.00",3.15,Houston,Spanish,633,3933,3,Health & Wellness,2021-05-17
188142,Innovate Industries,Display,Women 25-34,60 days,Email,0.12,"$5,140.00",3.88,New York,Spanish,586,3790,5,Fashionistas,2021-06-16
188164,NexGen Systems,Display,Women 25-34,30 days,Google Ads,0.03,"$6,143.00",3.68,Chicago,English,445,5149,4,Outdoor Adventurers,2021-07-08
188195,NexGen Systems,Influencer,Men 25-34,30 days,YouTube,0.05,"$19,344.00",6.82,Los Angeles,German,435,5526,8,Fashionistas,2021-08-08
188209,TechCorp,Display,Men 18-24,15 days,Email,0.13,"$8,716.00",2.2,Miami,Mandarin,943,7076,1,Outdoor Adventurers,2021-08-22
188292,Innovate Industries,Email,Men 18-24,30 days,Google Ads,0.11,"$19,258.00",6.53,Los Angeles,English,348,5325,2,Fashionistas,2021-11-13
188324,DataTech Solutions,Social Media,All Ages,45 days,Instagram,0.1,"$16,351.00",3.15,New York,Mandarin,573,3006,6,Health & Wellness,2021-12-15
188380,TechCorp,Influencer,All Ages,45 days,YouTube,0.02,"$10,427.00",4.32,New York,Spanish,979,3926,7,Tech Enthusiasts,2021-02-09
188386,NexGen Systems,Social Media,All Ages,60 days,Facebook,0.12,"$11,832.00",3.73,Houston,Spanish,366,3727,7,Foodies,2021-02-15
188411,DataTech Solutions,Email,All Ages,30 days,Facebook,0.03,"$16,775.00",4.02,Miami,Spanish,267,2855,1,Outdoor Adventurers,2021-03-12
188451,NexGen Systems,Influencer,Women 35-44,30 days,Google Ads,0.12,"$15,497.00",3.17,New York,Spanish,792,7081,2,Tech Enthusiasts,2021-04-21
188461,NexGen Systems,Influencer,Women 25-34,15 days,Email,0.03,"$18,138.00",7.12,Los Angeles,English,452,1795,6,Outdoor Adventurers,2021-05-01
188541,Innovate Industries,Social Media,Men 18-24,30 days,Google Ads,0.04,"$10,099.00",5.95,Los Angeles,English,638,1088,5,Health & Wellness,2021-07-20
188643,Alpha Innovations,Influencer,All Ages,15 days,Website,0.12,"$16,034.00",5.4,Los Angeles,Mandarin,210,3512,9,Tech Enthusiasts,2021-10-30
188649,NexGen Systems,Social Media,Women 35-44,15 days,Website,0.12,"$16,053.00",4.61,Houston,English,889,1553,10,Outdoor Adventurers,2021-11-05
188671,Alpha Innovations,Social Media,All Ages,60 days,Facebook,0.1,"$14,488.00",6.39,Los Angeles,Mandarin,772,2375,1,Health & Wellness,2021-11-27
188688,NexGen Systems,Influencer,Men 18-24,45 days,Email,0.15,"$7,997.00",2.64,Chicago,French,848,3178,2,Foodies,2021-12-14
188724,Innovate Industries,Influencer,All Ages,45 days,Facebook,0.09,"$8,636.00",2.35,Los Angeles,German,338,8879,8,Tech Enthusiasts,2021-01-19
188725,DataTech Solutions,Display,Women 25-34,45 days,Google Ads,0.12,"$10,722.00",3.94,Chicago,English,125,3727,5,Outdoor Adventurers,2021-01-20
188740,TechCorp,Search,Women 35-44,30 days,Instagram,0.08,"$15,521.00",6.68,Houston,French,405,6530,6,Health & Wellness,2021-02-04
188746,NexGen Systems,Search,All Ages,15 days,Website,0.07,"$10,140.00",7.49,Houston,Spanish,495,2644,9,Outdoor Adventurers,2021-02-10
188774,DataTech Solutions,Search,Women 35-44,30 days,Email,0.04,"$12,634.00",4.88,Miami,English,418,6563,1,Health & Wellness,2021-03-10
188876,Alpha Innovations,Social Media,Men 25-34,15 days,Google Ads,0.12,"$13,881.00",7.37,Miami,German,424,8561,4,Outdoor Adventurers,2021-06-20
188902,Alpha Innovations,Email,Women 25-34,45 days,Google Ads,0.12,"$6,866.00",6.94,Miami,German,874,4032,5,Outdoor Adventurers,2021-07-16
188917,TechCorp,Search,Women 25-34,30 days,Email,0.07,"$13,001.00",2.21,Chicago,French,826,1898,5,Foodies,2021-07-31
188990,Innovate Industries,Display,Men 25-34,30 days,Facebook,0.04,"$9,523.00",2.9,Miami,French,962,7777,10,Fashionistas,2021-10-12
189002,TechCorp,Email,Men 25-34,45 days,Facebook,0.02,"$13,482.00",2.3,Miami,German,724,5112,1,Foodies,2021-10-24
189052,Innovate Industries,Influencer,Women 35-44,30 days,Google Ads,0.1,"$8,287.00",5.42,Houston,Mandarin,953,5510,10,Tech Enthusiasts,2021-12-13
189058,Innovate Industries,Social Media,Women 35-44,30 days,Email,0.08,"$6,211.00",7.8,New York,Spanish,755,6309,1,Tech Enthusiasts,2021-12-19
189144,NexGen Systems,Social Media,Women 35-44,30 days,Facebook,0.1,"$11,544.00",6.95,Los Angeles,Mandarin,685,3527,7,Fashionistas,2021-03-15
189157,DataTech Solutions,Email,All Ages,30 days,Email,0.07,"$14,608.00",7.22,New York,French,149,7776,9,Outdoor Adventurers,2021-03-28
189204,NexGen Systems,Social Media,All Ages,45 days,Instagram,0.01,"$6,979.00",6.32,New York,English,809,1875,8,Fashionistas,2021-05-14
189213,Alpha Innovations,Email,Men 25-34,30 days,Email,0.03,"$16,212.00",4.88,Los Angeles,German,424,3346,4,Health & Wellness,2021-05-23
189256,Innovate Industries,Display,Women 25-34,45 days,Facebook,0.07,"$7,424.00",5.08,Houston,Mandarin,139,1168,8,Foodies,2021-07-05
189277,Innovate Industries,Display,Women 25-34,45 days,Instagram,0.1,"$17,231.00",2.79,Los Angeles,Mandarin,471,5353,2,Outdoor Adventurers,2021-07-26
189333,Innovate Industries,Social Media,Men 18-24,60 days,Instagram,0.13,"$15,356.00",7.73,Los Angeles,Spanish,838,9838,1,Foodies,2021-09-20
189337,TechCorp,Display,Men 25-34,60 days,YouTube,0.03,"$5,124.00",6.02,Los Angeles,French,401,9601,8,Outdoor Adventurers,2021-09-24
189400,NexGen Systems,Display,Women 25-34,45 days,Instagram,0.14,"$17,146.00",7.76,Chicago,English,620,1422,3,Outdoor Adventurers,2021-11-26
189437,Alpha Innovations,Search,Women 25-34,60 days,Website,0.03,"$12,158.00",7.97,New York,English,266,4237,10,Tech Enthusiasts,2021-01-02
189506,DataTech Solutions,Email,Men 18-24,30 days,YouTube,0.03,"$19,155.00",7.51,Houston,Spanish,485,8903,1,Outdoor Adventurers,2021-03-12
189524,DataTech Solutions,Influencer,Women 25-34,30 days,Website,0.09,"$12,045.00",2.19,Miami,German,386,7421,8,Outdoor Adventurers,2021-03-30
189681,Alpha Innovations,Influencer,Men 18-24,30 days,Website,0.1,"$10,841.00",6.91,New York,French,268,8203,5,Fashionistas,2021-09-03
189694,Alpha Innovations,Influencer,Men 18-24,45 days,YouTube,0.08,"$10,856.00",7.16,New York,Mandarin,848,7453,3,Outdoor Adventurers,2021-09-16
189737,Innovate Industries,Search,All Ages,60 days,Google Ads,0.03,"$13,624.00",6.18,Miami,Mandarin,694,8542,7,Fashionistas,2021-10-29
189954,TechCorp,Display,All Ages,45 days,Google Ads,0.05,"$16,654.00",2.37,New York,Spanish,793,9770,1,Foodies,2021-06-03
189988,TechCorp,Display,Men 18-24,45 days,YouTube,0.14,"$19,949.00",6.87,Houston,Spanish,719,4283,6,Outdoor Adventurers,2021-07-07
190022,NexGen Systems,Email,Women 25-34,30 days,Website,0.02,"$13,692.00",7.29,Miami,German,833,2091,1,Tech Enthusiasts,2021-08-10
190202,DataTech Solutions,Email,Men 25-34,15 days,Email,0.11,"$8,307.00",6.69,Chicago,French,214,1322,6,Outdoor Adventurers,2021-02-06
190214,NexGen Systems,Search,Men 25-34,15 days,Instagram,0.03,"$10,950.00",5.08,Chicago,Mandarin,633,8155,6,Fashionistas,2021-02-18
190221,NexGen Systems,Search,All Ages,60 days,Instagram,0.11,"$8,481.00",3.2,Los Angeles,German,530,3990,8,Foodies,2021-02-25
190236,Innovate Industries,Display,Women 25-34,60 days,Email,0.12,"$9,924.00",2.12,Miami,German,798,7109,6,Fashionistas,2021-03-12
190255,NexGen Systems,Influencer,Men 18-24,15 days,YouTube,0.15,"$11,634.00",5.33,Miami,Spanish,890,9744,8,Foodies,2021-03-31
190285,Alpha Innovations,Search,Women 35-44,60 days,Website,0.09,"$10,677.00",7.56,New York,English,729,2731,8,Fashionistas,2021-04-30
190311,DataTech Solutions,Display,Women 25-34,15 days,Email,0.09,"$6,416.00",2.5,New York,Mandarin,470,5689,9,Tech Enthusiasts,2021-05-26
190324,Alpha Innovations,Influencer,Women 35-44,45 days,Email,0.06,"$8,039.00",6.39,Houston,Spanish,750,8332,1,Health & Wellness,2021-06-08
190346,TechCorp,Email,All Ages,30 days,YouTube,0.11,"$9,324.00",4.02,New York,Spanish,639,4872,1,Foodies,2021-06-30
190404,Innovate Industries,Display,Men 18-24,60 days,Website,0.04,"$8,250.00",8.0,New York,Mandarin,417,2372,2,Outdoor Adventurers,2021-08-27
190405,TechCorp,Social Media,Men 25-34,60 days,Email,0.01,"$12,750.00",6.46,New York,English,214,9643,10,Outdoor Adventurers,2021-08-28
190433,Alpha Innovations,Display,Men 18-24,30 days,Instagram,0.04,"$5,279.00",2.61,Chicago,French,560,9825,3,Foodies,2021-09-25
190500,DataTech Solutions,Social Media,Men 25-34,60 days,YouTube,0.14,"$13,357.00",3.41,Houston,French,780,6051,4,Foodies,2021-12-01
190536,Alpha Innovations,Influencer,Men 25-34,45 days,Google Ads,0.08,"$15,275.00",2.03,Miami,Spanish,555,1161,10,Health & Wellness,2021-01-06
190606,NexGen Systems,Influencer,All Ages,30 days,Website,0.07,"$14,236.00",7.11,Miami,English,106,4036,9,Foodies,2021-03-17
190615,DataTech Solutions,Search,All Ages,60 days,Google Ads,0.15,"$12,920.00",5.15,Houston,English,856,1099,10,Fashionistas,2021-03-26
190679,DataTech Solutions,Display,Women 25-34,60 days,Website,0.01,"$18,140.00",3.88,Los Angeles,Mandarin,848,9320,2,Foodies,2021-05-29
190714,DataTech Solutions,Social Media,Men 25-34,45 days,Email,0.07,"$19,726.00",5.57,Miami,Mandarin,178,3508,10,Fashionistas,2021-07-03
190727,Innovate Industries,Email,Women 25-34,30 days,YouTube,0.09,"$10,576.00",5.18,Houston,English,285,8429,1,Fashionistas,2021-07-16
190745,DataTech Solutions,Email,Women 35-44,30 days,Google Ads,0.07,"$6,461.00",4.64,Miami,German,646,3975,7,Foodies,2021-08-03
190746,NexGen Systems,Email,Men 25-34,60 days,YouTube,0.08,"$9,128.00",5.52,Houston,English,729,4287,7,Health & Wellness,2021-08-04
190795,NexGen Systems,Search,Women 35-44,45 days,YouTube,0.04,"$5,631.00",5.69,Los Angeles,English,543,5563,5,Outdoor Adventurers,2021-09-22
190825,Innovate Industries,Display,Women 25-34,45 days,Facebook,0.05,"$16,328.00",3.38,New York,English,807,3011,1,Tech Enthusiasts,2021-10-22
190841,Innovate Industries,Social Media,Women 35-44,60 days,Website,0.02,"$16,800.00",5.76,Houston,Spanish,960,9941,7,Health & Wellness,2021-11-07
190854,TechCorp,Email,Women 25-34,15 days,Email,0.05,"$7,060.00",5.07,Los Angeles,English,289,7230,1,Outdoor Adventurers,2021-11-20
190943,Alpha Innovations,Search,All Ages,45 days,Instagram,0.05,"$13,811.00",3.14,Miami,Mandarin,658,3315,9,Foodies,2021-02-17
190986,NexGen Systems,Influencer,Men 25-34,30 days,Email,0.03,"$15,051.00",4.94,Chicago,Spanish,799,6116,3,Health & Wellness,2021-04-01
191053,TechCorp,Influencer,Men 25-34,45 days,Facebook,0.06,"$15,633.00",5.55,Chicago,French,713,2259,8,Health & Wellness,2021-06-07
191294,NexGen Systems,Influencer,Women 25-34,60 days,Instagram,0.07,"$17,847.00",6.86,Chicago,English,998,5441,9,Fashionistas,2021-02-03
191295,Alpha Innovations,Social Media,Women 25-34,15 days,Google Ads,0.13,"$6,972.00",6.91,Chicago,English,200,8359,5,Health & Wellness,2021-02-04
191418,Innovate Industries,Search,Men 18-24,15 days,Facebook,0.13,"$6,525.00",3.13,Houston,Spanish,489,4400,10,Outdoor Adventurers,2021-06-07
191429,NexGen Systems,Search,Women 25-34,60 days,Email,0.07,"$9,158.00",4.24,Los Angeles,English,178,8373,2,Outdoor Adventurers,2021-06-18
191467,Alpha Innovations,Search,Women 35-44,30 days,Google Ads,0.14,"$5,066.00",5.79,Houston,Mandarin,406,1616,6,Fashionistas,2021-07-26
191570,Alpha Innovations,Influencer,Women 35-44,30 days,Email,0.03,"$12,386.00",3.78,New York,Mandarin,753,8574,7,Outdoor Adventurers,2021-11-06
191641,Alpha Innovations,Search,Women 35-44,45 days,YouTube,0.05,"$7,430.00",4.7,Chicago,German,511,4182,4,Outdoor Adventurers,2021-01-16
191727,TechCorp,Email,Women 25-34,45 days,Email,0.04,"$16,592.00",5.08,New York,French,948,5676,7,Fashionistas,2021-04-12
191754,NexGen Systems,Social Media,Men 25-34,60 days,YouTube,0.12,"$12,785.00",2.63,Houston,French,695,6634,7,Tech Enthusiasts,2021-05-09
191755,NexGen Systems,Social Media,Men 25-34,30 days,Email,0.12,"$18,101.00",2.94,Houston,English,563,4672,4,Tech Enthusiasts,2021-05-10
191767,Alpha Innovations,Email,Men 18-24,30 days,Website,0.1,"$19,494.00",2.46,Chicago,German,688,5395,4,Outdoor Adventurers,2021-05-22
191784,DataTech Solutions,Social Media,All Ages,30 days,Google Ads,0.07,"$16,366.00",7.59,Los Angeles,English,588,8752,1,Tech Enthusiasts,2021-06-08
191798,DataTech Solutions,Email,All Ages,45 days,Website,0.09,"$11,163.00",4.82,Chicago,French,326,7549,2,Foodies,2021-06-22
191828,NexGen Systems,Email,Women 25-34,15 days,Website,0.1,"$11,979.00",6.65,Los Angeles,German,574,1265,3,Outdoor Adventurers,2021-07-22
191941,TechCorp,Search,All Ages,15 days,Facebook,0.05,"$17,286.00",4.15,Los Angeles,English,396,9140,1,Health & Wellness,2021-11-12
191983,Innovate Industries,Search,Women 35-44,45 days,Website,0.07,"$12,013.00",3.26,New York,German,126,4691,10,Tech Enthusiasts,2021-12-24
192023,TechCorp,Display,Men 18-24,60 days,YouTube,0.14,"$16,523.00",3.9,Houston,Mandarin,565,3204,8,Tech Enthusiasts,2021-02-02
192056,Innovate Industries,Display,All Ages,45 days,Website,0.13,"$5,971.00",7.88,Los Angeles,Mandarin,407,1330,8,Outdoor Adventurers,2021-03-07
192062,Alpha Innovations,Search,All Ages,45 days,Facebook,0.11,"$16,674.00",6.11,New York,Mandarin,511,1384,10,Foodies,2021-03-13
192087,Alpha Innovations,Display,Women 25-34,30 days,Website,0.08,"$19,968.00",4.9,Los Angeles,Mandarin,834,5672,8,Foodies,2021-04-07
192094,Innovate Industries,Email,Women 35-44,30 days,YouTube,0.01,"$14,372.00",4.34,Los Angeles,Mandarin,596,6882,10,Tech Enthusiasts,2021-04-14
192169,DataTech Solutions,Social Media,Men 18-24,15 days,Google Ads,0.15,"$5,500.00",2.19,Miami,Spanish,742,3578,3,Foodies,2021-06-28
192314,Alpha Innovations,Display,Women 25-34,15 days,Google Ads,0.12,"$16,148.00",2.92,Miami,Spanish,475,9282,10,Fashionistas,2021-11-20
192395,Innovate Industries,Search,All Ages,30 days,Email,0.04,"$9,376.00",2.02,Miami,German,434,6978,8,Health & Wellness,2021-02-09
192402,TechCorp,Search,All Ages,15 days,Facebook,0.14,"$7,921.00",3.84,New York,German,448,7859,5,Fashionistas,2021-02-16
192523,Innovate Industries,Search,Women 25-34,45 days,Facebook,0.07,"$8,351.00",2.72,Houston,Mandarin,508,8516,5,Health & Wellness,2021-06-17
192566,DataTech Solutions,Email,All Ages,60 days,Google Ads,0.02,"$6,167.00",7.14,Chicago,French,519,3567,8,Tech Enthusiasts,2021-07-30
192576,TechCorp,Social Media,Men 18-24,15 days,Google Ads,0.09,"$6,201.00",3.74,Los Angeles,German,585,5282,10,Outdoor Adventurers,2021-08-09
192621,TechCorp,Display,Men 25-34,15 days,Facebook,0.08,"$5,116.00",2.99,New York,Mandarin,195,9019,10,Health & Wellness,2021-09-23
192655,NexGen Systems,Influencer,All Ages,45 days,Google Ads,0.02,"$12,235.00",5.44,Houston,Spanish,193,9448,1,Health & Wellness,2021-10-27
192682,NexGen Systems,Email,Women 35-44,15 days,YouTube,0.06,"$18,878.00",4.01,Miami,German,207,6939,9,Outdoor Adventurers,2021-11-23
192729,Innovate Industries,Search,Men 18-24,30 days,Instagram,0.06,"$11,658.00",7.21,New York,French,565,2594,4,Foodies,2021-01-09
192785,Innovate Industries,Social Media,Women 25-34,15 days,Facebook,0.08,"$6,788.00",6.06,Chicago,English,781,9490,7,Outdoor Adventurers,2021-03-06
192799,TechCorp,Search,Women 35-44,60 days,Facebook,0.12,"$18,333.00",2.72,Los Angeles,French,544,4866,10,Outdoor Adventurers,2021-03-20
192862,Alpha Innovations,Social Media,Men 18-24,60 days,Google Ads,0.11,"$8,778.00",5.21,Los Angeles,Spanish,321,4599,8,Fashionistas,2021-05-22
192876,NexGen Systems,Email,Men 25-34,45 days,Facebook,0.04,"$9,242.00",7.38,Los Angeles,German,811,9662,8,Outdoor Adventurers,2021-06-05
192879,Alpha Innovations,Social Media,Men 18-24,15 days,Google Ads,0.14,"$7,674.00",6.23,Miami,English,708,3190,8,Health & Wellness,2021-06-08
192936,TechCorp,Social Media,Women 35-44,30 days,Google Ads,0.06,"$17,567.00",5.19,Houston,Mandarin,935,8615,5,Outdoor Adventurers,2021-08-04
192986,Innovate Industries,Search,Men 18-24,30 days,Google Ads,0.12,"$13,342.00",2.62,Chicago,French,707,8902,7,Fashionistas,2021-09-23
193039,TechCorp,Influencer,Men 18-24,15 days,Website,0.09,"$14,819.00",6.85,New York,English,194,9544,3,Outdoor Adventurers,2021-11-15
193061,DataTech Solutions,Influencer,Men 25-34,45 days,Website,0.13,"$8,582.00",7.83,Los Angeles,Mandarin,132,1432,1,Foodies,2021-12-07
193089,TechCorp,Search,All Ages,60 days,YouTube,0.07,"$11,549.00",2.44,New York,French,246,2481,4,Outdoor Adventurers,2021-01-04
193125,NexGen Systems,Social Media,Men 25-34,45 days,Facebook,0.13,"$18,062.00",5.56,Houston,Spanish,349,4290,9,Outdoor Adventurers,2021-02-09
193215,NexGen Systems,Email,Women 25-34,60 days,Instagram,0.08,"$10,211.00",4.87,Los Angeles,Spanish,826,8824,7,Foodies,2021-05-10
193226,DataTech Solutions,Email,Women 35-44,45 days,Instagram,0.11,"$17,431.00",2.91,Los Angeles,English,614,9448,4,Outdoor Adventurers,2021-05-21
193261,Innovate Industries,Display,Men 18-24,30 days,Instagram,0.08,"$15,339.00",6.77,Chicago,Spanish,619,2173,9,Health & Wellness,2021-06-25
193295,NexGen Systems,Display,Men 18-24,60 days,Email,0.12,"$17,155.00",3.95,Chicago,French,997,4542,2,Tech Enthusiasts,2021-07-29
193306,Innovate Industries,Display,Women 35-44,60 days,Google Ads,0.04,"$15,184.00",6.47,Miami,Spanish,362,2967,9,Tech Enthusiasts,2021-08-09
193320,TechCorp,Email,Women 25-34,60 days,YouTube,0.13,"$11,584.00",2.38,New York,Spanish,202,9600,9,Health & Wellness,2021-08-23
193328,NexGen Systems,Email,Women 35-44,45 days,Google Ads,0.03,"$16,233.00",7.57,Los Angeles,Spanish,106,1015,8,Foodies,2021-08-31
193361,DataTech Solutions,Email,All Ages,15 days,YouTube,0.05,"$5,798.00",4.74,Houston,English,196,4520,9,Health & Wellness,2021-10-03
193448,DataTech Solutions,Display,Women 35-44,30 days,Google Ads,0.03,"$15,492.00",4.41,Los Angeles,French,957,4078,8,Foodies,2021-12-29
193532,Alpha Innovations,Search,Women 25-34,45 days,Instagram,0.02,"$6,267.00",3.16,Houston,English,645,8120,2,Tech Enthusiasts,2021-03-23
193565,NexGen Systems,Display,Men 18-24,15 days,YouTube,0.02,"$9,718.00",2.64,Miami,French,654,2959,10,Outdoor Adventurers,2021-04-25
193633,DataTech Solutions,Display,Men 18-24,60 days,Facebook,0.15,"$15,596.00",3.29,Los Angeles,Mandarin,936,5180,4,Health & Wellness,2021-07-02
193638,Innovate Industries,Display,Women 25-34,30 days,Instagram,0.06,"$17,447.00",2.96,Chicago,Spanish,856,8586,5,Health & Wellness,2021-07-07
193676,TechCorp,Influencer,Men 18-24,15 days,Instagram,0.15,"$16,113.00",6.99,Houston,French,907,4834,3,Foodies,2021-08-14
193692,NexGen Systems,Display,Women 35-44,30 days,YouTube,0.14,"$9,681.00",5.26,Chicago,Spanish,946,5544,7,Outdoor Adventurers,2021-08-30
193697,DataTech Solutions,Display,Men 18-24,15 days,Google Ads,0.07,"$18,598.00",5.23,New York,Mandarin,525,3420,1,Tech Enthusiasts,2021-09-04
193698,Innovate Industries,Social Media,Women 35-44,60 days,Email,0.05,"$11,317.00",6.89,Miami,French,117,2361,9,Foodies,2021-09-05
193734,Innovate Industries,Email,All Ages,15 days,Website,0.05,"$12,799.00",6.92,Miami,English,242,8055,9,Fashionistas,2021-10-11
193750,NexGen Systems,Display,Women 25-34,45 days,Instagram,0.07,"$13,217.00",7.8,Chicago,English,428,6441,7,Health & Wellness,2021-10-27
193754,DataTech Solutions,Email,Men 25-34,30 days,Website,0.01,"$8,188.00",3.66,Los Angeles,English,555,4572,4,Foodies,2021-10-31
193759,Alpha Innovations,Email,Women 35-44,15 days,Instagram,0.01,"$10,656.00",7.2,Los Angeles,Mandarin,743,9326,10,Health & Wellness,2021-11-05
193833,DataTech Solutions,Display,Women 25-34,45 days,Website,0.14,"$7,755.00",4.9,Houston,English,224,9422,8,Health & Wellness,2021-01-18
193868,NexGen Systems,Display,Women 35-44,45 days,Email,0.1,"$18,004.00",4.27,New York,French,692,6107,1,Fashionistas,2021-02-22
193878,Innovate Industries,Social Media,Women 35-44,15 days,Email,0.09,"$5,697.00",3.39,Los Angeles,Mandarin,915,1143,8,Foodies,2021-03-04
193914,Alpha Innovations,Influencer,Women 35-44,45 days,Website,0.06,"$17,406.00",7.33,Miami,Spanish,625,7379,8,Tech Enthusiasts,2021-04-09
193928,DataTech Solutions,Display,Women 25-34,60 days,Website,0.06,"$6,993.00",4.24,New York,Mandarin,438,5490,9,Fashionistas,2021-04-23
193975,NexGen Systems,Influencer,Women 35-44,30 days,Website,0.03,"$8,449.00",5.19,Miami,English,346,4157,3,Tech Enthusiasts,2021-06-09
193986,NexGen Systems,Influencer,Men 25-34,60 days,Email,0.04,"$6,588.00",6.14,Houston,German,316,7845,7,Outdoor Adventurers,2021-06-20
193988,Alpha Innovations,Social Media,Men 18-24,30 days,Instagram,0.11,"$6,520.00",7.98,Miami,Mandarin,231,8864,7,Foodies,2021-06-22
194014,DataTech Solutions,Email,Women 25-34,60 days,Facebook,0.07,"$15,757.00",7.49,Houston,French,920,8337,2,Fashionistas,2021-07-18
194017,NexGen Systems,Display,All Ages,30 days,Website,0.09,"$18,944.00",6.09,New York,Spanish,127,1666,7,Fashionistas,2021-07-21
194025,Innovate Industries,Display,Women 25-34,15 days,Facebook,0.13,"$11,588.00",4.96,Miami,French,184,9381,8,Health & Wellness,2021-07-29
194026,Innovate Industries,Influencer,Men 18-24,15 days,Email,0.08,"$12,537.00",7.24,Los Angeles,German,632,9485,6,Tech Enthusiasts,2021-07-30
194081,DataTech Solutions,Influencer,Women 35-44,60 days,Facebook,0.11,"$16,195.00",7.93,New York,French,183,2575,7,Fashionistas,2021-09-23
194203,Innovate Industries,Search,Men 25-34,60 days,Email,0.05,"$7,103.00",3.97,Chicago,French,663,9215,4,Health & Wellness,2021-01-23
194204,TechCorp,Influencer,All Ages,45 days,Instagram,0.1,"$11,130.00",4.18,Miami,German,914,8057,4,Outdoor Adventurers,2021-01-24
194208,Alpha Innovations,Search,Women 25-34,60 days,Facebook,0.1,"$5,531.00",5.41,Chicago,German,729,8337,3,Health & Wellness,2021-01-28
194221,TechCorp,Search,Women 25-34,45 days,Email,0.08,"$6,915.00",4.08,Chicago,German,223,1673,1,Foodies,2021-02-10
194272,TechCorp,Social Media,Women 35-44,30 days,Google Ads,0.06,"$15,154.00",2.93,New York,French,522,2145,2,Fashionistas,2021-04-02
194293,Alpha Innovations,Social Media,Women 35-44,30 days,Instagram,0.03,"$8,523.00",7.68,Houston,English,801,5230,6,Tech Enthusiasts,2021-04-23
194298,TechCorp,Email,Men 18-24,45 days,Email,0.12,"$12,370.00",7.38,New York,Spanish,313,6594,2,Fashionistas,2021-04-28
194367,TechCorp,Social Media,Women 25-34,15 days,Google Ads,0.1,"$5,070.00",7.65,New York,French,789,3464,8,Foodies,2021-07-06
194403,Innovate Industries,Social Media,Women 25-34,15 days,Email,0.06,"$12,940.00",6.98,Chicago,German,219,3951,2,Foodies,2021-08-11
194413,TechCorp,Email,Women 25-34,30 days,Email,0.09,"$14,232.00",2.36,Miami,English,528,3623,4,Outdoor Adventurers,2021-08-21
194460,Alpha Innovations,Display,All Ages,60 days,Website,0.04,"$18,721.00",5.12,Los Angeles,Mandarin,735,2893,7,Foodies,2021-10-07
194469,NexGen Systems,Display,Men 25-34,45 days,Website,0.02,"$19,635.00",5.5,Chicago,Spanish,465,5065,9,Health & Wellness,2021-10-16
194573,DataTech Solutions,Search,Women 35-44,30 days,Instagram,0.13,"$17,147.00",4.18,Chicago,Spanish,658,2779,4,Tech Enthusiasts,2021-01-28
194576,Innovate Industries,Influencer,Men 25-34,30 days,Website,0.07,"$11,303.00",4.01,Chicago,Mandarin,696,3389,8,Tech Enthusiasts,2021-01-31
194634,NexGen Systems,Social Media,Men 25-34,15 days,Facebook,0.12,"$9,070.00",3.2,Chicago,Spanish,684,2718,3,Tech Enthusiasts,2021-03-30
194712,Innovate Industries,Social Media,Women 25-34,60 days,Facebook,0.01,"$11,628.00",3.76,New York,German,450,7831,5,Tech Enthusiasts,2021-06-16
194764,DataTech Solutions,Influencer,Women 35-44,60 days,Website,0.13,"$11,832.00",6.33,Los Angeles,French,432,1701,3,Fashionistas,2021-08-07
194821,Innovate Industries,Social Media,All Ages,15 days,Website,0.06,"$6,072.00",3.52,Houston,German,861,5802,10,Foodies,2021-10-03
194829,Alpha Innovations,Display,Men 18-24,45 days,Facebook,0.06,"$18,251.00",6.56,New York,Mandarin,573,2177,8,Health & Wellness,2021-10-11
194830,TechCorp,Social Media,All Ages,60 days,YouTube,0.13,"$8,064.00",3.04,Houston,German,772,5074,6,Health & Wellness,2021-10-12
194857,DataTech Solutions,Social Media,All Ages,45 days,Instagram,0.13,"$11,047.00",5.37,Miami,English,808,8352,3,Health & Wellness,2021-11-08
194875,NexGen Systems,Influencer,Women 25-34,15 days,Google Ads,0.14,"$18,566.00",6.9,Houston,German,451,9254,8,Tech Enthusiasts,2021-11-26
194961,Alpha Innovations,Social Media,Women 25-34,15 days,Email,0.14,"$5,254.00",7.94,New York,English,811,2454,2,Foodies,2021-02-20
194981,TechCorp,Influencer,Women 25-34,30 days,Instagram,0.03,"$9,275.00",4.59,New York,German,874,2653,8,Foodies,2021-03-12
195040,TechCorp,Search,Men 18-24,15 days,Google Ads,0.06,"$10,414.00",5.27,New York,German,972,5858,7,Tech Enthusiasts,2021-05-10
195041,TechCorp,Social Media,Women 35-44,15 days,Google Ads,0.12,"$7,942.00",5.13,Miami,German,863,8850,1,Foodies,2021-05-11
195046,TechCorp,Search,Men 25-34,30 days,Website,0.07,"$16,775.00",6.37,Los Angeles,English,671,7205,4,Health & Wellness,2021-05-16
195053,Innovate Industries,Email,Women 35-44,45 days,Email,0.07,"$12,784.00",2.79,Houston,French,401,1483,9,Foodies,2021-05-23
195156,Alpha Innovations,Influencer,Men 18-24,60 days,Instagram,0.08,"$9,647.00",5.91,Houston,English,676,4696,1,Foodies,2021-09-03
195164,TechCorp,Email,Women 35-44,60 days,Email,0.1,"$17,543.00",2.19,Chicago,English,879,3298,4,Fashionistas,2021-09-11
195171,NexGen Systems,Search,Women 25-34,60 days,Google Ads,0.15,"$13,991.00",7.53,Los Angeles,English,613,8377,10,Outdoor Adventurers,2021-09-18
195223,Alpha Innovations,Email,Men 18-24,15 days,YouTube,0.04,"$5,989.00",2.09,New York,German,329,6851,7,Health & Wellness,2021-11-09
195237,TechCorp,Display,Women 35-44,45 days,Google Ads,0.1,"$13,359.00",2.4,Houston,Mandarin,893,9264,3,Fashionistas,2021-11-23
195385,Alpha Innovations,Search,Women 25-34,15 days,YouTube,0.1,"$7,136.00",5.9,Los Angeles,German,363,8133,5,Fashionistas,2021-04-20
195431,NexGen Systems,Social Media,All Ages,60 days,Google Ads,0.14,"$5,432.00",7.54,Los Angeles,English,156,3552,9,Health & Wellness,2021-06-05
195541,Innovate Industries,Influencer,All Ages,45 days,Website,0.06,"$12,399.00",7.88,Chicago,Mandarin,249,3877,3,Foodies,2021-09-23
195590,NexGen Systems,Email,Women 25-34,45 days,Google Ads,0.11,"$17,820.00",6.33,New York,Mandarin,717,5186,9,Health & Wellness,2021-11-11
195598,TechCorp,Display,Women 25-34,45 days,YouTube,0.08,"$15,339.00",3.45,Miami,German,741,5467,1,Health & Wellness,2021-11-19
195695,Innovate Industries,Display,Women 25-34,30 days,Instagram,0.12,"$19,987.00",5.28,Miami,English,544,7823,3,Health & Wellness,2021-02-24
195719,DataTech Solutions,Social Media,Women 25-34,15 days,Email,0.07,"$17,694.00",7.94,Houston,French,785,5646,2,Tech Enthusiasts,2021-03-20
195733,TechCorp,Email,All Ages,60 days,Instagram,0.04,"$13,753.00",7.75,Miami,Mandarin,886,3871,4,Foodies,2021-04-03
195746,Innovate Industries,Influencer,Men 18-24,60 days,Email,0.07,"$8,540.00",7.77,Houston,English,961,7379,3,Health & Wellness,2021-04-16
195777,DataTech Solutions,Social Media,Men 18-24,15 days,Email,0.07,"$8,301.00",4.99,Miami,Spanish,531,8240,10,Foodies,2021-05-17
195782,TechCorp,Display,Women 35-44,60 days,YouTube,0.11,"$14,209.00",5.98,Los Angeles,French,366,2784,1,Health & Wellness,2021-05-22
195818,Innovate Industries,Social Media,Women 35-44,60 days,Google Ads,0.14,"$8,238.00",5.05,New York,English,273,6034,4,Foodies,2021-06-27
195878,Innovate Industries,Influencer,Women 25-34,30 days,Facebook,0.1,"$7,123.00",5.89,Miami,English,562,8464,5,Outdoor Adventurers,2021-08-26
195886,TechCorp,Social Media,Women 35-44,45 days,Google Ads,0.11,"$5,451.00",3.41,Houston,German,521,2055,9,Tech Enthusiasts,2021-09-03
195900,TechCorp,Email,All Ages,30 days,Instagram,0.08,"$10,766.00",3.56,New York,Spanish,609,7619,2,Health & Wellness,2021-09-17
195936,Innovate Industries,Search,Women 25-34,60 days,Facebook,0.12,"$8,588.00",4.94,Houston,Spanish,697,7874,4,Fashionistas,2021-10-23
196023,TechCorp,Influencer,Men 18-24,45 days,Google Ads,0.02,"$12,042.00",7.52,Chicago,French,598,5366,9,Health & Wellness,2021-01-18
196048,NexGen Systems,Search,Men 25-34,60 days,Email,0.08,"$19,449.00",2.79,Chicago,German,833,5680,9,Health & Wellness,2021-02-12
196097,Innovate Industries,Search,Men 25-34,60 days,Instagram,0.12,"$17,058.00",3.41,Houston,English,782,2772,2,Fashionistas,2021-04-02
196259,NexGen Systems,Social Media,Men 25-34,60 days,Website,0.01,"$6,967.00",7.71,Miami,Mandarin,299,4917,6,Outdoor Adventurers,2021-09-11
196294,NexGen Systems,Search,Women 25-34,30 days,Instagram,0.1,"$8,146.00",6.71,Houston,Spanish,104,8005,1,Outdoor Adventurers,2021-10-16
196322,TechCorp,Social Media,Men 25-34,15 days,YouTube,0.05,"$13,557.00",2.36,Chicago,English,528,9397,4,Fashionistas,2021-11-13
196450,Alpha Innovations,Search,Men 25-34,15 days,Facebook,0.07,"$6,816.00",5.53,Miami,Mandarin,830,9036,10,Health & Wellness,2021-03-21
196547,NexGen Systems,Email,Men 25-34,45 days,Facebook,0.01,"$13,243.00",4.47,Miami,French,166,1811,8,Fashionistas,2021-06-26
196587,Alpha Innovations,Email,Men 18-24,45 days,Website,0.08,"$13,580.00",3.66,Miami,Spanish,485,3166,5,Fashionistas,2021-08-05
196619,TechCorp,Social Media,Women 25-34,30 days,Facebook,0.07,"$19,236.00",2.37,Houston,Spanish,604,1960,6,Fashionistas,2021-09-06
196667,NexGen Systems,Display,All Ages,30 days,Website,0.03,"$5,025.00",2.18,Houston,Mandarin,668,9156,2,Health & Wellness,2021-10-24
196687,Alpha Innovations,Influencer,All Ages,30 days,Google Ads,0.1,"$15,306.00",3.41,Houston,Spanish,564,1027,10,Foodies,2021-11-13
196731,Alpha Innovations,Influencer,Men 18-24,30 days,YouTube,0.12,"$14,731.00",7.98,Los Angeles,German,121,4044,7,Tech Enthusiasts,2021-12-27
196742,Innovate Industries,Email,All Ages,60 days,Email,0.1,"$5,327.00",6.07,Chicago,French,632,6895,1,Fashionistas,2021-01-07
196751,Alpha Innovations,Email,Men 25-34,45 days,Facebook,0.07,"$19,461.00",4.37,Chicago,Mandarin,243,9474,4,Health & Wellness,2021-01-16
196774,DataTech Solutions,Social Media,Women 35-44,30 days,Website,0.14,"$8,436.00",3.45,Miami,Mandarin,469,6777,2,Tech Enthusiasts,2021-02-08
196797,Innovate Industries,Search,Women 25-34,45 days,YouTube,0.01,"$5,826.00",4.31,Houston,French,675,5035,6,Fashionistas,2021-03-03
196805,NexGen Systems,Display,Women 25-34,60 days,YouTube,0.09,"$5,199.00",5.26,Houston,German,433,5058,4,Foodies,2021-03-11
196852,TechCorp,Email,Women 25-34,60 days,Website,0.06,"$6,369.00",3.48,Miami,German,607,5347,5,Tech Enthusiasts,2021-04-27
196921,NexGen Systems,Social Media,Women 35-44,30 days,Website,0.08,"$12,525.00",4.5,Miami,German,144,9312,9,Foodies,2021-07-05
196999,TechCorp,Email,Men 18-24,15 days,Google Ads,0.03,"$9,793.00",7.74,Los Angeles,German,581,4946,2,Fashionistas,2021-09-21
197080,NexGen Systems,Email,Women 25-34,15 days,Instagram,0.13,"$15,610.00",2.17,Los Angeles,English,672,4918,8,Tech Enthusiasts,2021-12-11
197138,TechCorp,Social Media,All Ages,45 days,Facebook,0.13,"$18,759.00",2.75,Chicago,Mandarin,386,6614,7,Health & Wellness,2021-02-07
197248,DataTech Solutions,Search,Women 25-34,15 days,Instagram,0.06,"$15,447.00",2.9,Chicago,Spanish,118,8214,9,Outdoor Adventurers,2021-05-28
197262,TechCorp,Influencer,Men 25-34,60 days,Facebook,0.11,"$9,904.00",2.46,Houston,German,872,9407,5,Tech Enthusiasts,2021-06-11
197290,TechCorp,Email,Women 35-44,30 days,Facebook,0.05,"$10,372.00",5.39,Miami,Spanish,507,6048,5,Outdoor Adventurers,2021-07-09
197291,Innovate Industries,Display,Men 25-34,45 days,Google Ads,0.1,"$14,942.00",6.27,Los Angeles,Mandarin,209,9570,3,Tech Enthusiasts,2021-07-10
197307,Alpha Innovations,Social Media,Women 25-34,60 days,Email,0.13,"$10,054.00",5.89,New York,French,675,7506,9,Outdoor Adventurers,2021-07-26
197310,Innovate Industries,Social Media,Women 25-34,45 days,YouTube,0.07,"$5,653.00",2.1,Los Angeles,English,207,8048,3,Fashionistas,2021-07-29
197428,Alpha Innovations,Email,Men 25-34,15 days,Google Ads,0.08,"$14,218.00",4.7,Los Angeles,German,116,9812,7,Health & Wellness,2021-11-24
197466,Alpha Innovations,Display,Women 35-44,60 days,Facebook,0.09,"$14,066.00",2.98,Miami,French,196,5372,9,Outdoor Adventurers,2021-01-01
197590,Alpha Innovations,Social Media,All Ages,60 days,Facebook,0.04,"$8,036.00",3.46,Los Angeles,Spanish,915,2831,7,Outdoor Adventurers,2021-05-05
197598,Alpha Innovations,Display,All Ages,15 days,YouTube,0.09,"$17,196.00",5.21,Houston,Mandarin,908,1897,7,Fashionistas,2021-05-13
197782,NexGen Systems,Display,All Ages,45 days,Website,0.06,"$11,117.00",3.07,New York,English,994,9019,9,Foodies,2021-11-13
197786,NexGen Systems,Display,Men 18-24,60 days,Google Ads,0.15,"$9,936.00",6.13,New York,Spanish,181,4928,10,Tech Enthusiasts,2021-11-17
197794,Innovate Industries,Search,All Ages,45 days,YouTube,0.08,"$15,088.00",2.74,Los Angeles,French,876,6681,2,Outdoor Adventurers,2021-11-25
197863,TechCorp,Influencer,Men 25-34,45 days,Website,0.01,"$13,769.00",2.05,Chicago,English,881,6675,8,Outdoor Adventurers,2021-02-02
197918,DataTech Solutions,Influencer,Men 25-34,15 days,Facebook,0.1,"$5,580.00",6.7,Houston,Mandarin,825,9892,6,Tech Enthusiasts,2021-03-29
197926,NexGen Systems,Social Media,Men 18-24,30 days,YouTube,0.03,"$7,596.00",5.01,Los Angeles,German,340,9165,6,Foodies,2021-04-06
197967,DataTech Solutions,Search,Women 25-34,30 days,YouTube,0.06,"$5,611.00",6.46,Los Angeles,English,868,3489,2,Fashionistas,2021-05-17
198014,DataTech Solutions,Search,Men 18-24,30 days,Instagram,0.05,"$17,745.00",4.61,Chicago,English,597,7078,9,Fashionistas,2021-07-03
198045,NexGen Systems,Social Media,All Ages,30 days,YouTube,0.13,"$12,346.00",6.25,Miami,French,880,7979,6,Tech Enthusiasts,2021-08-03
198049,DataTech Solutions,Display,Men 18-24,60 days,Instagram,0.04,"$17,745.00",2.96,Chicago,Mandarin,245,6990,4,Foodies,2021-08-07
198058,TechCorp,Influencer,All Ages,15 days,Instagram,0.08,"$10,436.00",4.94,Miami,Mandarin,672,1073,6,Outdoor Adventurers,2021-08-16
198077,Innovate Industries,Email,All Ages,45 days,YouTube,0.12,"$7,311.00",2.88,Houston,German,447,7626,6,Foodies,2021-09-04
198115,Innovate Industries,Influencer,All Ages,45 days,Website,0.01,"$5,515.00",3.17,Houston,French,523,4150,7,Tech Enthusiasts,2021-10-12
198119,Alpha Innovations,Search,Women 25-34,60 days,Google Ads,0.04,"$11,001.00",5.25,Los Angeles,English,730,8276,5,Tech Enthusiasts,2021-10-16
198166,NexGen Systems,Social Media,All Ages,15 days,Email,0.02,"$15,640.00",4.28,Miami,French,381,1263,5,Fashionistas,2021-12-02
198189,Innovate Industries,Search,Men 25-34,60 days,Facebook,0.1,"$11,699.00",3.77,Los Angeles,Mandarin,751,5480,7,Fashionistas,2021-12-25
198271,DataTech Solutions,Email,Men 18-24,45 days,Facebook,0.04,"$8,374.00",4.14,Chicago,Mandarin,928,1861,5,Fashionistas,2021-03-17
198359,Alpha Innovations,Influencer,Women 25-34,60 days,Facebook,0.02,"$12,022.00",5.59,Miami,Spanish,847,2584,4,Health & Wellness,2021-06-13
198370,TechCorp,Email,All Ages,30 days,Email,0.02,"$13,180.00",6.83,Los Angeles,German,350,5157,10,Outdoor Adventurers,2021-06-24
198438,TechCorp,Influencer,Women 25-34,15 days,Facebook,0.11,"$9,069.00",6.2,Chicago,Spanish,635,8451,10,Tech Enthusiasts,2021-08-31
198444,NexGen Systems,Influencer,All Ages,30 days,YouTube,0.05,"$14,857.00",5.35,Houston,English,604,6763,6,Health & Wellness,2021-09-06
198466,Alpha Innovations,Social Media,Men 18-24,45 days,Email,0.1,"$11,300.00",6.53,Chicago,Spanish,416,8873,4,Outdoor Adventurers,2021-09-28
198514,Innovate Industries,Influencer,All Ages,15 days,Facebook,0.07,"$15,520.00",7.13,Los Angeles,Mandarin,549,3695,3,Tech Enthusiasts,2021-11-15
198521,Innovate Industries,Display,Men 18-24,30 days,YouTube,0.13,"$15,553.00",2.64,New York,Spanish,508,6120,9,Foodies,2021-11-22
198539,NexGen Systems,Email,Men 25-34,30 days,Google Ads,0.09,"$11,997.00",7.61,Houston,English,297,1426,8,Foodies,2021-12-10
198585,TechCorp,Search,All Ages,60 days,YouTube,0.06,"$17,145.00",4.54,Los Angeles,German,482,2207,4,Outdoor Adventurers,2021-01-25
198594,NexGen Systems,Email,Women 35-44,60 days,Instagram,0.07,"$13,651.00",4.95,Los Angeles,Spanish,962,8037,9,Foodies,2021-02-03
198624,NexGen Systems,Display,All Ages,60 days,Email,0.03,"$11,856.00",6.74,New York,Spanish,562,4736,1,Foodies,2021-03-05
198666,DataTech Solutions,Search,Men 18-24,60 days,Instagram,0.06,"$16,890.00",7.56,Chicago,English,809,7649,5,Foodies,2021-04-16
198692,TechCorp,Search,Men 25-34,45 days,Instagram,0.13,"$15,535.00",6.6,Miami,Mandarin,185,4259,4,Fashionistas,2021-05-12
198726,DataTech Solutions,Influencer,Men 25-34,30 days,Google Ads,0.11,"$15,811.00",6.36,Houston,English,567,2137,3,Foodies,2021-06-15
198734,Alpha Innovations,Email,All Ages,45 days,Facebook,0.06,"$7,862.00",5.69,Houston,Spanish,727,7179,2,Foodies,2021-06-23
198752,DataTech Solutions,Email,Men 25-34,30 days,Email,0.12,"$5,621.00",7.01,Chicago,English,655,5764,5,Health & Wellness,2021-07-11
198810,Alpha Innovations,Influencer,Men 18-24,30 days,Website,0.12,"$7,595.00",7.9,Chicago,German,605,2594,10,Tech Enthusiasts,2021-09-07
198811,DataTech Solutions,Influencer,Men 18-24,45 days,Google Ads,0.1,"$18,395.00",7.3,New York,Spanish,787,2949,6,Foodies,2021-09-08
198865,Innovate Industries,Social Media,Women 35-44,60 days,Instagram,0.06,"$15,329.00",3.02,Chicago,German,468,1417,5,Foodies,2021-11-01
198873,Alpha Innovations,Email,Women 35-44,30 days,Google Ads,0.13,"$11,603.00",3.19,New York,German,894,7599,9,Fashionistas,2021-11-09
198875,NexGen Systems,Social Media,Men 25-34,45 days,YouTube,0.09,"$19,046.00",6.81,Chicago,Spanish,962,8012,5,Foodies,2021-11-11
198894,TechCorp,Display,All Ages,45 days,Google Ads,0.02,"$13,799.00",2.21,Los Angeles,English,514,9799,1,Foodies,2021-11-30
198934,TechCorp,Influencer,Men 18-24,45 days,Google Ads,0.11,"$8,213.00",4.43,Los Angeles,English,300,1587,10,Tech Enthusiasts,2021-01-09
198941,Innovate Industries,Email,Women 25-34,60 days,Email,0.11,"$9,896.00",2.16,Houston,German,485,9985,9,Tech Enthusiasts,2021-01-16
198953,NexGen Systems,Display,Men 18-24,30 days,Email,0.02,"$11,954.00",3.49,Chicago,Mandarin,343,1005,7,Fashionistas,2021-01-28
199113,Innovate Industries,Influencer,Women 35-44,30 days,Google Ads,0.07,"$9,756.00",2.1,New York,Spanish,617,8641,4,Foodies,2021-07-07
199114,DataTech Solutions,Display,Men 18-24,30 days,YouTube,0.07,"$12,546.00",6.83,Houston,English,664,1416,9,Tech Enthusiasts,2021-07-08
199152,Alpha Innovations,Social Media,Women 35-44,30 days,Google Ads,0.02,"$15,239.00",7.78,Houston,German,185,9395,8,Fashionistas,2021-08-15
199175,DataTech Solutions,Email,Women 35-44,30 days,Email,0.08,"$13,349.00",6.34,Miami,Spanish,163,9891,1,Foodies,2021-09-07
199180,Alpha Innovations,Influencer,All Ages,45 days,Email,0.15,"$8,437.00",7.48,Houston,German,588,6364,4,Foodies,2021-09-12
199288,Innovate Industries,Email,Men 18-24,60 days,YouTube,0.14,"$13,148.00",2.98,New York,French,683,3698,1,Outdoor Adventurers,2021-12-29
199325,Innovate Industries,Email,All Ages,30 days,Email,0.14,"$19,761.00",5.58,New York,Spanish,449,3076,6,Fashionistas,2021-02-04
199370,TechCorp,Email,Women 25-34,30 days,YouTube,0.13,"$15,790.00",5.29,New York,German,974,1485,2,Tech Enthusiasts,2021-03-21
199393,NexGen Systems,Social Media,All Ages,45 days,Website,0.08,"$14,341.00",5.42,Chicago,Mandarin,836,6274,8,Outdoor Adventurers,2021-04-13
199418,DataTech Solutions,Search,Men 18-24,60 days,Google Ads,0.12,"$6,445.00",6.61,New York,French,681,1122,1,Outdoor Adventurers,2021-05-08
199582,NexGen Systems,Display,Men 25-34,60 days,Instagram,0.06,"$16,309.00",7.13,Miami,English,115,8437,3,Outdoor Adventurers,2021-10-19
199586,TechCorp,Display,Women 35-44,15 days,YouTube,0.12,"$13,142.00",6.61,Houston,English,593,7488,1,Health & Wellness,2021-10-23
199624,TechCorp,Influencer,All Ages,60 days,YouTube,0.08,"$16,751.00",4.06,Miami,Mandarin,838,1085,8,Foodies,2021-11-30
199720,Alpha Innovations,Search,Women 35-44,15 days,Facebook,0.15,"$11,698.00",6.96,Miami,Mandarin,245,9937,5,Outdoor Adventurers,2021-03-06
199760,Innovate Industries,Email,Men 18-24,60 days,YouTube,0.02,"$13,766.00",7.45,Los Angeles,Mandarin,942,9745,6,Outdoor Adventurers,2021-04-15
199779,DataTech Solutions,Email,Women 25-34,15 days,Email,0.05,"$14,386.00",5.61,Chicago,Spanish,947,2124,1,Health & Wellness,2021-05-04
199798,Innovate Industries,Display,All Ages,30 days,Website,0.11,"$18,417.00",6.7,Chicago,French,724,7043,8,Outdoor Adventurers,2021-05-23
199893,Alpha Innovations,Search,Women 25-34,30 days,Instagram,0.06,"$8,646.00",7.38,Chicago,French,613,2323,5,Foodies,2021-08-26
199894,Innovate Industries,Display,Women 35-44,15 days,Website,0.13,"$8,127.00",7.16,Chicago,Spanish,425,8097,3,Outdoor Adventurers,2021-08-27
199927,DataTech Solutions,Influencer,Men 18-24,60 days,Website,0.02,"$18,479.00",4.89,New York,English,843,9812,6,Fashionistas,2021-09-29
199931,Alpha Innovations,Email,Women 25-34,15 days,Instagram,0.11,"$7,063.00",7.85,Los Angeles,Mandarin,117,9582,1,Outdoor Adventurers,2021-10-03
199932,TechCorp,Social Media,Women 35-44,30 days,Email,0.13,"$17,179.00",7.98,New York,German,525,1069,5,Health & Wellness,2021-10-04
199977,TechCorp,Influencer,All Ages,15 days,YouTube,0.03,"$6,990.00",6.94,Miami,French,936,7350,9,Fashionistas,2021-11-18
199978,TechCorp,Search,Men 25-34,60 days,Email,0.01,"$18,132.00",5.44,Miami,Spanish,437,7333,8,Health & Wellness,2021-11-19
199998,DataTech Solutions,Social Media,Men 18-24,45 days,Website,0.05,"$13,397.00",3.25,New York,Mandarin,723,9548,3,Tech Enthusiasts,2021-12-09
